-- --------------------------------------------------------
-- 主机:                           127.0.0.1
-- 服务器版本:                        5.6.26 - MySQL Community Server (GPL)
-- 服务器操作系统:                      Win64
-- HeidiSQL 版本:                  9.3.0.4984
-- --------------------------------------------------------

/*!40101 SET @OLD_CHARACTER_SET_CLIENT=@@CHARACTER_SET_CLIENT */;
/*!40101 SET NAMES utf8mb4 */;
/*!40014 SET @OLD_FOREIGN_KEY_CHECKS=@@FOREIGN_KEY_CHECKS, FOREIGN_KEY_CHECKS=0 */;
/*!40101 SET @OLD_SQL_MODE=@@SQL_MODE, SQL_MODE='NO_AUTO_VALUE_ON_ZERO' */;

-- 导出  表 zhoushanland.area 结构
CREATE TABLE IF NOT EXISTS `area` (
  `ID` int(11) NOT NULL AUTO_INCREMENT,
  `Name` varchar(50) NOT NULL DEFAULT '0',
  `ParentID` int(11) NOT NULL DEFAULT '0',
  PRIMARY KEY (`ID`)
) ENGINE=InnoDB AUTO_INCREMENT=7 DEFAULT CHARSET=utf8;

-- 正在导出表  zhoushanland.area 的数据：~6 rows (大约)
/*!40000 ALTER TABLE `area` DISABLE KEYS */;
INSERT INTO `area` (`ID`, `Name`, `ParentID`) VALUES
	(1, '市本级', 0),
	(2, '新城', 1),
	(3, '定海区', 0),
	(4, '岱山县', 0),
	(5, '普陀区', 0),
	(6, '嵊泗县', 0);
/*!40000 ALTER TABLE `area` ENABLE KEYS */;


-- 导出  表 zhoushanland.form 结构
CREATE TABLE IF NOT EXISTS `form` (
  `ID` int(11) NOT NULL AUTO_INCREMENT,
  `Name` varchar(255) NOT NULL,
  `ValueTypes` varchar(50) NOT NULL,
  PRIMARY KEY (`ID`)
) ENGINE=InnoDB AUTO_INCREMENT=6 DEFAULT CHARSET=utf8;

-- 正在导出表  zhoushanland.form 的数据：~5 rows (大约)
/*!40000 ALTER TABLE `form` DISABLE KEYS */;
INSERT INTO `form` (`ID`, `Name`, `ValueTypes`) VALUES
	(1, '建设用地审批', '1'),
	(2, '建设用地供应', ''),
	(3, '土地储备情况（亩）', ''),
	(4, '舟山市建设项目用地预审审批情况', ''),
	(5, '政府储备土地情况', '1,4,5');
/*!40000 ALTER TABLE `form` ENABLE KEYS */;


-- 导出  表 zhoushanland.node 结构
CREATE TABLE IF NOT EXISTS `node` (
  `ID` int(11) NOT NULL AUTO_INCREMENT,
  `FormID` int(11) NOT NULL DEFAULT '0',
  `ParentID` int(11) NOT NULL DEFAULT '0',
  `Name` varchar(50) NOT NULL DEFAULT '0',
  `Group` varchar(50) DEFAULT NULL,
  PRIMARY KEY (`ID`),
  KEY `FormID` (`FormID`),
  KEY `ParentID` (`ParentID`)
) ENGINE=InnoDB AUTO_INCREMENT=67 DEFAULT CHARSET=utf8;

-- 正在导出表  zhoushanland.node 的数据：~56 rows (大约)
/*!40000 ALTER TABLE `node` DISABLE KEYS */;
INSERT INTO `node` (`ID`, `FormID`, `ParentID`, `Name`, `Group`) VALUES
	(1, 1, 0, '批准建设用地面积', NULL),
	(3, 1, 1, '新增建设用地', NULL),
	(4, 1, 3, '农用地', NULL),
	(5, 1, 4, '耕地', NULL),
	(6, 1, 3, '未利用地', NULL),
	(7, 1, 1, '城市分批次建设用地', NULL),
	(8, 1, 1, '单独选址建设用地', NULL),
	(9, 1, 8, '能源用地', NULL),
	(10, 1, 8, '交通运输用地', NULL),
	(11, 1, 8, '水利设施用地', NULL),
	(12, 1, 8, '其他用地', NULL),
	(13, 2, 0, '建设用地供应总量', NULL),
	(14, 2, 13, '新增建设用地', NULL),
	(15, 2, 13, '房地产用地', NULL),
	(16, 2, 13, '划拨面积', NULL),
	(17, 2, 15, '商服用地', NULL),
	(18, 2, 15, '普通商品房用地', NULL),
	(19, 3, 0, '新增土地储备宗数', NULL),
	(20, 3, 0, '新增土地储备面积', NULL),
	(21, 3, 20, '回收土地', NULL),
	(22, 3, 20, '收购土地', NULL),
	(23, 3, 20, '其他', NULL),
	(24, 3, 0, '期内支出（万元）', NULL),
	(25, 3, 24, '补偿款', NULL),
	(26, 3, 24, '开发费', NULL),
	(27, 3, 0, '结算土地收储成本', NULL),
	(28, 3, 0, '报告期末土地储备面积', NULL),
	(30, 1, 1, '国务院批准', '批准机构'),
	(31, 1, 30, '当年受理当年批准', NULL),
	(32, 1, 30, '历年受理当年批准', NULL),
	(34, 1, 1, '省政府批准', '批准机构'),
	(35, 1, 34, '当年受理当年批准', NULL),
	(36, 1, 34, '历年受理当年批准', NULL),
	(37, 4, 0, '预审合计总件数', NULL),
	(38, 4, 0, '预审合计总用地', NULL),
	(39, 4, 38, '农用地', NULL),
	(40, 4, 39, '耕地', NULL),
	(41, 4, 38, '建设用地', NULL),
	(42, 4, 38, '未利用地', NULL),
	(43, 4, 0, '交通运输用地', NULL),
	(44, 4, 0, '水利设施用地', NULL),
	(45, 4, 0, '能源用地', NULL),
	(46, 4, 0, '其他用地', NULL),
	(47, 5, 0, '报告期内新增政府储备土地', NULL),
	(48, 5, 47, '依法收回的国有土地', NULL),
	(49, 5, 48, '无偿收回', NULL),
	(50, 5, 48, '有偿收回', NULL),
	(51, 5, 47, '收购的土地', NULL),
	(52, 5, 47, '行使优先购买权取得的土地', NULL),
	(54, 5, 47, '依法征收的土地', NULL),
	(55, 5, 47, '其他依法取得的土地', NULL),
	(56, 5, 0, '报告期内土地开发费用支出', NULL),
	(57, 5, 0, '报告期内政府储备土地供应', NULL),
	(58, 5, 0, '报告期末政府储备土地面积', NULL),
	(59, 5, 0, '报告期初政府储备土地面积', NULL),
	(60, 5, 57, '出让面积', NULL),
	(61, 5, 60, '协议面积', NULL),
	(62, 5, 60, '招标面积', NULL),
	(63, 5, 60, '拍卖面积', NULL),
	(64, 5, 60, '挂牌面积', NULL),
	(65, 5, 57, '租赁面积', NULL),
	(66, 5, 57, '其他面积', NULL);
/*!40000 ALTER TABLE `node` ENABLE KEYS */;


-- 导出  表 zhoushanland.node_value 结构
CREATE TABLE IF NOT EXISTS `node_value` (
  `ID` int(11) NOT NULL AUTO_INCREMENT,
  `NodeID` int(11) NOT NULL,
  `Value` double NOT NULL,
  `Quarter` int(11) NOT NULL,
  `AreaID` int(11) NOT NULL,
  `TypeID` int(11) NOT NULL,
  `Year` int(11) NOT NULL,
  `UpdateTime` datetime NOT NULL,
  PRIMARY KEY (`ID`),
  KEY `NodeID` (`NodeID`)
) ENGINE=InnoDB AUTO_INCREMENT=220 DEFAULT CHARSET=utf8;

-- 正在导出表  zhoushanland.node_value 的数据：~212 rows (大约)
/*!40000 ALTER TABLE `node_value` DISABLE KEYS */;
INSERT INTO `node_value` (`ID`, `NodeID`, `Value`, `Quarter`, `AreaID`, `TypeID`, `Year`, `UpdateTime`) VALUES
	(1, 1, 14.1015, 1, 0, 1, 2014, '2016-06-16 11:25:52'),
	(2, 3, 14.0706, 1, 0, 1, 2014, '2016-06-16 11:25:52'),
	(3, 4, 14.0703, 1, 0, 1, 2014, '2016-06-16 11:25:52'),
	(4, 5, 13.4559, 1, 0, 1, 2014, '2016-06-16 11:25:52'),
	(5, 6, 0.0003, 1, 0, 1, 2014, '2016-06-16 11:25:52'),
	(6, 30, 0, 1, 0, 1, 2014, '2016-06-16 11:25:52'),
	(7, 31, 0, 1, 0, 1, 2014, '2016-06-16 11:25:52'),
	(8, 32, 0, 1, 0, 1, 2014, '2016-06-16 11:25:52'),
	(9, 34, 14.1015, 1, 0, 1, 2014, '2016-06-16 11:25:52'),
	(10, 35, 14.1015, 1, 0, 1, 2014, '2016-06-16 11:25:52'),
	(11, 36, 0, 1, 0, 1, 2014, '2016-06-16 11:25:52'),
	(12, 7, 14.1015, 1, 0, 1, 2014, '2016-06-16 11:25:52'),
	(13, 8, 0, 1, 0, 1, 2014, '2016-06-16 11:25:52'),
	(14, 10, 0, 1, 0, 1, 2014, '2016-06-16 11:25:52'),
	(15, 11, 0, 1, 0, 1, 2014, '2016-06-16 11:25:52'),
	(16, 9, 0, 1, 0, 1, 2014, '2016-06-16 11:25:52'),
	(17, 12, 0, 1, 0, 1, 2014, '2016-06-16 11:25:52'),
	(18, 1, 0, 1, 1, 1, 2014, '2016-06-16 11:25:52'),
	(19, 1, 14.1015, 1, 3, 1, 2014, '2016-06-16 11:25:52'),
	(20, 1, 0, 1, 5, 1, 2014, '2016-06-16 11:25:52'),
	(21, 1, 0, 1, 4, 1, 2014, '2016-06-16 11:25:52'),
	(22, 1, 0, 1, 6, 1, 2014, '2016-06-16 11:25:52'),
	(23, 1, 130.7699, 2, 0, 1, 2014, '2016-06-16 11:28:50'),
	(24, 3, 82.9797, 2, 0, 1, 2014, '2016-06-16 11:28:50'),
	(25, 4, 72.755, 2, 0, 1, 2014, '2016-06-16 11:28:50'),
	(26, 5, 32.1942, 2, 0, 1, 2014, '2016-06-16 11:28:50'),
	(27, 6, 10.2247, 2, 0, 1, 2014, '2016-06-16 11:28:50'),
	(28, 30, 0, 2, 0, 1, 2014, '2016-06-16 11:28:50'),
	(29, 31, 0, 2, 0, 1, 2014, '2016-06-16 11:28:50'),
	(30, 32, 0, 2, 0, 1, 2014, '2016-06-16 11:28:50'),
	(31, 34, 130.7699, 2, 0, 1, 2014, '2016-06-16 11:28:50'),
	(32, 35, 130.7699, 2, 0, 1, 2014, '2016-06-16 11:28:50'),
	(33, 36, 0, 2, 0, 1, 2014, '2016-06-16 11:28:50'),
	(34, 7, 130.7699, 2, 0, 1, 2014, '2016-06-16 11:28:50'),
	(35, 8, 0, 2, 0, 1, 2014, '2016-06-16 11:28:50'),
	(36, 10, 0, 2, 0, 1, 2014, '2016-06-16 11:28:50'),
	(37, 11, 0, 2, 0, 1, 2014, '2016-06-16 11:28:50'),
	(38, 9, 0, 2, 0, 1, 2014, '2016-06-16 11:28:50'),
	(39, 12, 0, 2, 0, 1, 2014, '2016-06-16 11:28:50'),
	(40, 1, 30.1326, 2, 1, 1, 2014, '2016-06-16 11:28:50'),
	(41, 1, 27.4569, 2, 3, 1, 2014, '2016-06-16 11:28:50'),
	(42, 1, 44.2514, 2, 5, 1, 2014, '2016-06-16 11:28:50'),
	(43, 1, 28.929, 2, 4, 1, 2014, '2016-06-16 11:28:50'),
	(44, 1, 0, 2, 6, 1, 2014, '2016-06-16 11:28:50'),
	(45, 1, 393.9141, 4, 0, 1, 2014, '2016-06-16 11:28:55'),
	(46, 3, 324.6932, 4, 0, 1, 2014, '2016-06-16 11:28:55'),
	(47, 4, 313.4151, 4, 0, 1, 2014, '2016-06-16 11:28:55'),
	(48, 5, 207.9247, 4, 0, 1, 2014, '2016-06-16 11:28:55'),
	(49, 6, 11.2781, 4, 0, 1, 2014, '2016-06-16 11:28:55'),
	(50, 30, 0, 4, 0, 1, 2014, '2016-06-16 11:28:55'),
	(51, 31, 0, 4, 0, 1, 2014, '2016-06-16 11:28:55'),
	(52, 32, 0, 4, 0, 1, 2014, '2016-06-16 11:28:55'),
	(53, 34, 372.4694, 4, 0, 1, 2014, '2016-06-16 11:28:55'),
	(54, 35, 372.4694, 4, 0, 1, 2014, '2016-06-16 11:28:55'),
	(55, 36, 0, 4, 0, 1, 2014, '2016-06-16 11:28:55'),
	(56, 7, 358.229, 4, 0, 1, 2014, '2016-06-16 11:28:55'),
	(57, 8, 35.6851, 4, 0, 1, 2014, '2016-06-16 11:28:55'),
	(58, 10, 35.6851, 4, 0, 1, 2014, '2016-06-16 11:28:55'),
	(59, 11, 0, 4, 0, 1, 2014, '2016-06-16 11:28:55'),
	(60, 9, 0, 4, 0, 1, 2014, '2016-06-16 11:28:55'),
	(61, 12, 0, 4, 0, 1, 2014, '2016-06-16 11:28:55'),
	(62, 1, 63.5436, 4, 1, 1, 2014, '2016-06-16 11:28:55'),
	(63, 1, 181.585, 4, 3, 1, 2014, '2016-06-16 11:28:55'),
	(64, 1, 105.7723, 4, 5, 1, 2014, '2016-06-16 11:28:56'),
	(65, 1, 33.1998, 4, 4, 1, 2014, '2016-06-16 11:28:56'),
	(66, 1, 9.8134, 4, 6, 1, 2014, '2016-06-16 11:28:56'),
	(67, 1, 34.8461, 1, 0, 1, 2015, '2016-06-16 11:29:04'),
	(68, 3, 2.1474, 1, 0, 1, 2015, '2016-06-16 11:29:04'),
	(69, 4, 2.1146, 1, 0, 1, 2015, '2016-06-16 11:29:04'),
	(70, 5, 0.7116, 1, 0, 1, 2015, '2016-06-16 11:29:04'),
	(71, 6, 0.0328, 1, 0, 1, 2015, '2016-06-16 11:29:04'),
	(72, 30, 0, 1, 0, 1, 2015, '2016-06-16 11:29:04'),
	(73, 31, 0, 1, 0, 1, 2015, '2016-06-16 11:29:04'),
	(74, 32, 0, 1, 0, 1, 2015, '2016-06-16 11:29:04'),
	(75, 34, 34.8461, 1, 0, 1, 2015, '2016-06-16 11:29:04'),
	(76, 35, 34.8461, 1, 0, 1, 2015, '2016-06-16 11:29:04'),
	(77, 36, 0, 1, 0, 1, 2015, '2016-06-16 11:29:04'),
	(78, 7, 34.8461, 1, 0, 1, 2015, '2016-06-16 11:29:04'),
	(79, 8, 0, 1, 0, 1, 2015, '2016-06-16 11:29:04'),
	(80, 10, 0, 1, 0, 1, 2015, '2016-06-16 11:29:04'),
	(81, 11, 0, 1, 0, 1, 2015, '2016-06-16 11:29:04'),
	(82, 9, 0, 1, 0, 1, 2015, '2016-06-16 11:29:04'),
	(83, 12, 0, 1, 0, 1, 2015, '2016-06-16 11:29:04'),
	(84, 1, 10.0647, 1, 1, 1, 2015, '2016-06-16 11:29:04'),
	(85, 1, 0, 1, 3, 1, 2015, '2016-06-16 11:29:04'),
	(86, 1, 0, 1, 5, 1, 2015, '2016-06-16 11:29:04'),
	(87, 1, 24.7814, 1, 4, 1, 2015, '2016-06-16 11:29:04'),
	(88, 1, 0, 1, 6, 1, 2015, '2016-06-16 11:29:04'),
	(89, 1, 94.1316, 2, 0, 1, 2015, '2016-06-16 11:29:09'),
	(90, 3, 78.171, 2, 0, 1, 2015, '2016-06-16 11:29:09'),
	(91, 4, 71.3906, 2, 0, 1, 2015, '2016-06-16 11:29:09'),
	(92, 5, 51.5276, 2, 0, 1, 2015, '2016-06-16 11:29:09'),
	(93, 6, 6.7804, 2, 0, 1, 2015, '2016-06-16 11:29:09'),
	(94, 30, 0, 2, 0, 1, 2015, '2016-06-16 11:29:09'),
	(95, 31, 0, 2, 0, 1, 2015, '2016-06-16 11:29:09'),
	(96, 32, 0, 2, 0, 1, 2015, '2016-06-16 11:29:09'),
	(97, 34, 89.5478, 2, 0, 1, 2015, '2016-06-16 11:29:09'),
	(98, 35, 89.5478, 2, 0, 1, 2015, '2016-06-16 11:29:09'),
	(99, 36, 0, 2, 0, 1, 2015, '2016-06-16 11:29:10'),
	(100, 7, 94.1316, 2, 0, 1, 2015, '2016-06-16 11:29:10'),
	(101, 8, 0, 2, 0, 1, 2015, '2016-06-16 11:29:10'),
	(102, 10, 0, 2, 0, 1, 2015, '2016-06-16 11:29:10'),
	(103, 11, 0, 2, 0, 1, 2015, '2016-06-16 11:29:10'),
	(104, 9, 0, 2, 0, 1, 2015, '2016-06-16 11:29:10'),
	(105, 12, 0, 2, 0, 1, 2015, '2016-06-16 11:29:10'),
	(106, 1, 27.0639, 2, 1, 1, 2015, '2016-06-16 11:29:10'),
	(107, 1, 49.773, 2, 3, 1, 2015, '2016-06-16 11:29:10'),
	(108, 1, 17.2947, 2, 5, 1, 2015, '2016-06-16 11:29:10'),
	(109, 1, 0, 2, 4, 1, 2015, '2016-06-16 11:29:10'),
	(110, 1, 0, 2, 6, 1, 2015, '2016-06-16 11:29:10'),
	(111, 59, 143.6363, 1, 1, 1, 2012, '2016-06-16 11:34:59'),
	(112, 47, 0, 1, 1, 4, 2012, '2016-06-16 11:34:59'),
	(113, 47, 0, 1, 1, 1, 2012, '2016-06-16 11:34:59'),
	(114, 47, 0, 1, 1, 5, 2012, '2016-06-16 11:34:59'),
	(115, 49, 0, 1, 1, 4, 2012, '2016-06-16 11:34:59'),
	(116, 49, 0, 1, 1, 1, 2012, '2016-06-16 11:34:59'),
	(117, 50, 0, 1, 1, 4, 2012, '2016-06-16 11:34:59'),
	(118, 50, 0, 1, 1, 1, 2012, '2016-06-16 11:34:59'),
	(119, 51, 0, 1, 1, 4, 2012, '2016-06-16 11:34:59'),
	(120, 51, 0, 1, 1, 1, 2012, '2016-06-16 11:34:59'),
	(121, 52, 0, 1, 1, 4, 2012, '2016-06-16 11:34:59'),
	(122, 52, 0, 1, 1, 1, 2012, '2016-06-16 11:34:59'),
	(123, 54, 0, 1, 1, 4, 2012, '2016-06-16 11:34:59'),
	(124, 54, 0, 1, 1, 1, 2012, '2016-06-16 11:34:59'),
	(125, 55, 0, 1, 1, 4, 2012, '2016-06-16 11:34:59'),
	(126, 55, 0, 1, 1, 1, 2012, '2016-06-16 11:34:59'),
	(127, 56, 0, 1, 1, 0, 2012, '2016-06-16 11:34:59'),
	(128, 59, 121.5347, 1, 3, 1, 2012, '2016-06-16 11:34:59'),
	(129, 47, 5, 1, 3, 4, 2012, '2016-06-16 11:34:59'),
	(130, 47, 7.0253, 1, 3, 1, 2012, '2016-06-16 11:34:59'),
	(131, 47, 1572.2912, 1, 3, 5, 2012, '2016-06-16 11:34:59'),
	(132, 49, 0, 1, 3, 4, 2012, '2016-06-16 11:34:59'),
	(133, 49, 0, 1, 3, 1, 2012, '2016-06-16 11:34:59'),
	(134, 50, 0, 1, 3, 4, 2012, '2016-06-16 11:34:59'),
	(135, 50, 0, 1, 3, 1, 2012, '2016-06-16 11:34:59'),
	(136, 51, 3, 1, 3, 4, 2012, '2016-06-16 11:34:59'),
	(137, 51, 5.0686, 1, 3, 1, 2012, '2016-06-16 11:34:59'),
	(138, 52, 0, 1, 3, 4, 2012, '2016-06-16 11:34:59'),
	(139, 52, 0, 1, 3, 1, 2012, '2016-06-16 11:34:59'),
	(140, 54, 0, 1, 3, 4, 2012, '2016-06-16 11:34:59'),
	(141, 54, 0, 1, 3, 1, 2012, '2016-06-16 11:34:59'),
	(142, 55, 0, 1, 3, 4, 2012, '2016-06-16 11:34:59'),
	(143, 55, 0, 1, 3, 1, 2012, '2016-06-16 11:35:00'),
	(144, 56, 0, 1, 3, 0, 2012, '2016-06-16 11:35:00'),
	(145, 59, 16.5527, 1, 5, 1, 2012, '2016-06-16 11:35:00'),
	(146, 47, 0, 1, 5, 4, 2012, '2016-06-16 11:35:00'),
	(147, 47, 0, 1, 5, 1, 2012, '2016-06-16 11:35:00'),
	(148, 47, 0, 1, 5, 5, 2012, '2016-06-16 11:35:00'),
	(149, 49, 0, 1, 5, 4, 2012, '2016-06-16 11:35:00'),
	(150, 49, 0, 1, 5, 1, 2012, '2016-06-16 11:35:00'),
	(151, 50, 0, 1, 5, 4, 2012, '2016-06-16 11:35:00'),
	(152, 50, 0, 1, 5, 1, 2012, '2016-06-16 11:35:00'),
	(153, 51, 0, 1, 5, 4, 2012, '2016-06-16 11:35:00'),
	(154, 51, 0, 1, 5, 1, 2012, '2016-06-16 11:35:00'),
	(155, 52, 0, 1, 5, 4, 2012, '2016-06-16 11:35:00'),
	(156, 52, 0, 1, 5, 1, 2012, '2016-06-16 11:35:00'),
	(157, 54, 0, 1, 5, 4, 2012, '2016-06-16 11:35:00'),
	(158, 54, 0, 1, 5, 1, 2012, '2016-06-16 11:35:00'),
	(159, 55, 0, 1, 5, 4, 2012, '2016-06-16 11:35:00'),
	(160, 55, 0, 1, 5, 1, 2012, '2016-06-16 11:35:00'),
	(161, 56, 0, 1, 5, 0, 2012, '2016-06-16 11:35:00'),
	(162, 59, 202.2416, 1, 4, 1, 2012, '2016-06-16 11:35:00'),
	(163, 47, 3, 1, 4, 4, 2012, '2016-06-16 11:35:00'),
	(164, 47, 15.7635, 1, 4, 1, 2012, '2016-06-16 11:35:00'),
	(165, 47, 0, 1, 4, 5, 2012, '2016-06-16 11:35:00'),
	(166, 49, 0, 1, 4, 4, 2012, '2016-06-16 11:35:00'),
	(167, 49, 0, 1, 4, 1, 2012, '2016-06-16 11:35:00'),
	(168, 50, 0, 1, 4, 4, 2012, '2016-06-16 11:35:00'),
	(169, 50, 0, 1, 4, 1, 2012, '2016-06-16 11:35:00'),
	(170, 51, 3, 1, 4, 4, 2012, '2016-06-16 11:35:00'),
	(171, 51, 15.7635, 1, 4, 1, 2012, '2016-06-16 11:35:00'),
	(172, 52, 0, 1, 4, 4, 2012, '2016-06-16 11:35:00'),
	(173, 52, 0, 1, 4, 1, 2012, '2016-06-16 11:35:00'),
	(174, 54, 0, 1, 4, 4, 2012, '2016-06-16 11:35:00'),
	(175, 54, 0, 1, 4, 1, 2012, '2016-06-16 11:35:00'),
	(176, 55, 0, 1, 4, 4, 2012, '2016-06-16 11:35:00'),
	(177, 55, 0, 1, 4, 1, 2012, '2016-06-16 11:35:00'),
	(178, 56, 0, 1, 4, 0, 2012, '2016-06-16 11:35:00'),
	(179, 59, 129.5156, 1, 6, 1, 2012, '2016-06-16 11:35:00'),
	(180, 47, 2, 1, 6, 4, 2012, '2016-06-16 11:35:00'),
	(181, 47, 2.71, 1, 6, 1, 2012, '2016-06-16 11:35:00'),
	(182, 47, 2540, 1, 6, 5, 2012, '2016-06-16 11:35:00'),
	(183, 49, 0, 1, 6, 4, 2012, '2016-06-16 11:35:00'),
	(184, 49, 0, 1, 6, 1, 2012, '2016-06-16 11:35:00'),
	(185, 50, 0, 1, 6, 4, 2012, '2016-06-16 11:35:00'),
	(186, 50, 0, 1, 6, 1, 2012, '2016-06-16 11:35:00'),
	(187, 51, 2, 1, 6, 4, 2012, '2016-06-16 11:35:00'),
	(188, 51, 2.71, 1, 6, 1, 2012, '2016-06-16 11:35:00'),
	(189, 52, 0, 1, 6, 4, 2012, '2016-06-16 11:35:00'),
	(190, 52, 0, 1, 6, 1, 2012, '2016-06-16 11:35:00'),
	(191, 54, 0, 1, 6, 4, 2012, '2016-06-16 11:35:00'),
	(192, 54, 0, 1, 6, 1, 2012, '2016-06-16 11:35:00'),
	(193, 55, 0, 1, 6, 4, 2012, '2016-06-16 11:35:00'),
	(194, 55, 0, 1, 6, 1, 2012, '2016-06-16 11:35:00'),
	(195, 56, 0, 1, 6, 0, 2012, '2016-06-16 11:35:00'),
	(196, 59, 613.4809, 1, 0, 1, 2012, '2016-06-16 11:35:00'),
	(197, 47, 10, 1, 0, 4, 2012, '2016-06-16 11:35:00'),
	(198, 47, 25.4988, 1, 0, 1, 2012, '2016-06-16 11:35:00'),
	(199, 47, 4112.2912, 1, 0, 5, 2012, '2016-06-16 11:35:00'),
	(200, 49, 0, 1, 0, 4, 2012, '2016-06-16 11:35:00'),
	(201, 49, 0, 1, 0, 1, 2012, '2016-06-16 11:35:00'),
	(202, 50, 0, 1, 0, 4, 2012, '2016-06-16 11:35:00'),
	(203, 50, 0, 1, 0, 1, 2012, '2016-06-16 11:35:00'),
	(204, 51, 8, 1, 0, 4, 2012, '2016-06-16 11:35:00'),
	(205, 51, 23.5421, 1, 0, 1, 2012, '2016-06-16 11:35:00'),
	(206, 52, 0, 1, 0, 4, 2012, '2016-06-16 11:35:00'),
	(207, 52, 0, 1, 0, 1, 2012, '2016-06-16 11:35:00'),
	(208, 54, 0, 1, 0, 4, 2012, '2016-06-16 11:35:00'),
	(209, 54, 0, 1, 0, 1, 2012, '2016-06-16 11:35:00'),
	(210, 55, 0, 1, 0, 4, 2012, '2016-06-16 11:35:00'),
	(211, 55, 0, 1, 0, 1, 2012, '2016-06-16 11:35:00'),
	(212, 56, 0, 1, 0, 0, 2012, '2016-06-16 11:35:00'),
	(213, 1, 100, 1, 0, 1, 2016, '2016-06-16 20:07:58'),
	(214, 3, 55, 1, 0, 1, 2016, '2016-06-16 20:07:58'),
	(215, 4, 25, 1, 0, 1, 2016, '2016-06-16 20:07:58'),
	(216, 5, 10, 1, 0, 1, 2016, '2016-06-16 20:07:58'),
	(217, 6, 30, 1, 0, 1, 2016, '2016-06-16 20:07:58'),
	(218, 7, 15, 1, 0, 1, 2016, '2016-06-16 20:07:58'),
	(219, 8, 30, 1, 0, 1, 2016, '2016-06-16 20:07:58');
/*!40000 ALTER TABLE `node_value` ENABLE KEYS */;


-- 导出  表 zhoushanland.user 结构
CREATE TABLE IF NOT EXISTS `user` (
  `ID` int(11) NOT NULL AUTO_INCREMENT,
  `Username` varchar(50) NOT NULL,
  `Password` varchar(50) NOT NULL,
  `Role` int(11) NOT NULL,
  `Name` varchar(50) DEFAULT NULL,
  `Deleted` bit(1) NOT NULL,
  `LastLoginTime` time DEFAULT NULL,
  PRIMARY KEY (`ID`),
  KEY `Username` (`Username`)
) ENGINE=InnoDB AUTO_INCREMENT=2 DEFAULT CHARSET=utf8;

-- 正在导出表  zhoushanland.user 的数据：~0 rows (大约)
/*!40000 ALTER TABLE `user` DISABLE KEYS */;
INSERT INTO `user` (`ID`, `Username`, `Password`, `Role`, `Name`, `Deleted`, `LastLoginTime`) VALUES
	(1, 'admin', '202cb962ac59075b964b07152d234b70', 4, 'admin', b'0', NULL);
/*!40000 ALTER TABLE `user` ENABLE KEYS */;


-- 导出  表 zhoushanland.value_type 结构
CREATE TABLE IF NOT EXISTS `value_type` (
  `ID` int(11) NOT NULL AUTO_INCREMENT,
  `Name` varchar(50) NOT NULL DEFAULT '0',
  `Unit` varchar(50) NOT NULL,
  PRIMARY KEY (`ID`)
) ENGINE=InnoDB AUTO_INCREMENT=6 DEFAULT CHARSET=utf8;

-- 正在导出表  zhoushanland.value_type 的数据：~5 rows (大约)
/*!40000 ALTER TABLE `value_type` DISABLE KEYS */;
INSERT INTO `value_type` (`ID`, `Name`, `Unit`) VALUES
	(1, '面积', '公顷'),
	(2, '面积', '亩'),
	(3, '件数', '件'),
	(4, '宗数', '宗'),
	(5, '费用', '万元');
/*!40000 ALTER TABLE `value_type` ENABLE KEYS */;
/*!40101 SET SQL_MODE=IFNULL(@OLD_SQL_MODE, '') */;
/*!40014 SET FOREIGN_KEY_CHECKS=IF(@OLD_FOREIGN_KEY_CHECKS IS NULL, 1, @OLD_FOREIGN_KEY_CHECKS) */;
/*!40101 SET CHARACTER_SET_CLIENT=@OLD_CHARACTER_SET_CLIENT */;
