-- --------------------------------------------------------
-- 主机:                           192.168.31.245
-- 服务器版本:                        5.7.12-log - MySQL Community Server (GPL)
-- 服务器操作系统:                      Win64
-- HeidiSQL 版本:                  9.3.0.4984
-- --------------------------------------------------------

/*!40101 SET @OLD_CHARACTER_SET_CLIENT=@@CHARACTER_SET_CLIENT */;
/*!40101 SET NAMES utf8mb4 */;
/*!40014 SET @OLD_FOREIGN_KEY_CHECKS=@@FOREIGN_KEY_CHECKS, FOREIGN_KEY_CHECKS=0 */;
/*!40101 SET @OLD_SQL_MODE=@@SQL_MODE, SQL_MODE='NO_AUTO_VALUE_ON_ZERO' */;

-- 导出  表 zhoushanland.area 结构
DROP TABLE IF EXISTS `area`;
CREATE TABLE IF NOT EXISTS `area` (
  `ID` int(11) NOT NULL AUTO_INCREMENT,
  `Name` varchar(50) NOT NULL DEFAULT '0',
  `ParentID` int(11) NOT NULL DEFAULT '0',
  PRIMARY KEY (`ID`)
) ENGINE=InnoDB AUTO_INCREMENT=7 DEFAULT CHARSET=utf8;

-- 正在导出表  zhoushanland.area 的数据：~6 rows (大约)
/*!40000 ALTER TABLE `area` DISABLE KEYS */;
INSERT INTO `area` (`ID`, `Name`, `ParentID`) VALUES
	(1, '市本级', 0),
	(2, '新城', 1),
	(3, '定海区', 0),
	(4, '岱山县', 0),
	(5, '普陀区', 0),
	(6, '嵊泗县', 0);
/*!40000 ALTER TABLE `area` ENABLE KEYS */;


-- 导出  表 zhoushanland.form 结构
DROP TABLE IF EXISTS `form`;
CREATE TABLE IF NOT EXISTS `form` (
  `ID` int(11) NOT NULL AUTO_INCREMENT,
  `Name` varchar(255) NOT NULL,
  PRIMARY KEY (`ID`)
) ENGINE=InnoDB AUTO_INCREMENT=4 DEFAULT CHARSET=utf8;

-- 正在导出表  zhoushanland.form 的数据：~3 rows (大约)
/*!40000 ALTER TABLE `form` DISABLE KEYS */;
INSERT INTO `form` (`ID`, `Name`) VALUES
	(1, '建设用地审批'),
	(2, '建设用地供应'),
	(3, '土地储备情况（亩）');
/*!40000 ALTER TABLE `form` ENABLE KEYS */;


-- 导出  表 zhoushanland.node 结构
DROP TABLE IF EXISTS `node`;
CREATE TABLE IF NOT EXISTS `node` (
  `ID` int(11) NOT NULL AUTO_INCREMENT,
  `FormID` int(11) NOT NULL DEFAULT '0',
  `ParentID` int(11) NOT NULL DEFAULT '0',
  `Name` varchar(50) NOT NULL DEFAULT '0',
  `Group` varchar(50) DEFAULT NULL,
  PRIMARY KEY (`ID`),
  KEY `FormID` (`FormID`),
  KEY `ParentID` (`ParentID`)
) ENGINE=InnoDB AUTO_INCREMENT=37 DEFAULT CHARSET=utf8;

-- 正在导出表  zhoushanland.node 的数据：~33 rows (大约)
/*!40000 ALTER TABLE `node` DISABLE KEYS */;
INSERT INTO `node` (`ID`, `FormID`, `ParentID`, `Name`, `Group`) VALUES
	(1, 1, 0, '批准建设用地面积', NULL),
	(3, 1, 1, '新增建设用地', NULL),
	(4, 1, 3, '农用地', NULL),
	(5, 1, 4, '耕地', NULL),
	(6, 1, 3, '未利用地', NULL),
	(7, 1, 1, '城市分批次建设用地', NULL),
	(8, 1, 1, '单独选址建设用地', NULL),
	(9, 1, 8, '能源用地', NULL),
	(10, 1, 8, '交通运输用地', NULL),
	(11, 1, 8, '水利设施用地', NULL),
	(12, 1, 8, '其他用地', NULL),
	(13, 2, 0, '建设用地供应总量', NULL),
	(14, 2, 13, '新增建设用地', NULL),
	(15, 2, 13, '房地产用地', NULL),
	(16, 2, 13, '划拨面积', NULL),
	(17, 2, 15, '商服用地', NULL),
	(18, 2, 15, '普通商品房用地', NULL),
	(19, 3, 0, '新增土地储备宗数', NULL),
	(20, 3, 0, '新增土地储备面积', NULL),
	(21, 3, 20, '回收土地', NULL),
	(22, 3, 20, '收购土地', NULL),
	(23, 3, 20, '其他', NULL),
	(24, 3, 0, '期内支出（万元）', NULL),
	(25, 3, 24, '补偿款', NULL),
	(26, 3, 24, '开发费', NULL),
	(27, 3, 0, '结算土地收储成本', NULL),
	(28, 3, 0, '报告期末土地储备面积', NULL),
	(30, 1, 1, '国务院批准', '批准机构'),
	(31, 1, 30, '当年受理当年批准', NULL),
	(32, 1, 30, '历年受理当年批准', NULL),
	(34, 1, 1, '省政府批准', '批准机构'),
	(35, 1, 34, '当年受理当年批准', NULL),
	(36, 1, 34, '历年受理当年批准', NULL);
/*!40000 ALTER TABLE `node` ENABLE KEYS */;


-- 导出  表 zhoushanland.node_value 结构
DROP TABLE IF EXISTS `node_value`;
CREATE TABLE IF NOT EXISTS `node_value` (
  `ID` int(11) NOT NULL AUTO_INCREMENT,
  `NodeID` int(11) NOT NULL,
  `Value` double NOT NULL,
  `Quarter` int(11) NOT NULL,
  `AreaID` int(11) NOT NULL,
  `TypeID` int(11) NOT NULL,
  `Year` int(11) NOT NULL,
  `UpdateTime` datetime NOT NULL,
  PRIMARY KEY (`ID`),
  KEY `NodeID` (`NodeID`)
) ENGINE=InnoDB AUTO_INCREMENT=199 DEFAULT CHARSET=utf8;

-- 正在导出表  zhoushanland.node_value 的数据：~176 rows (大约)
/*!40000 ALTER TABLE `node_value` DISABLE KEYS */;
INSERT INTO `node_value` (`ID`, `NodeID`, `Value`, `Quarter`, `AreaID`, `TypeID`, `Year`, `UpdateTime`) VALUES
	(1, 1, 14.1015, 1, 0, 1, 2014, '2016-05-27 12:10:25'),
	(2, 3, 14.0706, 1, 0, 1, 2014, '2016-05-27 12:10:25'),
	(3, 4, 14.0703, 1, 0, 1, 2014, '2016-05-27 12:10:25'),
	(4, 5, 13.4559, 1, 0, 1, 2014, '2016-05-27 12:10:25'),
	(5, 6, 0.0003, 1, 0, 1, 2014, '2016-05-27 12:10:25'),
	(6, 30, 0, 1, 0, 1, 2014, '2016-05-27 12:10:25'),
	(7, 31, 0, 1, 0, 1, 2014, '2016-05-27 12:10:25'),
	(8, 32, 0, 1, 0, 1, 2014, '2016-05-27 12:10:25'),
	(9, 34, 14.1015, 1, 0, 1, 2014, '2016-05-27 12:10:25'),
	(10, 35, 14.1015, 1, 0, 1, 2014, '2016-05-27 12:10:25'),
	(11, 36, 0, 1, 0, 1, 2014, '2016-05-27 12:10:25'),
	(12, 7, 14.1015, 1, 0, 1, 2014, '2016-05-27 12:10:25'),
	(13, 8, 0, 1, 0, 1, 2014, '2016-05-27 12:10:25'),
	(14, 10, 0, 1, 0, 1, 2014, '2016-05-27 12:10:25'),
	(15, 11, 0, 1, 0, 1, 2014, '2016-05-27 12:10:25'),
	(16, 9, 0, 1, 0, 1, 2014, '2016-05-27 12:10:25'),
	(17, 12, 0, 1, 0, 1, 2014, '2016-05-27 12:10:25'),
	(18, 1, 0, 1, 1, 1, 2014, '2016-05-27 12:10:25'),
	(19, 1, 14.1015, 1, 3, 1, 2014, '2016-05-27 12:10:25'),
	(20, 1, 0, 1, 5, 1, 2014, '2016-05-27 12:10:25'),
	(21, 1, 0, 1, 4, 1, 2014, '2016-05-27 12:10:25'),
	(22, 1, 0, 1, 6, 1, 2014, '2016-05-27 12:10:25'),
	(23, 1, 130.7699, 2, 0, 1, 2014, '2016-05-27 12:10:30'),
	(24, 3, 82.9797, 2, 0, 1, 2014, '2016-05-27 12:10:30'),
	(25, 4, 72.755, 2, 0, 1, 2014, '2016-05-27 12:10:30'),
	(26, 5, 32.1942, 2, 0, 1, 2014, '2016-05-27 12:10:30'),
	(27, 6, 10.2247, 2, 0, 1, 2014, '2016-05-27 12:10:30'),
	(28, 30, 0, 2, 0, 1, 2014, '2016-05-27 12:10:30'),
	(29, 31, 0, 2, 0, 1, 2014, '2016-05-27 12:10:30'),
	(30, 32, 0, 2, 0, 1, 2014, '2016-05-27 12:10:30'),
	(31, 34, 130.7699, 2, 0, 1, 2014, '2016-05-27 12:10:30'),
	(32, 35, 130.7699, 2, 0, 1, 2014, '2016-05-27 12:10:30'),
	(33, 36, 0, 2, 0, 1, 2014, '2016-05-27 12:10:30'),
	(34, 7, 130.7699, 2, 0, 1, 2014, '2016-05-27 12:10:30'),
	(35, 8, 0, 2, 0, 1, 2014, '2016-05-27 12:10:30'),
	(36, 10, 0, 2, 0, 1, 2014, '2016-05-27 12:10:30'),
	(37, 11, 0, 2, 0, 1, 2014, '2016-05-27 12:10:30'),
	(38, 9, 0, 2, 0, 1, 2014, '2016-05-27 12:10:30'),
	(39, 12, 0, 2, 0, 1, 2014, '2016-05-27 12:10:30'),
	(40, 1, 30.1326, 2, 1, 1, 2014, '2016-05-27 12:10:30'),
	(41, 1, 27.4569, 2, 3, 1, 2014, '2016-05-27 12:10:30'),
	(42, 1, 44.2514, 2, 5, 1, 2014, '2016-05-27 12:10:30'),
	(43, 1, 28.929, 2, 4, 1, 2014, '2016-05-27 12:10:31'),
	(44, 1, 0, 2, 6, 1, 2014, '2016-05-27 12:10:31'),
	(45, 1, 0, 3, 0, 1, 2014, '2016-05-27 12:10:37'),
	(46, 3, 0, 3, 0, 1, 2014, '2016-05-27 12:10:37'),
	(47, 4, 0, 3, 0, 1, 2014, '2016-05-27 12:10:37'),
	(48, 5, 0, 3, 0, 1, 2014, '2016-05-27 12:10:37'),
	(49, 6, 0, 3, 0, 1, 2014, '2016-05-27 12:10:37'),
	(50, 30, 0, 3, 0, 1, 2014, '2016-05-27 12:10:37'),
	(51, 31, 0, 3, 0, 1, 2014, '2016-05-27 12:10:37'),
	(52, 32, 0, 3, 0, 1, 2014, '2016-05-27 12:10:37'),
	(53, 34, 0, 3, 0, 1, 2014, '2016-05-27 12:10:37'),
	(54, 35, 0, 3, 0, 1, 2014, '2016-05-27 12:10:37'),
	(55, 36, 0, 3, 0, 1, 2014, '2016-05-27 12:10:37'),
	(56, 7, 0, 3, 0, 1, 2014, '2016-05-27 12:10:37'),
	(57, 8, 0, 3, 0, 1, 2014, '2016-05-27 12:10:37'),
	(58, 10, 0, 3, 0, 1, 2014, '2016-05-27 12:10:37'),
	(59, 11, 0, 3, 0, 1, 2014, '2016-05-27 12:10:37'),
	(60, 9, 0, 3, 0, 1, 2014, '2016-05-27 12:10:37'),
	(61, 12, 0, 3, 0, 1, 2014, '2016-05-27 12:10:37'),
	(62, 1, 0, 3, 1, 1, 2014, '2016-05-27 12:10:37'),
	(63, 1, 0, 3, 3, 1, 2014, '2016-05-27 12:10:37'),
	(64, 1, 0, 3, 5, 1, 2014, '2016-05-27 12:10:37'),
	(65, 1, 0, 3, 4, 1, 2014, '2016-05-27 12:10:37'),
	(66, 1, 0, 3, 6, 1, 2014, '2016-05-27 12:10:37'),
	(67, 1, 393.9141, 4, 0, 1, 2014, '2016-05-27 12:10:43'),
	(68, 3, 324.6932, 4, 0, 1, 2014, '2016-05-27 12:10:43'),
	(69, 4, 313.4151, 4, 0, 1, 2014, '2016-05-27 12:10:43'),
	(70, 5, 207.9247, 4, 0, 1, 2014, '2016-05-27 12:10:43'),
	(71, 6, 11.2781, 4, 0, 1, 2014, '2016-05-27 12:10:43'),
	(72, 30, 0, 4, 0, 1, 2014, '2016-05-27 12:10:43'),
	(73, 31, 0, 4, 0, 1, 2014, '2016-05-27 12:10:43'),
	(74, 32, 0, 4, 0, 1, 2014, '2016-05-27 12:10:43'),
	(75, 34, 372.4694, 4, 0, 1, 2014, '2016-05-27 12:10:43'),
	(76, 35, 372.4694, 4, 0, 1, 2014, '2016-05-27 12:10:43'),
	(77, 36, 0, 4, 0, 1, 2014, '2016-05-27 12:10:43'),
	(78, 7, 358.229, 4, 0, 1, 2014, '2016-05-27 12:10:43'),
	(79, 8, 35.6851, 4, 0, 1, 2014, '2016-05-27 12:10:43'),
	(80, 10, 35.6851, 4, 0, 1, 2014, '2016-05-27 12:10:43'),
	(81, 11, 0, 4, 0, 1, 2014, '2016-05-27 12:10:43'),
	(82, 9, 0, 4, 0, 1, 2014, '2016-05-27 12:10:43'),
	(83, 12, 0, 4, 0, 1, 2014, '2016-05-27 12:10:43'),
	(84, 1, 63.5436, 4, 1, 1, 2014, '2016-05-27 12:10:43'),
	(85, 1, 181.585, 4, 3, 1, 2014, '2016-05-27 12:10:43'),
	(86, 1, 105.7723, 4, 5, 1, 2014, '2016-05-27 12:10:43'),
	(87, 1, 33.1998, 4, 4, 1, 2014, '2016-05-27 12:10:43'),
	(88, 1, 9.8134, 4, 6, 1, 2014, '2016-05-27 12:10:43'),
	(89, 1, 34.8461, 1, 0, 1, 2015, '2016-05-27 12:11:01'),
	(90, 3, 2.1474, 1, 0, 1, 2015, '2016-05-27 12:11:01'),
	(91, 4, 2.1146, 1, 0, 1, 2015, '2016-05-27 12:11:01'),
	(92, 5, 0.7116, 1, 0, 1, 2015, '2016-05-27 12:11:01'),
	(93, 6, 0.0328, 1, 0, 1, 2015, '2016-05-27 12:11:01'),
	(94, 30, 0, 1, 0, 1, 2015, '2016-05-27 12:11:01'),
	(95, 31, 0, 1, 0, 1, 2015, '2016-05-27 12:11:01'),
	(96, 32, 0, 1, 0, 1, 2015, '2016-05-27 12:11:01'),
	(97, 34, 34.8461, 1, 0, 1, 2015, '2016-05-27 12:11:01'),
	(98, 35, 34.8461, 1, 0, 1, 2015, '2016-05-27 12:11:01'),
	(99, 36, 0, 1, 0, 1, 2015, '2016-05-27 12:11:01'),
	(100, 7, 34.8461, 1, 0, 1, 2015, '2016-05-27 12:11:01'),
	(101, 8, 0, 1, 0, 1, 2015, '2016-05-27 12:11:01'),
	(102, 10, 0, 1, 0, 1, 2015, '2016-05-27 12:11:01'),
	(103, 11, 0, 1, 0, 1, 2015, '2016-05-27 12:11:01'),
	(104, 9, 0, 1, 0, 1, 2015, '2016-05-27 12:11:01'),
	(105, 12, 0, 1, 0, 1, 2015, '2016-05-27 12:11:01'),
	(106, 1, 10.0647, 1, 1, 1, 2015, '2016-05-27 12:11:01'),
	(107, 1, 0, 1, 3, 1, 2015, '2016-05-27 12:11:01'),
	(108, 1, 0, 1, 5, 1, 2015, '2016-05-27 12:11:01'),
	(109, 1, 24.7814, 1, 4, 1, 2015, '2016-05-27 12:11:01'),
	(110, 1, 0, 1, 6, 1, 2015, '2016-05-27 12:11:01'),
	(111, 1, 94.1316, 2, 0, 1, 2015, '2016-05-27 12:11:09'),
	(112, 3, 78.171, 2, 0, 1, 2015, '2016-05-27 12:11:09'),
	(113, 4, 71.3906, 2, 0, 1, 2015, '2016-05-27 12:11:09'),
	(114, 5, 51.5276, 2, 0, 1, 2015, '2016-05-27 12:11:09'),
	(115, 6, 6.7804, 2, 0, 1, 2015, '2016-05-27 12:11:09'),
	(116, 30, 0, 2, 0, 1, 2015, '2016-05-27 12:11:09'),
	(117, 31, 0, 2, 0, 1, 2015, '2016-05-27 12:11:09'),
	(118, 32, 0, 2, 0, 1, 2015, '2016-05-27 12:11:09'),
	(119, 34, 89.5478, 2, 0, 1, 2015, '2016-05-27 12:11:09'),
	(120, 35, 89.5478, 2, 0, 1, 2015, '2016-05-27 12:11:09'),
	(121, 36, 0, 2, 0, 1, 2015, '2016-05-27 12:11:09'),
	(122, 7, 94.1316, 2, 0, 1, 2015, '2016-05-27 12:11:09'),
	(123, 8, 0, 2, 0, 1, 2015, '2016-05-27 12:11:09'),
	(124, 10, 0, 2, 0, 1, 2015, '2016-05-27 12:11:09'),
	(125, 11, 0, 2, 0, 1, 2015, '2016-05-27 12:11:09'),
	(126, 9, 0, 2, 0, 1, 2015, '2016-05-27 12:11:09'),
	(127, 12, 0, 2, 0, 1, 2015, '2016-05-27 12:11:09'),
	(128, 1, 27.0639, 2, 1, 1, 2015, '2016-05-27 12:11:09'),
	(129, 1, 49.773, 2, 3, 1, 2015, '2016-05-27 12:11:09'),
	(130, 1, 17.2947, 2, 5, 1, 2015, '2016-05-27 12:11:09'),
	(131, 1, 0, 2, 4, 1, 2015, '2016-05-27 12:11:09'),
	(132, 1, 0, 2, 6, 1, 2015, '2016-05-27 12:11:09'),
	(133, 1, 44.5272, 3, 0, 1, 2015, '2016-05-27 12:11:18'),
	(134, 3, 38.2481, 3, 0, 1, 2015, '2016-05-27 12:11:18'),
	(135, 4, 31.6035, 3, 0, 1, 2015, '2016-05-27 12:11:18'),
	(136, 5, 5.3698, 3, 0, 1, 2015, '2016-05-27 12:11:18'),
	(137, 6, 6.6446, 3, 0, 1, 2015, '2016-05-27 12:11:18'),
	(138, 30, 33.7282, 3, 0, 1, 2015, '2016-05-27 12:11:18'),
	(139, 31, 33.7282, 3, 0, 1, 2015, '2016-05-27 12:11:18'),
	(140, 32, 0, 3, 0, 1, 2015, '2016-05-27 12:11:18'),
	(141, 34, 6.0079, 3, 0, 1, 2015, '2016-05-27 12:11:18'),
	(142, 35, 6.0079, 3, 0, 1, 2015, '2016-05-27 12:11:18'),
	(143, 36, 0, 3, 0, 1, 2015, '2016-05-27 12:11:18'),
	(144, 7, 10.799, 3, 0, 1, 2015, '2016-05-27 12:11:18'),
	(145, 8, 33.7282, 3, 0, 1, 2015, '2016-05-27 12:11:18'),
	(146, 10, 0, 3, 0, 1, 2015, '2016-05-27 12:11:18'),
	(147, 11, 0, 3, 0, 1, 2015, '2016-05-27 12:11:18'),
	(148, 9, 0, 3, 0, 1, 2015, '2016-05-27 12:11:18'),
	(149, 12, 33.7282, 3, 0, 1, 2015, '2016-05-27 12:11:18'),
	(150, 1, 0, 3, 1, 1, 2015, '2016-05-27 12:11:18'),
	(151, 1, 4.7911, 3, 3, 1, 2015, '2016-05-27 12:11:18'),
	(152, 1, 6.0079, 3, 5, 1, 2015, '2016-05-27 12:11:18'),
	(153, 1, 33.7282, 3, 4, 1, 2015, '2016-05-27 12:11:18'),
	(154, 1, 0, 3, 6, 1, 2015, '2016-05-27 12:11:18'),
	(155, 1, 441.9226, 4, 0, 1, 2015, '2016-05-27 12:11:24'),
	(156, 3, 407.5238, 4, 0, 1, 2015, '2016-05-27 12:11:24'),
	(157, 4, 386.3084, 4, 0, 1, 2015, '2016-05-27 12:11:24'),
	(158, 5, 235.6121, 4, 0, 1, 2015, '2016-05-27 12:11:24'),
	(159, 6, 21.2154, 4, 0, 1, 2015, '2016-05-27 12:11:24'),
	(160, 30, 0, 4, 0, 1, 2015, '2016-05-27 12:11:24'),
	(161, 31, 0, 4, 0, 1, 2015, '2016-05-27 12:11:24'),
	(162, 32, 0, 4, 0, 1, 2015, '2016-05-27 12:11:24'),
	(163, 34, 425.3881, 4, 0, 1, 2015, '2016-05-27 12:11:24'),
	(164, 35, 425.3881, 4, 0, 1, 2015, '2016-05-27 12:11:24'),
	(165, 36, 0, 4, 0, 1, 2015, '2016-05-27 12:11:24'),
	(166, 7, 441.9226, 4, 0, 1, 2015, '2016-05-27 12:11:24'),
	(167, 8, 0, 4, 0, 1, 2015, '2016-05-27 12:11:24'),
	(168, 10, 0, 4, 0, 1, 2015, '2016-05-27 12:11:24'),
	(169, 11, 0, 4, 0, 1, 2015, '2016-05-27 12:11:24'),
	(170, 9, 0, 4, 0, 1, 2015, '2016-05-27 12:11:24'),
	(171, 12, 0, 4, 0, 1, 2015, '2016-05-27 12:11:24'),
	(172, 1, 3.2589, 4, 1, 1, 2015, '2016-05-27 12:11:24'),
	(173, 1, 82.3178, 4, 3, 1, 2015, '2016-05-27 12:11:24'),
	(174, 1, 36.5276, 4, 5, 1, 2015, '2016-05-27 12:11:24'),
	(175, 1, 311.9018, 4, 4, 1, 2015, '2016-05-27 12:11:24'),
	(176, 1, 7.9165, 4, 6, 1, 2015, '2016-05-27 12:11:24'),
	(177, 1, 0, 1, 0, 1, 2016, '2016-05-27 18:04:23'),
	(178, 3, 0, 1, 0, 1, 2016, '2016-05-27 18:04:23'),
	(179, 4, 0, 1, 0, 1, 2016, '2016-05-27 18:04:23'),
	(180, 5, 0, 1, 0, 1, 2016, '2016-05-27 18:04:23'),
	(181, 6, 0, 1, 0, 1, 2016, '2016-05-27 18:04:23'),
	(182, 30, 0, 1, 0, 1, 2016, '2016-05-27 18:04:23'),
	(183, 31, 0, 1, 0, 1, 2016, '2016-05-27 18:04:23'),
	(184, 32, 0, 1, 0, 1, 2016, '2016-05-27 18:04:23'),
	(185, 34, 0, 1, 0, 1, 2016, '2016-05-27 18:04:23'),
	(186, 35, 0, 1, 0, 1, 2016, '2016-05-27 18:04:23'),
	(187, 36, 0, 1, 0, 1, 2016, '2016-05-27 18:04:23'),
	(188, 7, 0, 1, 0, 1, 2016, '2016-05-27 18:04:23'),
	(189, 8, 0, 1, 0, 1, 2016, '2016-05-27 18:04:23'),
	(190, 10, 0, 1, 0, 1, 2016, '2016-05-27 18:04:23'),
	(191, 11, 0, 1, 0, 1, 2016, '2016-05-27 18:04:23'),
	(192, 9, 0, 1, 0, 1, 2016, '2016-05-27 18:04:23'),
	(193, 12, 0, 1, 0, 1, 2016, '2016-05-27 18:04:23'),
	(194, 1, 0, 1, 1, 1, 2016, '2016-05-27 18:04:23'),
	(195, 1, 0, 1, 3, 1, 2016, '2016-05-27 18:04:23'),
	(196, 1, 0, 1, 5, 1, 2016, '2016-05-27 18:04:23'),
	(197, 1, 0, 1, 4, 1, 2016, '2016-05-27 18:04:23'),
	(198, 1, 0, 1, 6, 1, 2016, '2016-05-27 18:04:23');
/*!40000 ALTER TABLE `node_value` ENABLE KEYS */;


-- 导出  表 zhoushanland.user 结构
DROP TABLE IF EXISTS `user`;
CREATE TABLE IF NOT EXISTS `user` (
  `ID` int(11) NOT NULL AUTO_INCREMENT,
  `Username` varchar(50) NOT NULL,
  `Password` varchar(50) NOT NULL,
  `Role` int(11) NOT NULL,
  `Name` varchar(50) DEFAULT NULL,
  `Deleted` bit(1) NOT NULL,
  `LastLoginTime` time DEFAULT NULL,
  PRIMARY KEY (`ID`),
  KEY `Username` (`Username`)
) ENGINE=InnoDB AUTO_INCREMENT=2 DEFAULT CHARSET=utf8;

-- 正在导出表  zhoushanland.user 的数据：~0 rows (大约)
/*!40000 ALTER TABLE `user` DISABLE KEYS */;
INSERT INTO `user` (`ID`, `Username`, `Password`, `Role`, `Name`, `Deleted`, `LastLoginTime`) VALUES
	(1, 'admin', '202cb962ac59075b964b07152d234b70', 4, 'admin', b'0', NULL);
/*!40000 ALTER TABLE `user` ENABLE KEYS */;


-- 导出  表 zhoushanland.value_type 结构
DROP TABLE IF EXISTS `value_type`;
CREATE TABLE IF NOT EXISTS `value_type` (
  `ID` int(11) NOT NULL AUTO_INCREMENT,
  `Name` varchar(50) NOT NULL DEFAULT '0',
  `Unit` varchar(50) NOT NULL,
  PRIMARY KEY (`ID`)
) ENGINE=InnoDB AUTO_INCREMENT=4 DEFAULT CHARSET=utf8;

-- 正在导出表  zhoushanland.value_type 的数据：~3 rows (大约)
/*!40000 ALTER TABLE `value_type` DISABLE KEYS */;
INSERT INTO `value_type` (`ID`, `Name`, `Unit`) VALUES
	(1, '面积', '公顷'),
	(2, '面积', '亩'),
	(3, '件数', '件');
/*!40000 ALTER TABLE `value_type` ENABLE KEYS */;
/*!40101 SET SQL_MODE=IFNULL(@OLD_SQL_MODE, '') */;
/*!40014 SET FOREIGN_KEY_CHECKS=IF(@OLD_FOREIGN_KEY_CHECKS IS NULL, 1, @OLD_FOREIGN_KEY_CHECKS) */;
/*!40101 SET CHARACTER_SET_CLIENT=@OLD_CHARACTER_SET_CLIENT */;
