-- --------------------------------------------------------
-- 主机:                           127.0.0.1
-- 服务器版本:                        5.6.26 - MySQL Community Server (GPL)
-- 服务器操作系统:                      Win64
-- HeidiSQL 版本:                  9.3.0.4984
-- --------------------------------------------------------

/*!40101 SET @OLD_CHARACTER_SET_CLIENT=@@CHARACTER_SET_CLIENT */;
/*!40101 SET NAMES utf8mb4 */;
/*!40014 SET @OLD_FOREIGN_KEY_CHECKS=@@FOREIGN_KEY_CHECKS, FOREIGN_KEY_CHECKS=0 */;
/*!40101 SET @OLD_SQL_MODE=@@SQL_MODE, SQL_MODE='NO_AUTO_VALUE_ON_ZERO' */;

-- 导出  表 zhoushanland.area 结构
DROP TABLE IF EXISTS `area`;
CREATE TABLE IF NOT EXISTS `area` (
  `ID` int(11) NOT NULL AUTO_INCREMENT,
  `Name` varchar(50) NOT NULL DEFAULT '0',
  `ParentID` int(11) NOT NULL DEFAULT '0',
  PRIMARY KEY (`ID`)
) ENGINE=InnoDB AUTO_INCREMENT=9 DEFAULT CHARSET=utf8;

-- 正在导出表  zhoushanland.area 的数据：~6 rows (大约)
/*!40000 ALTER TABLE `area` DISABLE KEYS */;
INSERT INTO `area` (`ID`, `Name`, `ParentID`) VALUES
	(1, '市本级', 0),
	(2, '新城', 1),
	(3, '定海区', 0),
	(4, '岱山县', 0),
	(5, '普陀区', 0),
	(6, '嵊泗县', 0);
/*!40000 ALTER TABLE `area` ENABLE KEYS */;


-- 导出  表 zhoushanland.dossier 结构
DROP TABLE IF EXISTS `dossier`;
CREATE TABLE IF NOT EXISTS `dossier` (
  `ID` int(11) NOT NULL AUTO_INCREMENT,
  `Year` int(11) NOT NULL,
  `Quarter` int(11) NOT NULL,
  `Remark` varchar(1023) DEFAULT NULL,
  `UploadTime` datetime NOT NULL,
  PRIMARY KEY (`ID`)
) ENGINE=InnoDB AUTO_INCREMENT=11 DEFAULT CHARSET=utf8;

-- 正在导出表  zhoushanland.dossier 的数据：~10 rows (大约)
/*!40000 ALTER TABLE `dossier` DISABLE KEYS */;
INSERT INTO `dossier` (`ID`, `Year`, `Quarter`, `Remark`, `UploadTime`) VALUES
	(1, 2016, 1, 'uploads/QL_20160725_0007.pdf', '2016-07-29 13:38:14'),
	(2, 2016, 2, 'uploads/QL_20160725_0007.pdf', '2016-07-27 11:22:58'),
	(3, 2016, 3, 'uploads/QL_20160725_0007.pdf', '2016-07-27 11:27:07'),
	(4, 2015, 1, 'uploads/QL_20160725_0008.pdf', '2016-07-27 12:46:35'),
	(5, 2014, 1, 'uploads/QL_20160725_0008636052294120621473.pdf', '2016-07-27 15:17:01'),
	(6, 2015, 2, 'uploads/QL_20160725_0008636052294359612835.pdf', '2016-07-27 15:17:17'),
	(7, 2016, 4, 'uploads/SKM_C364e16072710310_0001636052294514076858.pdf', '2016-07-27 15:17:37'),
	(8, 2013, 1, NULL, '2016-07-29 10:22:53'),
	(9, 2013, 2, '123342', '2016-07-29 10:44:02'),
	(10, 2012, 2, '第二季度', '2016-07-29 13:38:47');
/*!40000 ALTER TABLE `dossier` ENABLE KEYS */;


-- 导出  表 zhoushanland.dossierfile 结构
DROP TABLE IF EXISTS `dossierfile`;
CREATE TABLE IF NOT EXISTS `dossierfile` (
  `ID` int(11) NOT NULL AUTO_INCREMENT,
  `FileName` varchar(255) NOT NULL,
  `FilePath` varchar(1023) NOT NULL,
  `DossierID` int(11) NOT NULL,
  PRIMARY KEY (`ID`)
) ENGINE=InnoDB AUTO_INCREMENT=7 DEFAULT CHARSET=utf8;

-- 正在导出表  zhoushanland.dossierfile 的数据：~6 rows (大约)
/*!40000 ALTER TABLE `dossierfile` DISABLE KEYS */;
INSERT INTO `dossierfile` (`ID`, `FileName`, `FilePath`, `DossierID`) VALUES
	(1, 'QL_20160725_0007.pdf', 'uploads/QL_20160725_0007636053858312597793.pdf', 9),
	(2, 'QL_20160725_0008.pdf', 'uploads/QL_20160725_0008636053858344267208.pdf', 9),
	(3, 'SKM_C364e16072710310_0001.pdf', 'uploads/SKM_C364e16072710310_0001636053858373893285.pdf', 9),
	(4, 'SKM_C364e16072710310_0003.pdf', 'uploads/SKM_C364e16072710310_0003636053858404059122.pdf', 9),
	(5, 'QL_20160725_0007.pdf', 'uploads/QL_20160725_0007636053962884252665.pdf', 1),
	(6, 'SKM_C364e16072710310_0004.pdf', 'uploads/SKM_C364e16072710310_0004636053963259065437.pdf', 10);
/*!40000 ALTER TABLE `dossierfile` ENABLE KEYS */;


-- 导出  表 zhoushanland.form 结构
DROP TABLE IF EXISTS `form`;
CREATE TABLE IF NOT EXISTS `form` (
  `ID` int(11) NOT NULL AUTO_INCREMENT,
  `Name` varchar(255) NOT NULL,
  `ImportTemplate` varchar(512) DEFAULT NULL,
  `ExportTemplate` varchar(512) DEFAULT NULL,
  PRIMARY KEY (`ID`)
) ENGINE=InnoDB AUTO_INCREMENT=8 DEFAULT CHARSET=utf8;

-- 正在导出表  zhoushanland.form 的数据：~7 rows (大约)
/*!40000 ALTER TABLE `form` DISABLE KEYS */;
INSERT INTO `form` (`ID`, `Name`, `ImportTemplate`, `ExportTemplate`) VALUES
	(1, '建设用地审批', NULL, '建设用地审批\r\n建设用地审批批准累计-导出'),
	(2, '14土地供应', '14土地供应-导入', '14土地供应-单季度导出\r\n14土地供应-多季度导出'),
	(3, '15土地供应', '15土地供应-导入', '15土地供应-单季度导出\r\n15土地供应-多季度导出'),
	(4, '土地违法案件查处', '土地违法案件查处-导入', '土地违法案件查处-单季度导出\r\n土地违法案件查处-多季度导出'),
	(5, '政府储备土地情况', NULL, NULL),
	(6, '采矿权出让及许可证发放', '采矿权出让及许可证发放-导入', '采矿权出让及许可证发放-单季度导出\r\n采矿权出让及许可证发放-多季度导出'),
	(7, '集体建设用地使用情况', '集体建设用地使用情况钻取', '集体建设用地使用情况钻取');
/*!40000 ALTER TABLE `form` ENABLE KEYS */;


-- 导出  表 zhoushanland.node 结构
DROP TABLE IF EXISTS `node`;
CREATE TABLE IF NOT EXISTS `node` (
  `ID` int(11) NOT NULL AUTO_INCREMENT,
  `FormID` int(11) NOT NULL DEFAULT '0',
  `ParentID` int(11) NOT NULL DEFAULT '0',
  `Name` varchar(50) NOT NULL DEFAULT '0',
  `Group` varchar(50) DEFAULT NULL,
  `ValueTypes` varchar(50) NOT NULL DEFAULT '0',
  PRIMARY KEY (`ID`),
  KEY `FormID` (`FormID`),
  KEY `ParentID` (`ParentID`)
) ENGINE=InnoDB AUTO_INCREMENT=87 DEFAULT CHARSET=utf8;

-- 正在导出表  zhoushanland.node 的数据：~74 rows (大约)
/*!40000 ALTER TABLE `node` DISABLE KEYS */;
INSERT INTO `node` (`ID`, `FormID`, `ParentID`, `Name`, `Group`, `ValueTypes`) VALUES
	(1, 1, 0, '批准建设用地面积', NULL, '1'),
	(3, 1, 1, '新增建设用地', NULL, '1'),
	(4, 1, 3, '农用地', NULL, '1'),
	(5, 1, 4, '耕地', NULL, '1'),
	(6, 1, 3, '未利用地', NULL, '1'),
	(7, 1, 1, '城市分批次建设用地', NULL, '1'),
	(8, 1, 1, '单独选址建设用地', NULL, '1'),
	(9, 1, 8, '能源用地', NULL, '1'),
	(10, 1, 8, '交通运输用地', NULL, '1'),
	(11, 1, 8, '水利设施用地', NULL, '1'),
	(12, 1, 8, '其他用地', NULL, '1'),
	(13, 2, 0, '建设用地供应总量', NULL, '0'),
	(14, 2, 13, '新增建设用地', NULL, '0'),
	(15, 2, 13, '房地产用地', NULL, '0'),
	(16, 2, 13, '工矿仓储用地', NULL, '0'),
	(17, 2, 15, '商服用地', NULL, '0'),
	(18, 2, 15, '住宅用地', NULL, '0'),
	(19, 3, 0, '划拨面积	', NULL, '0'),
	(20, 3, 0, '出让面积	', NULL, '0'),
	(21, 3, 20, '招拍挂出让', NULL, '0'),
	(24, 3, 0, '出让成交价款（万元）', NULL, '0'),
	(25, 3, 24, '招拍挂价款（万元）', NULL, '0'),
	(30, 1, 1, '国务院批准', '批准机构', '1'),
	(31, 1, 30, '当年受理当年批准', NULL, '1'),
	(32, 1, 30, '历年受理当年批准', NULL, '1'),
	(34, 1, 1, '省政府批准', '批准机构', '1'),
	(35, 1, 34, '当年受理当年批准', NULL, '1'),
	(36, 1, 34, '历年受理当年批准', NULL, '1'),
	(37, 4, 0, '本期发现土地违法（件）', '本期案件', '0'),
	(38, 4, 0, '本期土地违法立案（件）', '本期案件', '0'),
	(39, 4, 38, '涉及土地面积', NULL, '0'),
	(40, 4, 39, '耕地', NULL, '0'),
	(43, 4, 0, '本期土地违法结案（件）', '本期案件', '0'),
	(44, 4, 0, '收回土地面积', NULL, '0'),
	(45, 4, 0, '罚没款（万元）', NULL, '0'),
	(47, 5, 0, '报告期内新增政府储备土地', NULL, '0'),
	(48, 5, 47, '依法收回的国有土地', NULL, '0'),
	(49, 5, 48, '无偿收回', NULL, '0'),
	(50, 5, 48, '有偿收回', NULL, '0'),
	(51, 5, 47, '收购的土地', NULL, '0'),
	(52, 5, 47, '行使优先购买权取得的土地', NULL, '0'),
	(54, 5, 47, '依法征收的土地', NULL, '0'),
	(55, 5, 47, '其他依法取得的土地', NULL, '0'),
	(56, 5, 0, '报告期内土地开发费用支出', NULL, '0'),
	(57, 5, 0, '报告期内政府储备土地供应', NULL, '0'),
	(58, 5, 0, '报告期末政府储备土地面积', NULL, '0'),
	(59, 5, 0, '报告期初政府储备土地面积', NULL, '0'),
	(60, 5, 57, '出让面积', NULL, '0'),
	(61, 5, 60, '协议面积', NULL, '0'),
	(62, 5, 60, '招标面积', NULL, '0'),
	(63, 5, 60, '拍卖面积', NULL, '0'),
	(64, 5, 60, '挂牌面积', NULL, '0'),
	(65, 5, 57, '租赁面积', NULL, '0'),
	(66, 5, 57, '其他面积', NULL, '0'),
	(67, 2, 18, '普通商品房用地', NULL, '0'),
	(68, 4, 37, '涉及土地面积', NULL, '0'),
	(69, 4, 68, '耕地', NULL, '0'),
	(70, 4, 43, '涉及土地面积', NULL, '0'),
	(71, 4, 70, '耕地', NULL, '0'),
	(72, 6, 0, '采矿许可证总数', NULL, '0'),
	(73, 6, 72, '新立', NULL, '0'),
	(74, 6, 72, '撤销', NULL, '0'),
	(75, 6, 0, '采矿权出让', NULL, '0'),
	(76, 6, 75, '采矿权出让个数', NULL, '0'),
	(77, 6, 75, '应缴纳采矿权出让价款（万元）', NULL, '0'),
	(78, 6, 0, '采矿权转让', NULL, '0'),
	(79, 6, 78, '采矿权转让个数', NULL, '0'),
	(80, 6, 78, '采矿权转让价款（万元）', NULL, '0'),
	(81, 7, 0, '乡镇企业用地', NULL, '0'),
	(82, 7, 0, '乡镇（村）公共设施和公益事业用地', NULL, '0'),
	(83, 7, 0, '宅基地', NULL, '0'),
	(84, 7, 81, '新增', NULL, '0'),
	(85, 7, 82, '新增', NULL, '0'),
	(86, 7, 83, '新增', NULL, '0');
/*!40000 ALTER TABLE `node` ENABLE KEYS */;


-- 导出  表 zhoushanland.node_value 结构
DROP TABLE IF EXISTS `node_value`;
CREATE TABLE IF NOT EXISTS `node_value` (
  `ID` int(11) NOT NULL AUTO_INCREMENT,
  `NodeID` int(11) NOT NULL,
  `Value` double NOT NULL,
  `Quarter` int(11) NOT NULL,
  `AreaID` int(11) NOT NULL,
  `TypeID` int(11) NOT NULL,
  `Year` int(11) NOT NULL,
  `UpdateTime` datetime NOT NULL,
  PRIMARY KEY (`ID`),
  KEY `NodeID` (`NodeID`)
) ENGINE=InnoDB AUTO_INCREMENT=713 DEFAULT CHARSET=utf8;

-- 正在导出表  zhoushanland.node_value 的数据：~712 rows (大约)
/*!40000 ALTER TABLE `node_value` DISABLE KEYS */;
INSERT INTO `node_value` (`ID`, `NodeID`, `Value`, `Quarter`, `AreaID`, `TypeID`, `Year`, `UpdateTime`) VALUES
	(1, 59, 613.4809, 1, 0, 1, 2012, '2016-06-06 20:27:24'),
	(2, 47, 10, 1, 0, 4, 2012, '2016-06-06 20:27:24'),
	(3, 47, 25.4988, 1, 0, 1, 2012, '2016-06-06 20:27:24'),
	(4, 47, 4112.2912, 1, 0, 5, 2012, '2016-06-06 20:27:24'),
	(5, 49, 0, 1, 0, 4, 2012, '2016-06-06 20:27:24'),
	(6, 49, 0, 1, 0, 1, 2012, '2016-06-06 20:27:24'),
	(7, 50, 0, 1, 0, 4, 2012, '2016-06-06 20:27:24'),
	(8, 50, 0, 1, 0, 1, 2012, '2016-06-06 20:27:24'),
	(9, 51, 8, 1, 0, 4, 2012, '2016-06-06 20:27:24'),
	(10, 51, 23.5421, 1, 0, 1, 2012, '2016-06-06 20:27:24'),
	(11, 52, 0, 1, 0, 4, 2012, '2016-06-06 20:27:24'),
	(12, 52, 0, 1, 0, 1, 2012, '2016-06-06 20:27:24'),
	(13, 54, 0, 1, 0, 4, 2012, '2016-06-06 20:27:24'),
	(14, 54, 0, 1, 0, 1, 2012, '2016-06-06 20:27:24'),
	(15, 55, 0, 1, 0, 4, 2012, '2016-06-06 20:27:24'),
	(16, 55, 0, 1, 0, 1, 2012, '2016-06-06 20:27:24'),
	(17, 56, 0, 1, 0, 0, 2012, '2016-06-06 20:27:24'),
	(18, 49, 0, 1, 0, 4, 2012, '2016-06-06 20:29:01'),
	(19, 49, 0, 1, 0, 1, 2012, '2016-06-06 20:29:01'),
	(20, 50, 0, 1, 0, 4, 2012, '2016-06-06 20:29:01'),
	(21, 50, 0, 1, 0, 1, 2012, '2016-06-06 20:29:01'),
	(22, 51, 8, 1, 0, 4, 2012, '2016-06-06 20:29:01'),
	(23, 51, 23.5421, 1, 0, 1, 2012, '2016-06-06 20:29:01'),
	(24, 52, 0, 1, 0, 4, 2012, '2016-06-06 20:29:01'),
	(25, 52, 0, 1, 0, 1, 2012, '2016-06-06 20:29:01'),
	(26, 54, 0, 1, 0, 4, 2012, '2016-06-06 20:29:01'),
	(27, 54, 0, 1, 0, 1, 2012, '2016-06-06 20:29:01'),
	(28, 55, 0, 1, 0, 4, 2012, '2016-06-06 20:29:01'),
	(29, 55, 0, 1, 0, 1, 2012, '2016-06-06 20:29:01'),
	(30, 49, 0, 1, 0, 4, 2012, '2016-06-06 20:29:44'),
	(31, 49, 0, 1, 0, 1, 2012, '2016-06-06 20:29:44'),
	(32, 50, 0, 1, 0, 4, 2012, '2016-06-06 20:29:44'),
	(33, 50, 0, 1, 0, 1, 2012, '2016-06-06 20:29:44'),
	(34, 51, 8, 1, 0, 4, 2012, '2016-06-06 20:29:44'),
	(35, 51, 23.5421, 1, 0, 1, 2012, '2016-06-06 20:29:44'),
	(36, 52, 0, 1, 0, 4, 2012, '2016-06-06 20:29:44'),
	(37, 52, 0, 1, 0, 1, 2012, '2016-06-06 20:29:44'),
	(38, 54, 0, 1, 0, 4, 2012, '2016-06-06 20:29:44'),
	(39, 54, 0, 1, 0, 1, 2012, '2016-06-06 20:29:44'),
	(40, 55, 0, 1, 0, 4, 2012, '2016-06-06 20:29:44'),
	(41, 55, 0, 1, 0, 1, 2012, '2016-06-06 20:29:44'),
	(42, 49, 0, 1, 0, 4, 2012, '2016-06-06 20:31:06'),
	(43, 49, 0, 1, 0, 1, 2012, '2016-06-06 20:31:06'),
	(44, 50, 0, 1, 0, 4, 2012, '2016-06-06 20:31:06'),
	(45, 50, 0, 1, 0, 1, 2012, '2016-06-06 20:31:06'),
	(46, 51, 8, 1, 0, 4, 2012, '2016-06-06 20:31:06'),
	(47, 51, 23.5421, 1, 0, 1, 2012, '2016-06-06 20:31:06'),
	(48, 52, 0, 1, 0, 4, 2012, '2016-06-06 20:31:06'),
	(49, 52, 0, 1, 0, 1, 2012, '2016-06-06 20:31:06'),
	(50, 54, 0, 1, 0, 4, 2012, '2016-06-06 20:31:06'),
	(51, 54, 0, 1, 0, 1, 2012, '2016-06-06 20:31:06'),
	(52, 55, 0, 1, 0, 4, 2012, '2016-06-06 20:31:06'),
	(53, 55, 0, 1, 0, 1, 2012, '2016-06-06 20:31:06'),
	(54, 59, 143.6363, 1, 1, 1, 2012, '2016-06-06 20:31:40'),
	(55, 47, 0, 1, 1, 4, 2012, '2016-06-06 20:31:40'),
	(56, 47, 0, 1, 1, 1, 2012, '2016-06-06 20:31:40'),
	(57, 47, 0, 1, 1, 5, 2012, '2016-06-06 20:31:40'),
	(58, 49, 0, 1, 1, 4, 2012, '2016-06-06 20:31:40'),
	(59, 49, 0, 1, 1, 1, 2012, '2016-06-06 20:31:40'),
	(60, 50, 0, 1, 1, 4, 2012, '2016-06-06 20:31:40'),
	(61, 50, 0, 1, 1, 1, 2012, '2016-06-06 20:31:40'),
	(62, 51, 0, 1, 1, 4, 2012, '2016-06-06 20:31:40'),
	(63, 51, 0, 1, 1, 1, 2012, '2016-06-06 20:31:40'),
	(64, 52, 0, 1, 1, 4, 2012, '2016-06-06 20:31:40'),
	(65, 52, 0, 1, 1, 1, 2012, '2016-06-06 20:31:40'),
	(66, 54, 0, 1, 1, 4, 2012, '2016-06-06 20:31:40'),
	(67, 54, 0, 1, 1, 1, 2012, '2016-06-06 20:31:40'),
	(68, 55, 0, 1, 1, 4, 2012, '2016-06-06 20:31:40'),
	(69, 55, 0, 1, 1, 1, 2012, '2016-06-06 20:31:40'),
	(70, 56, 0, 1, 1, 0, 2012, '2016-06-06 20:31:40'),
	(71, 59, 121.5347, 1, 3, 1, 2012, '2016-06-06 20:31:40'),
	(72, 47, 5, 1, 3, 4, 2012, '2016-06-06 20:31:40'),
	(73, 47, 7.0253, 1, 3, 1, 2012, '2016-06-06 20:31:40'),
	(74, 47, 1572.2912, 1, 3, 5, 2012, '2016-06-06 20:31:40'),
	(75, 49, 0, 1, 3, 4, 2012, '2016-06-06 20:31:40'),
	(76, 49, 0, 1, 3, 1, 2012, '2016-06-06 20:31:40'),
	(77, 50, 0, 1, 3, 4, 2012, '2016-06-06 20:31:40'),
	(78, 50, 0, 1, 3, 1, 2012, '2016-06-06 20:31:40'),
	(79, 51, 3, 1, 3, 4, 2012, '2016-06-06 20:31:40'),
	(80, 51, 5.0686, 1, 3, 1, 2012, '2016-06-06 20:31:40'),
	(81, 52, 0, 1, 3, 4, 2012, '2016-06-06 20:31:40'),
	(82, 52, 0, 1, 3, 1, 2012, '2016-06-06 20:31:40'),
	(83, 54, 0, 1, 3, 4, 2012, '2016-06-06 20:31:40'),
	(84, 54, 0, 1, 3, 1, 2012, '2016-06-06 20:31:40'),
	(85, 55, 0, 1, 3, 4, 2012, '2016-06-06 20:31:40'),
	(86, 55, 0, 1, 3, 1, 2012, '2016-06-06 20:31:40'),
	(87, 56, 0, 1, 3, 0, 2012, '2016-06-06 20:31:40'),
	(88, 59, 16.5527, 1, 5, 1, 2012, '2016-06-06 20:31:40'),
	(89, 47, 0, 1, 5, 4, 2012, '2016-06-06 20:31:40'),
	(90, 47, 0, 1, 5, 1, 2012, '2016-06-06 20:31:40'),
	(91, 47, 0, 1, 5, 5, 2012, '2016-06-06 20:31:40'),
	(92, 49, 0, 1, 5, 4, 2012, '2016-06-06 20:31:40'),
	(93, 49, 0, 1, 5, 1, 2012, '2016-06-06 20:31:40'),
	(94, 50, 0, 1, 5, 4, 2012, '2016-06-06 20:31:40'),
	(95, 50, 0, 1, 5, 1, 2012, '2016-06-06 20:31:40'),
	(96, 51, 0, 1, 5, 4, 2012, '2016-06-06 20:31:40'),
	(97, 51, 0, 1, 5, 1, 2012, '2016-06-06 20:31:40'),
	(98, 52, 0, 1, 5, 4, 2012, '2016-06-06 20:31:40'),
	(99, 52, 0, 1, 5, 1, 2012, '2016-06-06 20:31:40'),
	(100, 54, 0, 1, 5, 4, 2012, '2016-06-06 20:31:40'),
	(101, 54, 0, 1, 5, 1, 2012, '2016-06-06 20:31:40'),
	(102, 55, 0, 1, 5, 4, 2012, '2016-06-06 20:31:40'),
	(103, 55, 0, 1, 5, 1, 2012, '2016-06-06 20:31:40'),
	(104, 56, 0, 1, 5, 0, 2012, '2016-06-06 20:31:40'),
	(105, 59, 202.2416, 1, 4, 1, 2012, '2016-06-06 20:31:40'),
	(106, 47, 3, 1, 4, 4, 2012, '2016-06-06 20:31:40'),
	(107, 47, 15.7635, 1, 4, 1, 2012, '2016-06-06 20:31:40'),
	(108, 47, 0, 1, 4, 5, 2012, '2016-06-06 20:31:40'),
	(109, 49, 0, 1, 4, 4, 2012, '2016-06-06 20:31:40'),
	(110, 49, 0, 1, 4, 1, 2012, '2016-06-06 20:31:40'),
	(111, 50, 0, 1, 4, 4, 2012, '2016-06-06 20:31:40'),
	(112, 50, 0, 1, 4, 1, 2012, '2016-06-06 20:31:40'),
	(113, 51, 3, 1, 4, 4, 2012, '2016-06-06 20:31:40'),
	(114, 51, 15.7635, 1, 4, 1, 2012, '2016-06-06 20:31:40'),
	(115, 52, 0, 1, 4, 4, 2012, '2016-06-06 20:31:40'),
	(116, 52, 0, 1, 4, 1, 2012, '2016-06-06 20:31:40'),
	(117, 54, 0, 1, 4, 4, 2012, '2016-06-06 20:31:40'),
	(118, 54, 0, 1, 4, 1, 2012, '2016-06-06 20:31:40'),
	(119, 55, 0, 1, 4, 4, 2012, '2016-06-06 20:31:40'),
	(120, 55, 0, 1, 4, 1, 2012, '2016-06-06 20:31:40'),
	(121, 56, 0, 1, 4, 0, 2012, '2016-06-06 20:31:40'),
	(122, 59, 129.5156, 1, 6, 1, 2012, '2016-06-06 20:31:40'),
	(123, 47, 2, 1, 6, 4, 2012, '2016-06-06 20:31:40'),
	(124, 47, 2.71, 1, 6, 1, 2012, '2016-06-06 20:31:41'),
	(125, 47, 2540, 1, 6, 5, 2012, '2016-06-06 20:31:41'),
	(126, 49, 0, 1, 6, 4, 2012, '2016-06-06 20:31:41'),
	(127, 49, 0, 1, 6, 1, 2012, '2016-06-06 20:31:41'),
	(128, 50, 0, 1, 6, 4, 2012, '2016-06-06 20:31:41'),
	(129, 50, 0, 1, 6, 1, 2012, '2016-06-06 20:31:41'),
	(130, 51, 2, 1, 6, 4, 2012, '2016-06-06 20:31:41'),
	(131, 51, 2.71, 1, 6, 1, 2012, '2016-06-06 20:31:41'),
	(132, 52, 0, 1, 6, 4, 2012, '2016-06-06 20:31:41'),
	(133, 52, 0, 1, 6, 1, 2012, '2016-06-06 20:31:41'),
	(134, 54, 0, 1, 6, 4, 2012, '2016-06-06 20:31:41'),
	(135, 54, 0, 1, 6, 1, 2012, '2016-06-06 20:31:41'),
	(136, 55, 0, 1, 6, 4, 2012, '2016-06-06 20:31:41'),
	(137, 55, 0, 1, 6, 1, 2012, '2016-06-06 20:31:41'),
	(138, 56, 0, 1, 6, 0, 2012, '2016-06-06 20:31:41'),
	(139, 49, 0, 1, 0, 4, 2012, '2016-06-06 20:31:41'),
	(140, 49, 0, 1, 0, 1, 2012, '2016-06-06 20:31:41'),
	(141, 50, 0, 1, 0, 4, 2012, '2016-06-06 20:31:41'),
	(142, 50, 0, 1, 0, 1, 2012, '2016-06-06 20:31:41'),
	(143, 51, 8, 1, 0, 4, 2012, '2016-06-06 20:31:41'),
	(144, 51, 23.5421, 1, 0, 1, 2012, '2016-06-06 20:31:41'),
	(145, 52, 0, 1, 0, 4, 2012, '2016-06-06 20:31:41'),
	(146, 52, 0, 1, 0, 1, 2012, '2016-06-06 20:31:41'),
	(147, 54, 0, 1, 0, 4, 2012, '2016-06-06 20:31:41'),
	(148, 54, 0, 1, 0, 1, 2012, '2016-06-06 20:31:41'),
	(149, 55, 0, 1, 0, 4, 2012, '2016-06-06 20:31:41'),
	(150, 55, 0, 1, 0, 1, 2012, '2016-06-06 20:31:41'),
	(151, 1, 14.1015, 1, 0, 1, 2014, '2016-06-06 20:33:00'),
	(152, 3, 14.0706, 1, 0, 1, 2014, '2016-06-06 20:33:00'),
	(153, 4, 14.0703, 1, 0, 1, 2014, '2016-06-06 20:33:00'),
	(154, 5, 13.4559, 1, 0, 1, 2014, '2016-06-06 20:33:00'),
	(155, 6, 0.0003, 1, 0, 1, 2014, '2016-06-06 20:33:00'),
	(156, 30, 0, 1, 0, 1, 2014, '2016-06-06 20:33:00'),
	(157, 31, 0, 1, 0, 1, 2014, '2016-06-06 20:33:00'),
	(158, 32, 0, 1, 0, 1, 2014, '2016-06-06 20:33:00'),
	(159, 34, 14.1015, 1, 0, 1, 2014, '2016-06-06 20:33:00'),
	(160, 35, 14.1015, 1, 0, 1, 2014, '2016-06-06 20:33:00'),
	(161, 36, 0, 1, 0, 1, 2014, '2016-06-06 20:33:00'),
	(162, 7, 14.1015, 1, 0, 1, 2014, '2016-06-06 20:33:01'),
	(163, 8, 0, 1, 0, 1, 2014, '2016-06-06 20:33:01'),
	(164, 10, 0, 1, 0, 1, 2014, '2016-06-06 20:33:01'),
	(165, 11, 0, 1, 0, 1, 2014, '2016-06-06 20:33:01'),
	(166, 9, 0, 1, 0, 1, 2014, '2016-06-06 20:33:01'),
	(167, 12, 0, 1, 0, 1, 2014, '2016-06-06 20:33:01'),
	(168, 1, 130.7699, 2, 0, 1, 2014, '2016-06-16 08:59:41'),
	(169, 3, 82.9797, 2, 0, 1, 2014, '2016-06-16 08:59:41'),
	(170, 4, 72.755, 2, 0, 1, 2014, '2016-06-16 08:59:41'),
	(171, 5, 32.1942, 2, 0, 1, 2014, '2016-06-16 09:24:36'),
	(172, 6, 10.2247, 2, 0, 1, 2014, '2016-06-16 08:59:42'),
	(173, 30, 0, 2, 0, 1, 2014, '2016-06-16 08:59:42'),
	(174, 31, 0, 2, 0, 1, 2014, '2016-06-16 08:59:42'),
	(175, 32, 0, 2, 0, 1, 2014, '2016-06-16 08:59:42'),
	(176, 34, 130.7699, 2, 0, 1, 2014, '2016-06-16 08:59:42'),
	(177, 35, 130.7699, 2, 0, 1, 2014, '2016-06-16 08:59:42'),
	(178, 36, 0, 2, 0, 1, 2014, '2016-06-16 08:59:42'),
	(179, 7, 130.7699, 2, 0, 1, 2014, '2016-06-16 08:59:42'),
	(180, 8, 0, 2, 0, 1, 2014, '2016-06-16 08:59:42'),
	(181, 10, 0, 2, 0, 1, 2014, '2016-06-16 08:59:42'),
	(182, 11, 0, 2, 0, 1, 2014, '2016-06-16 08:59:42'),
	(183, 9, 0, 2, 0, 1, 2014, '2016-06-16 08:59:42'),
	(184, 12, 0, 2, 0, 1, 2014, '2016-06-16 08:59:42'),
	(185, 1, 0, 3, 0, 1, 2014, '2016-06-16 08:59:51'),
	(186, 3, 0, 3, 0, 1, 2014, '2016-06-16 08:59:51'),
	(187, 4, 0, 3, 0, 1, 2014, '2016-06-16 08:59:52'),
	(188, 5, 0, 3, 0, 1, 2014, '2016-06-16 08:59:52'),
	(189, 6, 0, 3, 0, 1, 2014, '2016-06-16 08:59:52'),
	(190, 30, 0, 3, 0, 1, 2014, '2016-06-16 08:59:52'),
	(191, 31, 0, 3, 0, 1, 2014, '2016-06-16 08:59:52'),
	(192, 32, 0, 3, 0, 1, 2014, '2016-06-16 08:59:52'),
	(193, 34, 0, 3, 0, 1, 2014, '2016-06-16 08:59:52'),
	(194, 35, 0, 3, 0, 1, 2014, '2016-06-16 08:59:52'),
	(195, 36, 0, 3, 0, 1, 2014, '2016-06-16 08:59:52'),
	(196, 7, 0, 3, 0, 1, 2014, '2016-06-16 08:59:52'),
	(197, 8, 0, 3, 0, 1, 2014, '2016-06-16 08:59:52'),
	(198, 10, 0, 3, 0, 1, 2014, '2016-06-16 08:59:52'),
	(199, 11, 0, 3, 0, 1, 2014, '2016-06-16 08:59:52'),
	(200, 9, 0, 3, 0, 1, 2014, '2016-06-16 08:59:52'),
	(201, 12, 0, 3, 0, 1, 2014, '2016-06-16 08:59:52'),
	(202, 1, 393.9141, 4, 0, 1, 2014, '2016-06-16 09:00:00'),
	(203, 3, 324.6932, 4, 0, 1, 2014, '2016-06-16 09:00:00'),
	(204, 4, 313.4151, 4, 0, 1, 2014, '2016-06-16 09:00:00'),
	(205, 5, 207.9247, 4, 0, 1, 2014, '2016-06-16 09:00:00'),
	(206, 6, 11.2781, 4, 0, 1, 2014, '2016-06-16 09:00:00'),
	(207, 30, 0, 4, 0, 1, 2014, '2016-06-16 09:00:00'),
	(208, 31, 0, 4, 0, 1, 2014, '2016-06-16 09:00:00'),
	(209, 32, 0, 4, 0, 1, 2014, '2016-06-16 09:00:00'),
	(210, 34, 372.4694, 4, 0, 1, 2014, '2016-06-16 09:00:00'),
	(211, 35, 372.4694, 4, 0, 1, 2014, '2016-06-16 09:00:00'),
	(212, 36, 0, 4, 0, 1, 2014, '2016-06-16 09:00:00'),
	(213, 7, 358.229, 4, 0, 1, 2014, '2016-06-16 09:00:00'),
	(214, 8, 35.6851, 4, 0, 1, 2014, '2016-06-16 09:00:00'),
	(215, 10, 35.6851, 4, 0, 1, 2014, '2016-06-16 09:00:00'),
	(216, 11, 0, 4, 0, 1, 2014, '2016-06-16 09:00:00'),
	(217, 9, 0, 4, 0, 1, 2014, '2016-06-16 09:00:00'),
	(218, 12, 0, 4, 0, 1, 2014, '2016-06-16 09:00:00'),
	(219, 1, 34.8461, 1, 0, 1, 2015, '2016-06-16 09:00:35'),
	(220, 3, 2.1474, 1, 0, 1, 2015, '2016-06-16 09:00:35'),
	(221, 4, 2.1146, 1, 0, 1, 2015, '2016-06-16 09:00:35'),
	(222, 5, 0.7116, 1, 0, 1, 2015, '2016-06-16 09:00:35'),
	(223, 6, 0.0328, 1, 0, 1, 2015, '2016-06-16 09:00:35'),
	(224, 30, 0, 1, 0, 1, 2015, '2016-06-16 09:00:35'),
	(225, 31, 0, 1, 0, 1, 2015, '2016-06-16 09:00:35'),
	(226, 32, 0, 1, 0, 1, 2015, '2016-06-16 09:00:35'),
	(227, 34, 34.8461, 1, 0, 1, 2015, '2016-06-16 09:00:35'),
	(228, 35, 34.8461, 1, 0, 1, 2015, '2016-06-16 09:00:35'),
	(229, 36, 0, 1, 0, 1, 2015, '2016-06-16 09:00:36'),
	(230, 7, 34.8461, 1, 0, 1, 2015, '2016-06-16 09:00:36'),
	(231, 8, 0, 1, 0, 1, 2015, '2016-06-16 09:00:36'),
	(232, 10, 0, 1, 0, 1, 2015, '2016-06-16 09:00:36'),
	(233, 11, 0, 1, 0, 1, 2015, '2016-06-16 09:00:36'),
	(234, 9, 0, 1, 0, 1, 2015, '2016-06-16 09:00:36'),
	(235, 12, 0, 1, 0, 1, 2015, '2016-06-16 09:00:36'),
	(236, 1, 94.1316, 2, 0, 1, 2015, '2016-06-16 09:00:43'),
	(237, 3, 78.171, 2, 0, 1, 2015, '2016-06-16 09:00:43'),
	(238, 4, 71.3906, 2, 0, 1, 2015, '2016-06-16 09:00:43'),
	(239, 5, 51.5276, 2, 0, 1, 2015, '2016-06-16 09:00:43'),
	(240, 6, 6.7804, 2, 0, 1, 2015, '2016-06-16 09:00:43'),
	(241, 30, 0, 2, 0, 1, 2015, '2016-06-16 09:00:43'),
	(242, 31, 0, 2, 0, 1, 2015, '2016-06-16 09:00:43'),
	(243, 32, 0, 2, 0, 1, 2015, '2016-06-16 09:00:43'),
	(244, 34, 89.5478, 2, 0, 1, 2015, '2016-06-16 09:00:43'),
	(245, 35, 89.5478, 2, 0, 1, 2015, '2016-06-16 09:00:43'),
	(246, 36, 0, 2, 0, 1, 2015, '2016-06-16 09:00:43'),
	(247, 7, 94.1316, 2, 0, 1, 2015, '2016-06-16 09:00:43'),
	(248, 8, 0, 2, 0, 1, 2015, '2016-06-16 09:00:43'),
	(249, 10, 0, 2, 0, 1, 2015, '2016-06-16 09:00:43'),
	(250, 11, 0, 2, 0, 1, 2015, '2016-06-16 09:00:43'),
	(251, 9, 0, 2, 0, 1, 2015, '2016-06-16 09:00:44'),
	(252, 12, 0, 2, 0, 1, 2015, '2016-06-16 09:00:44'),
	(253, 1, 44.5272, 3, 0, 1, 2015, '2016-06-16 09:00:50'),
	(254, 3, 38.2481, 3, 0, 1, 2015, '2016-06-16 09:00:50'),
	(255, 4, 31.6035, 3, 0, 1, 2015, '2016-06-16 09:00:50'),
	(256, 5, 5.3698, 3, 0, 1, 2015, '2016-06-16 09:00:50'),
	(257, 6, 6.6446, 3, 0, 1, 2015, '2016-06-16 09:00:50'),
	(258, 30, 33.7282, 3, 0, 1, 2015, '2016-06-16 09:00:50'),
	(259, 31, 33.7282, 3, 0, 1, 2015, '2016-06-16 09:00:50'),
	(260, 32, 0, 3, 0, 1, 2015, '2016-06-16 09:00:50'),
	(261, 34, 6.0079, 3, 0, 1, 2015, '2016-06-16 09:00:50'),
	(262, 35, 6.0079, 3, 0, 1, 2015, '2016-06-16 09:00:50'),
	(263, 36, 0, 3, 0, 1, 2015, '2016-06-16 09:00:50'),
	(264, 7, 10.799, 3, 0, 1, 2015, '2016-06-16 09:00:50'),
	(265, 8, 33.7282, 3, 0, 1, 2015, '2016-06-16 09:00:50'),
	(266, 10, 0, 3, 0, 1, 2015, '2016-06-16 09:00:50'),
	(267, 11, 0, 3, 0, 1, 2015, '2016-06-16 09:00:50'),
	(268, 9, 0, 3, 0, 1, 2015, '2016-06-16 09:00:50'),
	(269, 12, 33.7282, 3, 0, 1, 2015, '2016-06-16 09:00:50'),
	(270, 1, 441.9226, 4, 0, 1, 2015, '2016-06-16 09:00:58'),
	(271, 3, 407.5238, 4, 0, 1, 2015, '2016-06-16 09:00:58'),
	(272, 4, 386.3084, 4, 0, 1, 2015, '2016-06-16 09:00:58'),
	(273, 5, 235.6121, 4, 0, 1, 2015, '2016-06-16 09:00:58'),
	(274, 6, 21.2154, 4, 0, 1, 2015, '2016-06-16 09:00:58'),
	(275, 30, 0, 4, 0, 1, 2015, '2016-06-16 09:00:58'),
	(276, 31, 0, 4, 0, 1, 2015, '2016-06-16 09:00:58'),
	(277, 32, 0, 4, 0, 1, 2015, '2016-06-16 09:00:58'),
	(278, 34, 425.3881, 4, 0, 1, 2015, '2016-06-16 09:00:58'),
	(279, 35, 425.3881, 4, 0, 1, 2015, '2016-06-16 09:00:58'),
	(280, 36, 0, 4, 0, 1, 2015, '2016-06-16 09:00:58'),
	(281, 7, 441.9226, 4, 0, 1, 2015, '2016-06-16 09:00:58'),
	(282, 8, 0, 4, 0, 1, 2015, '2016-06-16 09:00:58'),
	(283, 10, 0, 4, 0, 1, 2015, '2016-06-16 09:00:58'),
	(284, 11, 0, 4, 0, 1, 2015, '2016-06-16 09:00:58'),
	(285, 9, 0, 4, 0, 1, 2015, '2016-06-16 09:00:58'),
	(286, 12, 0, 4, 0, 1, 2015, '2016-06-16 09:00:58'),
	(287, 1, 0, 1, 0, 1, 2016, '2016-06-16 09:01:07'),
	(288, 3, 0, 1, 0, 1, 2016, '2016-06-16 09:01:07'),
	(289, 4, 0, 1, 0, 1, 2016, '2016-06-16 09:01:07'),
	(290, 5, 0, 1, 0, 1, 2016, '2016-06-16 09:01:07'),
	(291, 6, 0, 1, 0, 1, 2016, '2016-06-16 09:01:07'),
	(292, 30, 0, 1, 0, 1, 2016, '2016-06-16 09:01:07'),
	(293, 31, 0, 1, 0, 1, 2016, '2016-06-16 09:01:07'),
	(294, 32, 0, 1, 0, 1, 2016, '2016-06-16 09:01:07'),
	(295, 34, 0, 1, 0, 1, 2016, '2016-06-16 09:01:07'),
	(296, 35, 0, 1, 0, 1, 2016, '2016-06-16 09:01:07'),
	(297, 36, 0, 1, 0, 1, 2016, '2016-06-16 09:01:07'),
	(298, 7, 0, 1, 0, 1, 2016, '2016-06-16 09:01:07'),
	(299, 8, 0, 1, 0, 1, 2016, '2016-06-16 09:01:07'),
	(300, 10, 0, 1, 0, 1, 2016, '2016-06-16 09:01:07'),
	(301, 11, 0, 1, 0, 1, 2016, '2016-06-16 09:01:07'),
	(302, 9, 0, 1, 0, 1, 2016, '2016-06-16 09:01:07'),
	(303, 12, 0, 1, 0, 1, 2016, '2016-06-16 09:01:07'),
	(304, 1, 0, 1, 1, 1, 2014, '2016-06-16 09:50:37'),
	(305, 1, 14.1015, 1, 3, 1, 2014, '2016-06-16 09:50:37'),
	(306, 1, 0, 1, 5, 1, 2014, '2016-06-16 09:50:37'),
	(307, 1, 0, 1, 4, 1, 2014, '2016-06-16 09:50:37'),
	(308, 1, 0, 1, 6, 1, 2014, '2016-06-16 09:50:37'),
	(309, 1, 30.1326, 2, 1, 1, 2014, '2016-06-16 09:51:02'),
	(310, 1, 27.4569, 2, 3, 1, 2014, '2016-06-16 09:51:02'),
	(311, 1, 44.2514, 2, 5, 1, 2014, '2016-06-16 09:51:02'),
	(312, 1, 28.929, 2, 4, 1, 2014, '2016-06-16 09:51:02'),
	(313, 1, 0, 2, 6, 1, 2014, '2016-06-16 09:51:02'),
	(314, 1, 0, 3, 1, 1, 2014, '2016-06-16 09:51:09'),
	(315, 1, 0, 3, 3, 1, 2014, '2016-06-16 09:51:09'),
	(316, 1, 0, 3, 5, 1, 2014, '2016-06-16 09:51:09'),
	(317, 1, 0, 3, 4, 1, 2014, '2016-06-16 09:51:09'),
	(318, 1, 0, 3, 6, 1, 2014, '2016-06-16 09:51:09'),
	(319, 1, 63.5436, 4, 1, 1, 2014, '2016-06-16 09:51:14'),
	(320, 1, 181.585, 4, 3, 1, 2014, '2016-06-16 09:51:14'),
	(321, 1, 105.7723, 4, 5, 1, 2014, '2016-06-16 09:51:14'),
	(322, 1, 33.1998, 4, 4, 1, 2014, '2016-06-16 09:51:14'),
	(323, 1, 9.8134, 4, 6, 1, 2014, '2016-06-16 09:51:14'),
	(324, 1, 10.0647, 1, 1, 1, 2015, '2016-06-16 09:51:21'),
	(325, 1, 0, 1, 3, 1, 2015, '2016-06-16 09:51:21'),
	(326, 1, 0, 1, 5, 1, 2015, '2016-06-16 09:51:21'),
	(327, 1, 24.7814, 1, 4, 1, 2015, '2016-06-16 09:51:21'),
	(328, 1, 0, 1, 6, 1, 2015, '2016-06-16 09:51:22'),
	(329, 1, 27.0639, 2, 1, 1, 2015, '2016-06-16 09:51:30'),
	(330, 1, 49.773, 2, 3, 1, 2015, '2016-06-16 09:51:30'),
	(331, 1, 17.2947, 2, 5, 1, 2015, '2016-06-16 09:51:30'),
	(332, 1, 0, 2, 4, 1, 2015, '2016-06-16 09:51:30'),
	(333, 1, 0, 2, 6, 1, 2015, '2016-06-16 09:51:30'),
	(334, 1, 0, 3, 1, 1, 2015, '2016-06-16 09:51:36'),
	(335, 1, 4.7911, 3, 3, 1, 2015, '2016-06-16 09:51:36'),
	(336, 1, 6.0079, 3, 5, 1, 2015, '2016-06-16 09:51:36'),
	(337, 1, 33.7282, 3, 4, 1, 2015, '2016-06-16 09:51:36'),
	(338, 1, 0, 3, 6, 1, 2015, '2016-06-16 09:51:36'),
	(339, 1, 3.2589, 4, 1, 1, 2015, '2016-06-16 09:51:41'),
	(340, 1, 82.3178, 4, 3, 1, 2015, '2016-06-16 09:51:41'),
	(341, 1, 36.5276, 4, 5, 1, 2015, '2016-06-16 09:51:41'),
	(342, 1, 311.9018, 4, 4, 1, 2015, '2016-06-16 09:51:41'),
	(343, 1, 7.9165, 4, 6, 1, 2015, '2016-06-16 09:51:41'),
	(344, 1, 0, 1, 1, 1, 2016, '2016-07-08 11:09:30'),
	(345, 1, 0, 1, 3, 1, 2016, '2016-07-08 11:09:30'),
	(346, 1, 0, 1, 5, 1, 2016, '2016-07-08 11:09:30'),
	(347, 1, 0, 1, 4, 1, 2016, '2016-07-08 11:09:30'),
	(348, 1, 0, 1, 6, 1, 2016, '2016-07-08 11:09:30'),
	(349, 13, 175.777116, 1, 0, 1, 2012, '2016-07-13 15:00:26'),
	(350, 14, 120.93593, 1, 0, 1, 2012, '2016-07-13 15:00:26'),
	(351, 15, 8.65315, 1, 0, 1, 2012, '2016-07-13 15:00:26'),
	(352, 17, 4.15303, 1, 0, 1, 2012, '2016-07-13 15:00:26'),
	(353, 18, 4.50012, 1, 0, 1, 2012, '2016-07-13 15:00:26'),
	(354, 67, 0, 1, 0, 1, 2012, '2016-07-13 15:00:26'),
	(355, 16, 117.36656, 1, 0, 1, 2012, '2016-07-13 15:00:26'),
	(356, 13, 0, 1, 1, 1, 2012, '2016-07-13 15:00:26'),
	(357, 16, 0, 1, 1, 1, 2012, '2016-07-13 15:00:26'),
	(358, 15, 0, 1, 1, 1, 2012, '2016-07-13 15:00:26'),
	(359, 13, 98.69909, 1, 3, 1, 2012, '2016-07-13 15:00:26'),
	(360, 16, 47.70241, 1, 3, 1, 2012, '2016-07-13 15:00:26'),
	(361, 15, 5.49458, 1, 3, 1, 2012, '2016-07-13 15:00:26'),
	(362, 13, 4.97115, 1, 5, 1, 2012, '2016-07-13 15:00:26'),
	(363, 16, 3.22485, 1, 5, 1, 2012, '2016-07-13 15:00:26'),
	(364, 15, 0, 1, 5, 1, 2012, '2016-07-13 15:00:26'),
	(365, 13, 54.68187, 1, 4, 1, 2012, '2016-07-13 15:00:26'),
	(366, 16, 53.2328, 1, 4, 1, 2012, '2016-07-13 15:00:26'),
	(367, 15, 1.31127, 1, 4, 1, 2012, '2016-07-13 15:00:26'),
	(368, 13, 14.98394, 1, 6, 1, 2012, '2016-07-13 15:00:26'),
	(369, 16, 13.2065, 1, 6, 1, 2012, '2016-07-13 15:00:26'),
	(370, 15, 0, 1, 6, 1, 2012, '2016-07-13 15:00:26'),
	(371, 13, 2.441066, 1, 9, 1, 2012, '2016-07-13 15:07:04'),
	(372, 16, 0, 1, 9, 1, 2012, '2016-07-13 15:07:04'),
	(373, 15, 1.8473, 1, 9, 1, 2012, '2016-07-13 15:07:04'),
	(374, 13, 159.764621, 2, 0, 1, 2012, '2016-07-13 15:22:00'),
	(375, 14, 84.22101, 2, 0, 1, 2012, '2016-07-13 15:22:00'),
	(376, 15, 37.141055, 2, 0, 1, 2012, '2016-07-13 15:22:00'),
	(377, 17, 5.571545, 2, 0, 1, 2012, '2016-07-13 15:22:00'),
	(378, 18, 31.56951, 2, 0, 1, 2012, '2016-07-13 15:22:00'),
	(379, 67, 18.525, 2, 0, 1, 2012, '2016-07-13 15:22:00'),
	(380, 16, 100.744825, 2, 0, 1, 2012, '2016-07-13 15:22:00'),
	(381, 13, 155.526355, 3, 0, 1, 2012, '2016-07-13 15:22:55'),
	(382, 14, 119.27686, 3, 0, 1, 2012, '2016-07-13 15:22:55'),
	(383, 15, 15.153671, 3, 0, 1, 2012, '2016-07-13 15:22:55'),
	(384, 17, 6.507316, 3, 0, 1, 2012, '2016-07-13 15:22:55'),
	(385, 18, 8.646355, 3, 0, 1, 2012, '2016-07-13 15:22:55'),
	(386, 67, 0, 3, 0, 1, 2012, '2016-07-13 15:22:55'),
	(387, 16, 133.210034, 3, 0, 1, 2012, '2016-07-13 15:22:55'),
	(388, 13, 719.171724, 4, 0, 1, 2012, '2016-07-13 15:23:16'),
	(389, 14, 574.543101, 4, 0, 1, 2012, '2016-07-13 15:23:16'),
	(390, 15, 64.40926, 4, 0, 1, 2012, '2016-07-13 15:23:16'),
	(391, 17, 9.550941, 4, 0, 1, 2012, '2016-07-13 15:23:16'),
	(392, 18, 54.858319, 4, 0, 1, 2012, '2016-07-13 15:23:16'),
	(393, 67, 22.663669, 4, 0, 1, 2012, '2016-07-13 15:23:16'),
	(394, 16, 175.641482, 4, 0, 1, 2012, '2016-07-13 15:23:16'),
	(395, 13, 294.835133, 4, 0, 1, 2013, '2016-07-13 15:23:28'),
	(396, 14, 229.773725, 4, 0, 1, 2013, '2016-07-13 15:23:28'),
	(397, 15, 70.28727, 4, 0, 1, 2013, '2016-07-13 15:23:28'),
	(398, 17, 15.998495, 4, 0, 1, 2013, '2016-07-13 15:23:28'),
	(399, 18, 54.288775, 4, 0, 1, 2013, '2016-07-13 15:23:28'),
	(400, 67, 13.9309, 4, 0, 1, 2013, '2016-07-13 15:23:28'),
	(401, 16, 114.714541, 4, 0, 1, 2013, '2016-07-13 15:23:28'),
	(402, 13, 251.294105, 3, 0, 1, 2013, '2016-07-13 15:23:32'),
	(403, 14, 71.404892, 3, 0, 1, 2013, '2016-07-13 15:23:32'),
	(404, 15, 25.928042, 3, 0, 1, 2013, '2016-07-13 15:23:32'),
	(405, 17, 5.355033, 3, 0, 1, 2013, '2016-07-13 15:23:32'),
	(406, 18, 20.573009, 3, 0, 1, 2013, '2016-07-13 15:23:32'),
	(407, 67, 13.062841, 3, 0, 1, 2013, '2016-07-13 15:23:32'),
	(408, 16, 122.300733, 3, 0, 1, 2013, '2016-07-13 15:23:32'),
	(409, 13, 159.503627, 2, 0, 1, 2013, '2016-07-13 15:32:53'),
	(410, 14, 114.308069, 2, 0, 1, 2013, '2016-07-13 15:32:53'),
	(411, 15, 31.966297, 2, 0, 1, 2013, '2016-07-13 15:32:53'),
	(412, 17, 8.501859, 2, 0, 1, 2013, '2016-07-13 15:32:53'),
	(413, 18, 23.464438, 2, 0, 1, 2013, '2016-07-13 15:32:53'),
	(414, 67, 23.464438, 2, 0, 1, 2013, '2016-07-13 15:32:53'),
	(415, 16, 98.6508, 2, 0, 1, 2013, '2016-07-13 15:32:53'),
	(416, 13, 42.289992, 1, 0, 1, 2013, '2016-07-13 15:33:00'),
	(417, 14, 28.711761, 1, 0, 1, 2013, '2016-07-13 15:33:01'),
	(418, 15, 12.971953, 1, 0, 1, 2013, '2016-07-13 15:33:01'),
	(419, 17, 11.173065, 1, 0, 1, 2013, '2016-07-13 15:33:01'),
	(420, 18, 1.798888, 1, 0, 1, 2013, '2016-07-13 15:33:01'),
	(421, 67, 0.985288, 1, 0, 1, 2013, '2016-07-13 15:33:01'),
	(422, 16, 26.037516, 1, 0, 1, 2013, '2016-07-13 15:33:01'),
	(423, 13, 374.182048, 1, 0, 1, 2014, '2016-07-13 15:33:31'),
	(424, 14, 24.2514, 1, 0, 1, 2014, '2016-07-13 15:33:31'),
	(425, 15, 18.029855, 1, 0, 1, 2014, '2016-07-13 15:33:31'),
	(426, 17, 2.0061, 1, 0, 1, 2014, '2016-07-13 15:33:31'),
	(427, 18, 16.023755, 1, 0, 1, 2014, '2016-07-13 15:33:31'),
	(428, 67, 16.012755, 1, 0, 1, 2014, '2016-07-13 15:33:31'),
	(429, 16, 6.732, 1, 0, 1, 2014, '2016-07-13 15:33:31'),
	(430, 13, 178.794432, 2, 0, 1, 2014, '2016-07-13 15:35:13'),
	(431, 14, 63.070964, 2, 0, 1, 2014, '2016-07-13 15:35:13'),
	(432, 15, 15.740189, 2, 0, 1, 2014, '2016-07-13 15:35:13'),
	(433, 17, 5.934458, 2, 0, 1, 2014, '2016-07-13 15:35:13'),
	(434, 18, 9.805731, 2, 0, 1, 2014, '2016-07-13 15:35:13'),
	(435, 67, 0.003717, 2, 0, 1, 2014, '2016-07-13 15:35:13'),
	(436, 16, 136.020266, 2, 0, 1, 2014, '2016-07-13 15:35:13'),
	(437, 13, 61.192013, 3, 0, 1, 2014, '2016-07-13 15:36:32'),
	(438, 14, 35.267957, 3, 0, 1, 2014, '2016-07-13 15:36:32'),
	(439, 15, 25.873086, 3, 0, 1, 2014, '2016-07-13 15:36:32'),
	(440, 17, 5.861649, 3, 0, 1, 2014, '2016-07-13 15:36:32'),
	(441, 18, 20.011437, 3, 0, 1, 2014, '2016-07-13 15:36:32'),
	(442, 67, 4.883737, 3, 0, 1, 2014, '2016-07-13 15:36:32'),
	(443, 16, 12.74894, 3, 0, 1, 2014, '2016-07-13 15:36:32'),
	(444, 13, 325.10919, 4, 0, 1, 2014, '2016-07-13 15:36:41'),
	(445, 14, 217.437702, 4, 0, 1, 2014, '2016-07-13 15:36:42'),
	(446, 15, 55.505333, 4, 0, 1, 2014, '2016-07-13 15:36:42'),
	(447, 17, 30.44456, 4, 0, 1, 2014, '2016-07-13 15:36:42'),
	(448, 18, 25.060773, 4, 0, 1, 2014, '2016-07-13 15:36:42'),
	(449, 67, 9.744759, 4, 0, 1, 2014, '2016-07-13 15:36:42'),
	(450, 16, 34.70679, 4, 0, 1, 2014, '2016-07-13 15:36:42'),
	(451, 13, 149.034654, 1, 0, 1, 2015, '2016-07-13 15:37:08'),
	(452, 14, 105.871229, 1, 0, 1, 2015, '2016-07-13 15:37:08'),
	(453, 15, 36.230246, 1, 0, 1, 2015, '2016-07-13 15:37:09'),
	(454, 17, 32.741749, 1, 0, 1, 2015, '2016-07-13 15:37:09'),
	(455, 18, 3.488497, 1, 0, 1, 2015, '2016-07-13 15:37:09'),
	(456, 67, 0.540797, 1, 0, 1, 2015, '2016-07-13 15:37:09'),
	(457, 16, 43.86292, 1, 0, 1, 2015, '2016-07-13 15:37:09'),
	(458, 13, 97.507078, 2, 0, 1, 2015, '2016-07-13 15:37:24'),
	(459, 14, 61.005178, 2, 0, 1, 2015, '2016-07-13 15:37:24'),
	(460, 15, 2.4098, 2, 0, 1, 2015, '2016-07-13 15:37:24'),
	(461, 17, 0.4423, 2, 0, 1, 2015, '2016-07-13 15:37:24'),
	(462, 18, 1.9675, 2, 0, 1, 2015, '2016-07-13 15:37:24'),
	(463, 67, 0, 2, 0, 1, 2015, '2016-07-13 15:37:24'),
	(464, 16, 61.442549, 2, 0, 1, 2015, '2016-07-13 15:37:24'),
	(465, 13, 96.889156, 3, 0, 1, 2015, '2016-07-13 15:37:39'),
	(466, 14, 82.837697, 3, 0, 1, 2015, '2016-07-13 15:37:39'),
	(467, 15, 21.920335, 3, 0, 1, 2015, '2016-07-13 15:37:39'),
	(468, 17, 4.450726, 3, 0, 1, 2015, '2016-07-13 15:37:39'),
	(469, 18, 17.469609, 3, 0, 1, 2015, '2016-07-13 15:37:39'),
	(470, 67, 0.001249, 3, 0, 1, 2015, '2016-07-13 15:37:39'),
	(471, 16, 47.45094, 3, 0, 1, 2015, '2016-07-13 15:37:39'),
	(472, 13, 175.991733, 4, 0, 1, 2015, '2016-07-13 15:37:51'),
	(473, 14, 134.812403, 4, 0, 1, 2015, '2016-07-13 15:37:51'),
	(474, 15, 21.487927, 4, 0, 1, 2015, '2016-07-13 15:37:51'),
	(475, 17, 1.351032, 4, 0, 1, 2015, '2016-07-13 15:37:51'),
	(476, 18, 20.136895, 4, 0, 1, 2015, '2016-07-13 15:37:51'),
	(477, 67, 11.686615, 4, 0, 1, 2015, '2016-07-13 15:37:51'),
	(478, 16, 67.72412, 4, 0, 1, 2015, '2016-07-13 15:37:51'),
	(479, 13, 73.905798, 1, 0, 1, 2016, '2016-07-13 15:38:05'),
	(480, 14, 41.94777, 1, 0, 1, 2016, '2016-07-13 15:38:05'),
	(481, 15, 13.020956, 1, 0, 1, 2016, '2016-07-13 15:38:05'),
	(482, 17, 5.3873, 1, 0, 1, 2016, '2016-07-13 15:38:05'),
	(483, 18, 7.633656, 1, 0, 1, 2016, '2016-07-13 15:38:05'),
	(484, 67, 0.153386, 1, 0, 1, 2016, '2016-07-13 15:38:05'),
	(485, 16, 24.94056, 1, 0, 1, 2016, '2016-07-13 15:38:05'),
	(486, 37, 11, 1, 0, 4, 2012, '2016-07-20 11:32:53'),
	(487, 68, 0.677127, 1, 0, 1, 2012, '2016-07-20 11:32:53'),
	(488, 69, 0.0713, 1, 0, 1, 2012, '2016-07-20 11:32:53'),
	(489, 38, 11, 1, 0, 4, 2012, '2016-07-20 11:32:53'),
	(490, 39, 0.677127, 1, 0, 1, 2012, '2016-07-20 11:32:53'),
	(491, 40, 0.0713, 1, 0, 1, 2012, '2016-07-20 11:32:53'),
	(492, 43, 5, 1, 0, 4, 2012, '2016-07-20 11:32:53'),
	(493, 70, 0.083408, 1, 0, 1, 2012, '2016-07-20 11:32:53'),
	(494, 71, 0, 1, 0, 1, 2012, '2016-07-20 11:32:53'),
	(495, 44, 0.237827, 1, 0, 1, 2012, '2016-07-20 11:32:53'),
	(496, 45, 2.016, 1, 0, 5, 2012, '2016-07-20 11:32:53'),
	(497, 37, 12, 2, 0, 4, 2012, '2016-07-20 11:34:01'),
	(498, 68, 7.55628, 2, 0, 1, 2012, '2016-07-20 11:34:01'),
	(499, 69, 2.2752, 2, 0, 1, 2012, '2016-07-20 11:34:01'),
	(500, 38, 12, 2, 0, 4, 2012, '2016-07-20 11:34:01'),
	(501, 39, 7.55628, 2, 0, 1, 2012, '2016-07-20 11:34:01'),
	(502, 40, 2.2752, 2, 0, 1, 2012, '2016-07-20 11:34:01'),
	(503, 43, 3, 2, 0, 4, 2012, '2016-07-20 11:34:01'),
	(504, 70, 4.55833, 2, 0, 1, 2012, '2016-07-20 11:34:01'),
	(505, 71, 0.4672, 2, 0, 1, 2012, '2016-07-20 11:34:01'),
	(506, 44, 6.74058, 2, 0, 1, 2012, '2016-07-20 11:34:02'),
	(507, 45, 180.889, 2, 0, 5, 2012, '2016-07-20 11:34:02'),
	(508, 37, 33, 3, 0, 4, 2012, '2016-07-20 11:35:07'),
	(509, 68, 20.916366, 3, 0, 1, 2012, '2016-07-20 11:35:07'),
	(510, 69, 1.907838, 3, 0, 1, 2012, '2016-07-20 11:35:07'),
	(511, 38, 33, 3, 0, 4, 2012, '2016-07-20 11:35:07'),
	(512, 39, 20.916366, 3, 0, 1, 2012, '2016-07-20 11:35:07'),
	(513, 40, 1.907538, 3, 0, 1, 2012, '2016-07-20 11:35:07'),
	(514, 43, 29, 3, 0, 4, 2012, '2016-07-20 11:35:07'),
	(515, 70, 17.179376, 3, 0, 1, 2012, '2016-07-20 11:35:07'),
	(516, 71, 1.718538, 3, 0, 1, 2012, '2016-07-20 11:35:07'),
	(517, 44, 16.959866, 3, 0, 1, 2012, '2016-07-20 11:35:07'),
	(518, 45, 325.4109, 3, 0, 5, 2012, '2016-07-20 11:35:07'),
	(519, 37, 17, 4, 0, 4, 2012, '2016-07-20 11:35:42'),
	(520, 68, 8.30351, 4, 0, 1, 2012, '2016-07-20 11:35:42'),
	(521, 69, 1.06695, 4, 0, 1, 2012, '2016-07-20 11:35:42'),
	(522, 38, 17, 4, 0, 4, 2012, '2016-07-20 11:35:42'),
	(523, 39, 8.30351, 4, 0, 1, 2012, '2016-07-20 11:35:42'),
	(524, 40, 1.06725, 4, 0, 1, 2012, '2016-07-20 11:35:42'),
	(525, 43, 35, 4, 0, 4, 2012, '2016-07-20 11:35:42'),
	(526, 70, 14.936759, 4, 0, 1, 2012, '2016-07-20 11:35:42'),
	(527, 71, 3.13555, 4, 0, 1, 2012, '2016-07-20 11:35:42'),
	(528, 44, 8.10051, 4, 0, 1, 2012, '2016-07-20 11:35:42'),
	(529, 45, 119.3363, 4, 0, 5, 2012, '2016-07-20 11:35:42'),
	(530, 37, 8, 1, 0, 4, 2013, '2016-07-20 11:36:12'),
	(531, 68, 0.67075, 1, 0, 1, 2013, '2016-07-20 11:36:12'),
	(532, 69, 0.3444, 1, 0, 1, 2013, '2016-07-20 11:36:12'),
	(533, 38, 8, 1, 0, 4, 2013, '2016-07-20 11:36:12'),
	(534, 39, 0.67075, 1, 0, 1, 2013, '2016-07-20 11:36:12'),
	(535, 40, 0.3444, 1, 0, 1, 2013, '2016-07-20 11:36:12'),
	(536, 43, 3, 1, 0, 4, 2013, '2016-07-20 11:36:12'),
	(537, 70, 0.30551, 1, 0, 1, 2013, '2016-07-20 11:36:12'),
	(538, 71, 0, 1, 0, 1, 2013, '2016-07-20 11:36:12'),
	(539, 44, 0.49811, 1, 0, 1, 2013, '2016-07-20 11:36:12'),
	(540, 45, 21.7914, 1, 0, 5, 2013, '2016-07-20 11:36:12'),
	(541, 37, 10, 2, 0, 4, 2013, '2016-07-20 11:36:22'),
	(542, 68, 7.44584, 2, 0, 1, 2013, '2016-07-20 11:36:22'),
	(543, 69, 2.59916, 2, 0, 1, 2013, '2016-07-20 11:36:22'),
	(544, 38, 10, 2, 0, 4, 2013, '2016-07-20 11:36:22'),
	(545, 39, 7.44584, 2, 0, 1, 2013, '2016-07-20 11:36:22'),
	(546, 40, 2.59916, 2, 0, 1, 2013, '2016-07-20 11:36:22'),
	(547, 43, 12, 2, 0, 4, 2013, '2016-07-20 11:36:22'),
	(548, 70, 8.15909, 2, 0, 1, 2013, '2016-07-20 11:36:22'),
	(549, 71, 2.68406, 2, 0, 1, 2013, '2016-07-20 11:36:22'),
	(550, 44, 7.36998, 2, 0, 1, 2013, '2016-07-20 11:36:22'),
	(551, 45, 93.5711, 2, 0, 5, 2013, '2016-07-20 11:36:22'),
	(552, 37, 22, 3, 0, 4, 2013, '2016-07-20 11:36:31'),
	(553, 68, 7.81898, 3, 0, 1, 2013, '2016-07-20 11:36:31'),
	(554, 69, 3.21768, 3, 0, 1, 2013, '2016-07-20 11:36:31'),
	(555, 38, 22, 3, 0, 4, 2013, '2016-07-20 11:36:31'),
	(556, 39, 7.81898, 3, 0, 1, 2013, '2016-07-20 11:36:31'),
	(557, 40, 3.21768, 3, 0, 1, 2013, '2016-07-20 11:36:31'),
	(558, 43, 25, 3, 0, 4, 2013, '2016-07-20 11:36:31'),
	(559, 70, 8.11378, 3, 0, 1, 2013, '2016-07-20 11:36:31'),
	(560, 71, 3.42458, 3, 0, 1, 2013, '2016-07-20 11:36:31'),
	(561, 44, 7.81898, 3, 0, 1, 2013, '2016-07-20 11:36:31'),
	(562, 45, 136.8265, 3, 0, 5, 2013, '2016-07-20 11:36:31'),
	(563, 37, 84, 4, 0, 4, 2013, '2016-07-20 11:36:42'),
	(564, 68, 57.238225, 4, 0, 1, 2013, '2016-07-20 11:36:42'),
	(565, 69, 13.178815, 4, 0, 1, 2013, '2016-07-20 11:36:42'),
	(566, 38, 54, 4, 0, 4, 2013, '2016-07-20 11:36:42'),
	(567, 39, 43.650125, 4, 0, 1, 2013, '2016-07-20 11:36:42'),
	(568, 40, 10.525115, 4, 0, 1, 2013, '2016-07-20 11:36:42'),
	(569, 43, 52, 4, 0, 4, 2013, '2016-07-20 11:36:42'),
	(570, 70, 43.628025, 4, 0, 1, 2013, '2016-07-20 11:36:42'),
	(571, 71, 10.506315, 4, 0, 1, 2013, '2016-07-20 11:36:42'),
	(572, 44, 36.704545, 4, 0, 1, 2013, '2016-07-20 11:36:42'),
	(573, 45, 1286.0843, 4, 0, 5, 2013, '2016-07-20 11:36:42'),
	(574, 37, 48, 1, 0, 4, 2014, '2016-07-20 11:39:25'),
	(575, 68, 37.59161, 1, 0, 1, 2014, '2016-07-20 11:39:25'),
	(576, 69, 3.87626, 1, 0, 1, 2014, '2016-07-20 11:39:25'),
	(577, 38, 48, 1, 0, 4, 2014, '2016-07-20 11:39:25'),
	(578, 39, 37.59161, 1, 0, 1, 2014, '2016-07-20 11:39:25'),
	(579, 40, 3.87626, 1, 0, 1, 2014, '2016-07-20 11:39:25'),
	(580, 43, 5, 1, 0, 4, 2014, '2016-07-20 11:39:25'),
	(581, 70, 1.77646, 1, 0, 1, 2014, '2016-07-20 11:39:25'),
	(582, 71, 0.0714, 1, 0, 1, 2014, '2016-07-20 11:39:25'),
	(583, 44, 36.86097, 1, 0, 1, 2014, '2016-07-20 11:39:25'),
	(584, 45, 805.4941, 1, 0, 5, 2014, '2016-07-20 11:39:25'),
	(585, 37, 19, 2, 0, 4, 2014, '2016-07-20 11:39:38'),
	(586, 68, 2.57833, 2, 0, 1, 2014, '2016-07-20 11:39:38'),
	(587, 69, 1.65833, 2, 0, 1, 2014, '2016-07-20 11:39:38'),
	(588, 38, 19, 2, 0, 4, 2014, '2016-07-20 11:39:38'),
	(589, 39, 2.57833, 2, 0, 1, 2014, '2016-07-20 11:39:38'),
	(590, 40, 1.65833, 2, 0, 1, 2014, '2016-07-20 11:39:38'),
	(591, 43, 25, 2, 0, 4, 2014, '2016-07-20 11:39:38'),
	(592, 70, 28.95451, 2, 0, 1, 2014, '2016-07-20 11:39:38'),
	(593, 71, 1.51145, 2, 0, 1, 2014, '2016-07-20 11:39:38'),
	(594, 44, 2.57833, 2, 0, 1, 2014, '2016-07-20 11:39:38'),
	(595, 45, 81.6435, 2, 0, 5, 2014, '2016-07-20 11:39:38'),
	(596, 37, 13, 3, 0, 4, 2014, '2016-07-20 11:39:52'),
	(597, 68, 3.487538, 3, 0, 1, 2014, '2016-07-20 11:39:52'),
	(598, 69, 1.17728, 3, 0, 1, 2014, '2016-07-20 11:39:52'),
	(599, 38, 13, 3, 0, 4, 2014, '2016-07-20 11:39:52'),
	(600, 39, 3.487538, 3, 0, 1, 2014, '2016-07-20 11:39:52'),
	(601, 40, 1.17728, 3, 0, 1, 2014, '2016-07-20 11:39:52'),
	(602, 43, 46, 3, 0, 4, 2014, '2016-07-20 11:39:52'),
	(603, 70, 10.337428, 3, 0, 1, 2014, '2016-07-20 11:39:52'),
	(604, 71, 4.69051, 3, 0, 1, 2014, '2016-07-20 11:39:52'),
	(605, 44, 1.385638, 3, 0, 1, 2014, '2016-07-20 11:39:52'),
	(606, 45, 31.7115, 3, 0, 5, 2014, '2016-07-20 11:39:52'),
	(607, 37, 28, 4, 0, 4, 2014, '2016-07-20 11:40:04'),
	(608, 68, 25.05614, 4, 0, 1, 2014, '2016-07-20 11:40:04'),
	(609, 69, 3.341347, 4, 0, 1, 2014, '2016-07-20 11:40:04'),
	(610, 38, 28, 4, 0, 4, 2014, '2016-07-20 11:40:04'),
	(611, 39, 25.05614, 4, 0, 1, 2014, '2016-07-20 11:40:04'),
	(612, 40, 3.341347, 4, 0, 1, 2014, '2016-07-20 11:40:04'),
	(613, 43, 32, 4, 0, 4, 2014, '2016-07-20 11:40:04'),
	(614, 70, 27.4701, 4, 0, 1, 2014, '2016-07-20 11:40:04'),
	(615, 71, 3.851257, 4, 0, 1, 2014, '2016-07-20 11:40:04'),
	(616, 44, 25.05614, 4, 0, 1, 2014, '2016-07-20 11:40:04'),
	(617, 45, 407.6703, 4, 0, 5, 2014, '2016-07-20 11:40:04'),
	(618, 37, 83, 1, 0, 4, 2015, '2016-07-20 11:40:17'),
	(619, 68, 15.73867, 1, 0, 1, 2015, '2016-07-20 11:40:17'),
	(620, 69, 4.71154, 1, 0, 1, 2015, '2016-07-20 11:40:17'),
	(621, 38, 83, 1, 0, 4, 2015, '2016-07-20 11:40:17'),
	(622, 39, 15.73867, 1, 0, 1, 2015, '2016-07-20 11:40:17'),
	(623, 40, 4.71154, 1, 0, 1, 2015, '2016-07-20 11:40:17'),
	(624, 43, 3, 1, 0, 4, 2015, '2016-07-20 11:40:17'),
	(625, 70, 0.1118, 1, 0, 1, 2015, '2016-07-20 11:40:17'),
	(626, 71, 0.0885, 1, 0, 1, 2015, '2016-07-20 11:40:17'),
	(627, 44, 11.85907, 1, 0, 1, 2015, '2016-07-20 11:40:17'),
	(628, 45, 556.9085, 1, 0, 5, 2015, '2016-07-20 11:40:17'),
	(629, 37, 49, 2, 0, 4, 2015, '2016-07-20 11:40:28'),
	(630, 68, 7.33064, 2, 0, 1, 2015, '2016-07-20 11:40:28'),
	(631, 69, 2.3285, 2, 0, 1, 2015, '2016-07-20 11:40:28'),
	(632, 38, 49, 2, 0, 4, 2015, '2016-07-20 11:40:28'),
	(633, 39, 7.33064, 2, 0, 1, 2015, '2016-07-20 11:40:28'),
	(634, 40, 2.3285, 2, 0, 1, 2015, '2016-07-20 11:40:28'),
	(635, 43, 4, 2, 0, 4, 2015, '2016-07-20 11:40:28'),
	(636, 70, 0.4742, 2, 0, 1, 2015, '2016-07-20 11:40:28'),
	(637, 71, 0, 2, 0, 1, 2015, '2016-07-20 11:40:28'),
	(638, 44, 6.79704, 2, 0, 1, 2015, '2016-07-20 11:40:28'),
	(639, 45, 385.2168, 2, 0, 5, 2015, '2016-07-20 11:40:28'),
	(640, 37, 7, 3, 0, 4, 2015, '2016-07-20 11:40:37'),
	(641, 68, 0.985, 3, 0, 1, 2015, '2016-07-20 11:40:37'),
	(642, 69, 0.8752, 3, 0, 1, 2015, '2016-07-20 11:40:37'),
	(643, 38, 7, 3, 0, 4, 2015, '2016-07-20 11:40:37'),
	(644, 39, 0.985, 3, 0, 1, 2015, '2016-07-20 11:40:37'),
	(645, 40, 0.8751, 3, 0, 1, 2015, '2016-07-20 11:40:37'),
	(646, 43, 0, 3, 0, 4, 2015, '2016-07-20 11:40:37'),
	(647, 70, 0, 3, 0, 1, 2015, '2016-07-20 11:40:37'),
	(648, 71, 0, 3, 0, 1, 2015, '2016-07-20 11:40:37'),
	(649, 44, 2.198, 3, 0, 1, 2015, '2016-07-20 11:40:37'),
	(650, 45, 86.6786, 3, 0, 5, 2015, '2016-07-20 11:40:37'),
	(651, 37, 11, 4, 0, 4, 2015, '2016-07-20 11:40:44'),
	(652, 68, 5.61334, 4, 0, 1, 2015, '2016-07-20 11:40:44'),
	(653, 69, 0.655, 4, 0, 1, 2015, '2016-07-20 11:40:44'),
	(654, 38, 11, 4, 0, 4, 2015, '2016-07-20 11:40:44'),
	(655, 39, 5.61334, 4, 0, 1, 2015, '2016-07-20 11:40:44'),
	(656, 40, 0.6551, 4, 0, 1, 2015, '2016-07-20 11:40:44'),
	(657, 43, 107, 4, 0, 4, 2015, '2016-07-20 11:40:44'),
	(658, 70, 17.02765, 4, 0, 1, 2015, '2016-07-20 11:40:44'),
	(659, 71, 6.21164, 4, 0, 1, 2015, '2016-07-20 11:40:44'),
	(660, 44, 5.30944, 4, 0, 1, 2015, '2016-07-20 11:40:44'),
	(661, 45, 180.3893, 4, 0, 5, 2015, '2016-07-20 11:40:44'),
	(662, 37, 38, 1, 0, 4, 2016, '2016-07-20 11:40:53'),
	(663, 68, 6.26839, 1, 0, 1, 2016, '2016-07-20 11:40:53'),
	(664, 69, 1.97736, 1, 0, 1, 2016, '2016-07-20 11:40:53'),
	(665, 38, 38, 1, 0, 4, 2016, '2016-07-20 11:40:53'),
	(666, 39, 6.26839, 1, 0, 1, 2016, '2016-07-20 11:40:53'),
	(667, 40, 1.97736, 1, 0, 1, 2016, '2016-07-20 11:40:53'),
	(668, 43, 20, 1, 0, 4, 2016, '2016-07-20 11:40:53'),
	(669, 70, 3.7938, 1, 0, 1, 2016, '2016-07-20 11:40:53'),
	(670, 71, 0.7519, 1, 0, 1, 2016, '2016-07-20 11:40:53'),
	(671, 44, 3.25102, 1, 0, 1, 2016, '2016-07-20 11:40:53'),
	(672, 45, 200.6724, 1, 0, 5, 2016, '2016-07-20 11:40:53'),
	(673, 72, 55, 1, 0, 6, 2015, '2016-07-21 08:37:00'),
	(674, 73, 6, 1, 0, 6, 2015, '2016-07-21 08:37:00'),
	(675, 74, 3, 1, 0, 6, 2015, '2016-07-21 08:37:00'),
	(676, 76, 0, 1, 0, 6, 2015, '2016-07-21 08:37:00'),
	(677, 77, 0, 1, 0, 5, 2015, '2016-07-21 08:37:00'),
	(678, 79, 0, 1, 0, 6, 2015, '2016-07-21 08:37:00'),
	(679, 80, 0, 1, 0, 5, 2015, '2016-07-21 08:37:00'),
	(680, 72, 0, 2, 0, 6, 2015, '2016-07-21 08:37:12'),
	(681, 73, 2, 2, 0, 6, 2015, '2016-07-21 08:37:12'),
	(682, 74, 2, 2, 0, 6, 2015, '2016-07-21 08:37:12'),
	(683, 76, 0, 2, 0, 6, 2015, '2016-07-21 08:37:12'),
	(684, 77, 0, 2, 0, 5, 2015, '2016-07-21 08:37:12'),
	(685, 79, 0, 2, 0, 6, 2015, '2016-07-21 08:37:12'),
	(686, 80, 0, 2, 0, 5, 2015, '2016-07-21 08:37:12'),
	(687, 72, 0, 3, 0, 6, 2015, '2016-07-21 08:37:26'),
	(688, 73, 1, 3, 0, 6, 2015, '2016-07-21 08:37:26'),
	(689, 74, 0, 3, 0, 6, 2015, '2016-07-21 08:37:26'),
	(690, 76, 0, 3, 0, 6, 2015, '2016-07-21 08:37:26'),
	(691, 77, 0, 3, 0, 5, 2015, '2016-07-21 08:37:26'),
	(692, 79, 0, 3, 0, 6, 2015, '2016-07-21 08:37:26'),
	(693, 80, 0, 3, 0, 5, 2015, '2016-07-21 08:37:27'),
	(694, 72, 0, 4, 0, 6, 2015, '2016-07-21 08:37:37'),
	(695, 73, 3, 4, 0, 6, 2015, '2016-07-21 08:37:37'),
	(696, 74, 0, 4, 0, 6, 2015, '2016-07-21 08:37:37'),
	(697, 76, 0, 4, 0, 6, 2015, '2016-07-21 08:37:37'),
	(698, 77, 0, 4, 0, 5, 2015, '2016-07-21 08:37:37'),
	(699, 79, 0, 4, 0, 6, 2015, '2016-07-21 08:37:37'),
	(700, 80, 0, 4, 0, 5, 2015, '2016-07-21 08:37:37'),
	(701, 72, 65, 1, 0, 6, 2016, '2016-07-21 08:37:47'),
	(702, 73, 2, 1, 0, 6, 2016, '2016-07-21 08:37:47'),
	(703, 74, 2, 1, 0, 6, 2016, '2016-07-21 08:37:47'),
	(704, 76, 0, 1, 0, 6, 2016, '2016-07-21 08:37:47'),
	(705, 77, 0, 1, 0, 5, 2016, '2016-07-21 08:37:47'),
	(706, 79, 0, 1, 0, 6, 2016, '2016-07-21 08:37:47'),
	(707, 80, 0, 1, 0, 5, 2016, '2016-07-21 08:37:47'),
	(708, 19, 50.159406, 1, 0, 1, 2012, '2016-07-21 08:43:46'),
	(709, 20, 125.61771, 1, 0, 1, 2012, '2016-07-21 08:43:46'),
	(710, 21, 125.27355, 1, 0, 1, 2012, '2016-07-21 08:43:46'),
	(711, 24, 39851.8964, 1, 0, 5, 2012, '2016-07-21 08:43:46'),
	(712, 25, 34682.6964, 1, 0, 5, 2012, '2016-07-21 08:43:46');
/*!40000 ALTER TABLE `node_value` ENABLE KEYS */;


-- 导出  表 zhoushanland.user 结构
DROP TABLE IF EXISTS `user`;
CREATE TABLE IF NOT EXISTS `user` (
  `ID` int(11) NOT NULL AUTO_INCREMENT,
  `Username` varchar(50) NOT NULL,
  `Password` varchar(50) NOT NULL,
  `Role` int(11) NOT NULL,
  `Name` varchar(50) DEFAULT NULL,
  `Deleted` bit(1) NOT NULL,
  `LastLoginTime` time DEFAULT NULL,
  `AreaID` int(11) DEFAULT NULL,
  PRIMARY KEY (`ID`),
  KEY `Username` (`Username`)
) ENGINE=InnoDB AUTO_INCREMENT=8 DEFAULT CHARSET=utf8;

-- 正在导出表  zhoushanland.user 的数据：~6 rows (大约)
/*!40000 ALTER TABLE `user` DISABLE KEYS */;
INSERT INTO `user` (`ID`, `Username`, `Password`, `Role`, `Name`, `Deleted`, `LastLoginTime`, `AreaID`) VALUES
	(1, 'admin', '202cb962ac59075b964b07152d234b70', 4, 'admin', b'0', NULL, NULL),
	(3, 'loowootech', '202cb962ac59075b964b07152d234b70', 4, 'loowootech', b'0', NULL, NULL),
	(4, 'ty', '202cb962ac59075b964b07152d234b70', 3, '唐尧', b'0', NULL, NULL),
	(5, 'zq', '202cb962ac59075b964b07152d234b70', 2, '赵泉', b'0', NULL, 1),
	(6, 'zwj', '202cb962ac59075b964b07152d234b70', 1, '周威俊', b'0', NULL, 6),
	(7, 'xc', '202cb962ac59075b964b07152d234b70', 1, '新城', b'0', NULL, 2);
/*!40000 ALTER TABLE `user` ENABLE KEYS */;


-- 导出  表 zhoushanland.value_type 结构
DROP TABLE IF EXISTS `value_type`;
CREATE TABLE IF NOT EXISTS `value_type` (
  `ID` int(11) NOT NULL AUTO_INCREMENT,
  `Name` varchar(50) NOT NULL DEFAULT '0',
  `Units` varchar(255) NOT NULL,
  `Ratio` int(11) NOT NULL,
  PRIMARY KEY (`ID`)
) ENGINE=InnoDB AUTO_INCREMENT=7 DEFAULT CHARSET=utf8;

-- 正在导出表  zhoushanland.value_type 的数据：~6 rows (大约)
/*!40000 ALTER TABLE `value_type` DISABLE KEYS */;
INSERT INTO `value_type` (`ID`, `Name`, `Units`, `Ratio`) VALUES
	(1, '面积', '亩,公顷', 1000),
	(3, '件数', '件', 0),
	(4, '宗数', '宗', 0),
	(5, '费用', '元,万元,亿元', 10000),
	(6, '个数', '个', 0);
/*!40000 ALTER TABLE `value_type` ENABLE KEYS */;
/*!40101 SET SQL_MODE=IFNULL(@OLD_SQL_MODE, '') */;
/*!40014 SET FOREIGN_KEY_CHECKS=IF(@OLD_FOREIGN_KEY_CHECKS IS NULL, 1, @OLD_FOREIGN_KEY_CHECKS) */;
/*!40101 SET CHARACTER_SET_CLIENT=@OLD_CHARACTER_SET_CLIENT */;
