-- --------------------------------------------------------
-- 主机:                           rdsyefqqmvq7bie.mysql.rds.aliyuncs.com
-- 服务器版本:                        5.5.18.1-log - Source distribution
-- 服务器操作系统:                      Linux
-- HeidiSQL 版本:                  9.3.0.4984
-- --------------------------------------------------------

/*!40101 SET @OLD_CHARACTER_SET_CLIENT=@@CHARACTER_SET_CLIENT */;
/*!40101 SET NAMES utf8mb4 */;
/*!40014 SET @OLD_FOREIGN_KEY_CHECKS=@@FOREIGN_KEY_CHECKS, FOREIGN_KEY_CHECKS=0 */;
/*!40101 SET @OLD_SQL_MODE=@@SQL_MODE, SQL_MODE='NO_AUTO_VALUE_ON_ZERO' */;

-- 导出  表 zhoushan.area 结构
DROP TABLE IF EXISTS `area`;
CREATE TABLE IF NOT EXISTS `area` (
  `ID` int(11) NOT NULL AUTO_INCREMENT,
  `Name` varchar(50) NOT NULL DEFAULT '0',
  `ParentID` int(11) NOT NULL DEFAULT '0',
  PRIMARY KEY (`ID`)
) ENGINE=InnoDB AUTO_INCREMENT=13 DEFAULT CHARSET=utf8;

-- 正在导出表  zhoushan.area 的数据：~10 rows (大约)
/*!40000 ALTER TABLE `area` DISABLE KEYS */;
INSERT INTO `area` (`ID`, `Name`, `ParentID`) VALUES
	(1, '市本级', 0),
	(2, '新城', 1),
	(3, '定海区', 0),
	(4, '岱山县', 0),
	(5, '普陀区', 0),
	(6, '嵊泗县', 0),
	(9, '产业集聚区', 1),
	(10, '金塘', 3),
	(11, '六横', 5),
	(12, '朱家尖', 5);
/*!40000 ALTER TABLE `area` ENABLE KEYS */;


-- 导出  表 zhoushan.dossier 结构
DROP TABLE IF EXISTS `dossier`;
CREATE TABLE IF NOT EXISTS `dossier` (
  `ID` int(11) NOT NULL AUTO_INCREMENT,
  `Year` int(11) NOT NULL,
  `Quarter` int(11) NOT NULL,
  `Remark` varchar(1023) DEFAULT NULL,
  `UploadTime` datetime NOT NULL,
  PRIMARY KEY (`ID`)
) ENGINE=InnoDB AUTO_INCREMENT=11 DEFAULT CHARSET=utf8;

-- 正在导出表  zhoushan.dossier 的数据：~10 rows (大约)
/*!40000 ALTER TABLE `dossier` DISABLE KEYS */;
INSERT INTO `dossier` (`ID`, `Year`, `Quarter`, `Remark`, `UploadTime`) VALUES
	(1, 2016, 1, 'uploads/QL_20160725_0007.pdf', '2016-08-14 23:16:38'),
	(2, 2016, 2, 'uploads/QL_20160725_0007.pdf', '2016-07-27 11:22:58'),
	(3, 2016, 3, 'uploads/QL_20160725_0007.pdf', '2016-07-27 11:27:07'),
	(4, 2015, 1, '第一季度', '2016-08-01 16:34:10'),
	(5, 2014, 1, '年度统计册子', '2016-08-01 16:33:33'),
	(6, 2015, 2, 'uploads/QL_20160725_0008636052294359612835.pdf', '2016-07-27 15:17:17'),
	(7, 2016, 4, 'uploads/SKM_C364e16072710310_0001636052294514076858.pdf', '2016-07-27 15:17:37'),
	(8, 2013, 1, NULL, '2016-07-29 10:22:53'),
	(9, 2013, 2, '123342', '2016-07-29 10:44:02'),
	(10, 2012, 2, '第二季度', '2016-07-29 13:38:47');
/*!40000 ALTER TABLE `dossier` ENABLE KEYS */;


-- 导出  表 zhoushan.dossierfile 结构
DROP TABLE IF EXISTS `dossierfile`;
CREATE TABLE IF NOT EXISTS `dossierfile` (
  `ID` int(11) NOT NULL AUTO_INCREMENT,
  `FileName` varchar(255) NOT NULL,
  `FilePath` varchar(1023) NOT NULL,
  `DossierID` int(11) NOT NULL,
  PRIMARY KEY (`ID`)
) ENGINE=InnoDB AUTO_INCREMENT=10 DEFAULT CHARSET=utf8;

-- 正在导出表  zhoushan.dossierfile 的数据：~8 rows (大约)
/*!40000 ALTER TABLE `dossierfile` DISABLE KEYS */;
INSERT INTO `dossierfile` (`ID`, `FileName`, `FilePath`, `DossierID`) VALUES
	(1, 'QL_20160725_0007.pdf', 'uploads/QL_20160725_0007636053858312597793.pdf', 9),
	(2, 'QL_20160725_0008.pdf', 'uploads/QL_20160725_0008636053858344267208.pdf', 9),
	(3, 'SKM_C364e16072710310_0001.pdf', 'uploads/SKM_C364e16072710310_0001636053858373893285.pdf', 9),
	(4, 'SKM_C364e16072710310_0003.pdf', 'uploads/SKM_C364e16072710310_0003636053858404059122.pdf', 9),
	(6, 'SKM_C364e16072710310_0004.pdf', 'uploads/SKM_C364e16072710310_0004636053963259065437.pdf', 10),
	(7, '2014年度数据册子.doc', 'uploads/2014年度数据册子636056660126596791.doc', 5),
	(8, '2015年第一季度数据册子.doc', 'uploads/2015年第一季度数据册子636056660493232278.doc', 4),
	(9, 'QL_20160725_0007.pdf', 'uploads/QL_20160725_0007636053962884252665.pdf', 1);
/*!40000 ALTER TABLE `dossierfile` ENABLE KEYS */;


-- 导出  表 zhoushan.form 结构
DROP TABLE IF EXISTS `form`;
CREATE TABLE IF NOT EXISTS `form` (
  `ID` int(11) NOT NULL AUTO_INCREMENT,
  `Name` varchar(255) NOT NULL,
  `ImportTemplate` varchar(512) DEFAULT NULL,
  `ExportTemplate` varchar(512) DEFAULT NULL,
  `ExcludeSubArea` bit(1) NOT NULL,
  PRIMARY KEY (`ID`)
) ENGINE=InnoDB AUTO_INCREMENT=10 DEFAULT CHARSET=utf8;

-- 正在导出表  zhoushan.form 的数据：~9 rows (大约)
/*!40000 ALTER TABLE `form` DISABLE KEYS */;
INSERT INTO `form` (`ID`, `Name`, `ImportTemplate`, `ExportTemplate`, `ExcludeSubArea`) VALUES
	(1, '建设用地审批', NULL, NULL, b'1'),
	(2, '建设用地供应', NULL, NULL, b'1'),
	(3, '土地储备', NULL, NULL, b'0'),
	(4, '土地征收', NULL, NULL, b'0'),
	(5, '土地登记', NULL, NULL, b'1'),
	(6, '矿业权市场', NULL, NULL, b'0'),
	(7, '信访', NULL, NULL, b'0'),
	(8, '建设用地预审', NULL, NULL, b'1'),
	(9, '国土资源违法案件', NULL, NULL, b'1');
/*!40000 ALTER TABLE `form` ENABLE KEYS */;


-- 导出  表 zhoushan.node 结构
DROP TABLE IF EXISTS `node`;
CREATE TABLE IF NOT EXISTS `node` (
  `ID` int(11) NOT NULL AUTO_INCREMENT,
  `FormID` int(11) NOT NULL DEFAULT '0',
  `ParentID` int(11) NOT NULL DEFAULT '0',
  `Name` varchar(50) NOT NULL DEFAULT '0',
  `Group` varchar(50) DEFAULT NULL,
  `ValueTypes` varchar(50) NOT NULL DEFAULT '0',
  PRIMARY KEY (`ID`),
  KEY `FormID` (`FormID`),
  KEY `ParentID` (`ParentID`)
) ENGINE=InnoDB AUTO_INCREMENT=155 DEFAULT CHARSET=utf8;

-- 正在导出表  zhoushan.node 的数据：~84 rows (大约)
/*!40000 ALTER TABLE `node` DISABLE KEYS */;
INSERT INTO `node` (`ID`, `FormID`, `ParentID`, `Name`, `Group`, `ValueTypes`) VALUES
	(1, 1, 0, '批准建设用地面积', NULL, '1'),
	(3, 1, 1, '新增建设用地', NULL, '1'),
	(4, 1, 3, '农用地', NULL, '1'),
	(5, 1, 4, '耕地', NULL, '1'),
	(6, 1, 3, '未利用地', NULL, '1'),
	(7, 1, 1, '城市分批次建设用地', '类型', '1'),
	(8, 1, 1, '单独选址建设用地', '类型', '1'),
	(9, 1, 8, '能源用地', NULL, '1'),
	(10, 1, 8, '交通用地', NULL, '1'),
	(11, 1, 8, '水利用地', NULL, '1'),
	(12, 1, 8, '其他用地', NULL, '1'),
	(13, 2, 0, '建设用地供应总量', NULL, '1'),
	(14, 2, 13, '新增建设用地', NULL, '1'),
	(15, 2, 13, '房地产用地', '用地类型', '1'),
	(16, 2, 13, '工业仓储用地', '用地类型', '1'),
	(17, 2, 15, '商服用地', NULL, '1'),
	(18, 2, 15, '普通商品房用地', NULL, '1'),
	(19, 3, 0, '新增土地储备宗数', NULL, '4'),
	(20, 3, 0, '新增土地储备面积', NULL, '1'),
	(21, 3, 20, '回收土地', NULL, '1'),
	(24, 3, 0, '期内支出', NULL, '5'),
	(25, 3, 24, '补偿款', NULL, '5'),
	(37, 4, 0, '土地征收', NULL, '1'),
	(38, 4, 0, '征收费用', NULL, '5'),
	(43, 4, 0, '安置农业人口', NULL, '6'),
	(48, 5, 0, '期末情况', '土地抵押登记', '1,4,5'),
	(49, 5, 0, '期内增加', '土地抵押登记', '1,4,5'),
	(50, 5, 0, '期内减少', '土地抵押登记', '1,4,5'),
	(58, 5, 0, '国有土地使用权', '土地登记发证', '4'),
	(59, 5, 0, '集体土地所有权', '土地登记发证', '4'),
	(68, 4, 37, '农用地', NULL, '1'),
	(72, 6, 0, '采矿权许可证数', NULL, '6'),
	(73, 6, 72, '新立', NULL, '6'),
	(74, 6, 72, '撤销', NULL, '6'),
	(75, 6, 0, '采矿权出让', NULL, '6'),
	(76, 6, 75, '采矿权出让个数', NULL, '6'),
	(77, 6, 75, '缴纳采矿权出让价款', NULL, '5'),
	(87, 2, 13, '其他用地', '用地类型', '1'),
	(88, 2, 13, '划拨面积', '供地方式', '1'),
	(89, 2, 13, '出让面积', '供地方式', '1'),
	(90, 2, 89, '招拍挂出让面积', NULL, '1'),
	(91, 2, 0, '出让金', NULL, '5'),
	(92, 3, 20, '收购土地', NULL, '1'),
	(93, 3, 20, '其他', NULL, '1'),
	(94, 3, 24, '开发费', NULL, '5'),
	(95, 3, 0, '结算土地收储成本', NULL, '5'),
	(96, 3, 0, '报告期末土地储备面积', NULL, '1'),
	(103, 5, 0, '集体土地使用权', '土地登记发证', '4'),
	(104, 5, 0, '宅基地使用权', '土地登记发证', '4'),
	(105, 8, 0, '预审件数', NULL, '3'),
	(106, 8, 0, '预审面积', NULL, '1'),
	(107, 8, 106, '耕地', NULL, '1'),
	(108, 8, 106, '能源用地', NULL, '1'),
	(109, 8, 106, '交通用地', NULL, '1'),
	(110, 8, 106, '水利用地', NULL, '1'),
	(111, 8, 106, '其他用地', NULL, '1'),
	(112, 9, 0, '土地违法案件', '土地违法案件', '3'),
	(113, 9, 112, '涉及土地面积', NULL, '1'),
	(114, 9, 113, '耕地', NULL, '1'),
	(115, 9, 0, '土地违法结案', '土地违法案件', '3'),
	(116, 9, 115, '收回土地面积', NULL, '1'),
	(117, 9, 116, '耕地', NULL, '1'),
	(118, 9, 115, '拆除建筑面积', NULL, '8'),
	(119, 9, 115, '没收建筑面积', NULL, '8'),
	(120, 9, 115, '罚没款', NULL, '5'),
	(121, 9, 0, '矿产违法案件', '土地违法案件', '3'),
	(122, 9, 121, '立案', NULL, '3'),
	(123, 9, 121, '结案', NULL, '3'),
	(124, 9, 121, '罚没款', NULL, '5'),
	(131, 6, 0, '采矿权出让', NULL, '6'),
	(132, 6, 131, '采矿权出让个数', NULL, '6'),
	(133, 6, 131, '采矿权出让价款', NULL, '5'),
	(137, 6, 0, '矿产三费收费情况', NULL, '5'),
	(138, 6, 137, '出让金', NULL, '5'),
	(139, 6, 137, '治理备用金', NULL, '5'),
	(140, 6, 137, '资源补偿费', NULL, '5'),
	(141, 7, 0, '本期来信', NULL, '3'),
	(142, 7, 0, '本期来访', NULL, '7,9'),
	(145, 3, 0, '期内新增面积', NULL, '1'),
	(146, 3, 0, '期末面积', NULL, '1'),
	(147, 4, 68, '耕地', NULL, '1'),
	(151, 4, 37, '建设用地', NULL, '1'),
	(152, 4, 37, '其他用地', NULL, '1'),
	(154, 4, 68, '其他农用地', NULL, '1');
/*!40000 ALTER TABLE `node` ENABLE KEYS */;


-- 导出  表 zhoushan.node_value 结构
DROP TABLE IF EXISTS `node_value`;
CREATE TABLE IF NOT EXISTS `node_value` (
  `ID` int(11) NOT NULL AUTO_INCREMENT,
  `NodeID` int(11) NOT NULL,
  `Value` double NOT NULL,
  `Raw_Value` double NOT NULL,
  `Quarter` int(11) NOT NULL,
  `AreaID` int(11) NOT NULL,
  `TypeID` int(11) NOT NULL,
  `Year` int(11) NOT NULL,
  `UpdateTime` datetime NOT NULL,
  PRIMARY KEY (`ID`),
  KEY `NodeID` (`NodeID`)
) ENGINE=InnoDB AUTO_INCREMENT=719 DEFAULT CHARSET=utf8;

-- 正在导出表  zhoushan.node_value 的数据：~472 rows (大约)
/*!40000 ALTER TABLE `node_value` DISABLE KEYS */;
INSERT INTO `node_value` (`ID`, `NodeID`, `Value`, `Raw_Value`, `Quarter`, `AreaID`, `TypeID`, `Year`, `UpdateTime`) VALUES
	(1, 1, 10130.15, 10130.15, 4, 0, 1, 2014, '2016-08-26 15:18:23'),
	(2, 3, 7473.75, 7473.75, 4, 0, 1, 2014, '2016-08-26 15:18:23'),
	(3, 4, 7151.6, 7151.6, 4, 0, 1, 2014, '2016-08-26 15:18:23'),
	(4, 5, 4748.05, 4748.05, 4, 0, 1, 2014, '2016-08-26 15:18:23'),
	(5, 6, 206.2, 206.2, 4, 0, 1, 2014, '2016-08-26 15:18:24'),
	(6, 7, 5334.15, 5334.15, 4, 0, 1, 2014, '2016-08-26 15:18:24'),
	(7, 8, 4796, 4796, 4, 0, 1, 2014, '2016-08-26 15:18:24'),
	(8, 9, 0, 0, 4, 0, 1, 2014, '2016-08-26 15:18:24'),
	(9, 10, 4290.1, 4290.1, 4, 0, 1, 2014, '2016-08-26 15:18:24'),
	(10, 11, 0, 0, 4, 0, 1, 2014, '2016-08-26 15:18:24'),
	(11, 12, 505.9, 505.9, 4, 0, 1, 2014, '2016-08-26 15:18:24'),
	(12, 105, 62, 62, 4, 0, 3, 2014, '2016-08-26 15:18:43'),
	(13, 106, 3818.81, 3818.81, 4, 0, 1, 2014, '2016-08-26 15:18:43'),
	(14, 107, 756.47, 756.47, 4, 0, 1, 2014, '2016-08-26 15:18:43'),
	(15, 108, 207, 207, 4, 0, 1, 2014, '2016-08-26 15:18:43'),
	(16, 109, 1447.66, 1447.66, 4, 0, 1, 2014, '2016-08-26 15:18:43'),
	(17, 110, 0, 0, 4, 0, 1, 2014, '2016-08-26 15:18:43'),
	(18, 111, -1156.3, -1156.3, 4, 0, 1, 2014, '2016-08-26 15:18:43'),
	(19, 112, 28, 28, 4, 0, 3, 2014, '2016-08-26 15:18:51'),
	(20, 113, 375.83, 375.83, 4, 0, 1, 2014, '2016-08-26 15:18:51'),
	(21, 114, 50.1, 50.1, 4, 0, 1, 2014, '2016-08-26 15:18:51'),
	(22, 115, 77, 77, 4, 0, 3, 2014, '2016-08-26 15:18:51'),
	(23, 116, 375.9, 375.9, 4, 0, 1, 2014, '2016-08-26 15:18:51'),
	(24, 117, 50.1, 50.1, 4, 0, 1, 2014, '2016-08-26 15:18:51'),
	(25, 118, 1771, 1771, 4, 0, 8, 2014, '2016-08-26 15:18:51'),
	(26, 119, 154470, 154470, 4, 0, 8, 2014, '2016-08-26 15:18:51'),
	(27, 120, 407.67, 407.67, 4, 0, 5, 2014, '2016-08-26 15:18:51'),
	(28, 121, 1, 1, 4, 0, 3, 2014, '2016-08-26 15:18:51'),
	(29, 122, 1, 1, 4, 0, 3, 2014, '2016-08-26 15:18:51'),
	(30, 123, 2, 2, 4, 0, 3, 2014, '2016-08-26 15:18:51'),
	(31, 124, 0.05, 0.05, 4, 0, 5, 2014, '2016-08-26 15:18:51'),
	(32, 13, 4899.58, 4899.58, 4, 0, 1, 2014, '2016-08-26 15:18:59'),
	(33, 14, 3069.75, 3069.75, 4, 0, 1, 2014, '2016-08-26 15:18:59'),
	(34, 15, 602.78, 602.78, 4, 0, 1, 2014, '2016-08-26 15:18:59'),
	(35, 17, 456.6, 456.6, 4, 0, 1, 2014, '2016-08-26 15:18:59'),
	(36, 184, 146.17, 146.17, 4, 0, 1, 2014, '2016-08-26 15:18:59'),
	(37, 16, 441.1, 441.1, 4, 0, 1, 2014, '2016-08-26 15:18:59'),
	(38, 87, 3586.35, 3586.35, 4, 0, 1, 2014, '2016-08-26 15:18:59'),
	(39, 88, 2647.72, 2647.72, 4, 0, 1, 2014, '2016-08-26 15:18:59'),
	(40, 89, 2251.86, 2251.86, 4, 0, 1, 2014, '2016-08-26 15:18:59'),
	(41, 90, 1069.41, 1069.41, 4, 0, 1, 2014, '2016-08-26 15:18:59'),
	(42, 91, 160724, 160724, 4, 0, 5, 2014, '2016-08-26 15:18:59'),
	(43, 72, 1, 1, 4, 0, 6, 2014, '2016-08-26 15:19:07'),
	(44, 73, 3, 3, 4, 0, 6, 2014, '2016-08-26 15:19:07'),
	(45, 74, 0, 0, 4, 0, 6, 2014, '2016-08-26 15:19:08'),
	(46, 75, 0, 0, 4, 0, 6, 2014, '2016-08-26 15:19:08'),
	(47, 76, 10, 10, 4, 0, 6, 2014, '2016-08-26 15:19:08'),
	(48, 77, 38270.9, 38270.9, 4, 0, 5, 2014, '2016-08-26 15:19:08'),
	(49, 131, 0, 0, 4, 0, 6, 2014, '2016-08-26 15:19:08'),
	(50, 132, 0, 0, 4, 0, 6, 2014, '2016-08-26 15:19:08'),
	(51, 133, 0, 0, 4, 0, 5, 2014, '2016-08-26 15:19:08'),
	(52, 19, 47, 47, 4, 0, 3, 2014, '2016-08-26 15:19:16'),
	(53, 20, 3692.92, 3692.92, 4, 0, 1, 2014, '2016-08-26 15:19:16'),
	(54, 21, 2068.79, 2068.79, 4, 0, 1, 2014, '2016-08-26 15:19:16'),
	(55, 92, 888.42, 888.42, 4, 0, 1, 2014, '2016-08-26 15:19:16'),
	(56, 93, 1095.71, 1095.71, 4, 0, 1, 2014, '2016-08-26 15:19:16'),
	(57, 24, 455494, 455494, 4, 0, 4, 2014, '2016-08-26 15:19:16'),
	(58, 25, 378122.3, 378122.3, 4, 0, 4, 2014, '2016-08-26 15:19:16'),
	(59, 94, 347, 347, 4, 0, 4, 2014, '2016-08-26 15:19:16'),
	(60, 95, 40484.79, 40484.79, 4, 0, 4, 2014, '2016-08-26 15:19:16'),
	(61, 96, 287.629999999999, 287.629999999999, 4, 0, 1, 2014, '2016-08-26 15:19:16'),
	(62, 48, 19, 19, 4, 0, 4, 2014, '2016-08-26 15:19:23'),
	(63, 48, -8244.83, -8244.83, 4, 0, 1, 2014, '2016-08-26 15:19:23'),
	(64, 48, -1616200, -1616200, 4, 0, 5, 2014, '2016-08-26 15:19:23'),
	(65, 49, 114, 114, 4, 0, 4, 2014, '2016-08-26 15:19:23'),
	(66, 49, 4862.37, 4862.37, 4, 0, 1, 2014, '2016-08-26 15:19:23'),
	(67, 49, 1263300, 1263300, 4, 0, 5, 2014, '2016-08-26 15:19:23'),
	(68, 50, 95, 95, 4, 0, 4, 2014, '2016-08-26 15:19:23'),
	(69, 50, 5560.68, 5560.68, 4, 0, 1, 2014, '2016-08-26 15:19:23'),
	(70, 50, 584600, 584600, 4, 0, 5, 2014, '2016-08-26 15:19:23'),
	(71, 58, 4954, 4954, 4, 0, 3, 2014, '2016-08-26 15:19:23'),
	(72, 59, 0, 0, 4, 0, 3, 2014, '2016-08-26 15:19:23'),
	(73, 103, 16, 16, 4, 0, 3, 2014, '2016-08-26 15:19:23'),
	(74, 104, 1480, 1480, 4, 0, 3, 2014, '2016-08-26 15:19:23'),
	(75, 141, 11, 11, 4, 0, 3, 2014, '2016-08-26 15:19:36'),
	(76, 142, 7, 7, 4, 0, 9, 2014, '2016-08-26 15:19:36'),
	(77, 142, 5, 5, 4, 0, 7, 2014, '2016-08-26 15:19:36'),
	(157, 112, 7, 7, 3, 0, 3, 2015, '2016-08-26 21:39:13'),
	(158, 113, 14.76, 14.76, 3, 0, 1, 2015, '2016-08-26 21:39:13'),
	(159, 114, 13.13, 13.13, 3, 0, 1, 2015, '2016-08-26 21:39:13'),
	(160, 115, 0, 0, 3, 0, 3, 2015, '2016-08-26 21:39:13'),
	(161, 116, 32.91, 32.91, 3, 0, 1, 2015, '2016-08-26 21:39:13'),
	(162, 117, 13.14, 13.14, 3, 0, 1, 2015, '2016-08-26 21:39:13'),
	(163, 118, -18922.01, -18922.01, 3, 0, 8, 2015, '2016-08-26 21:39:13'),
	(164, 119, 4.04, 4.04, 3, 0, 8, 2015, '2016-08-26 21:39:13'),
	(165, 120, 686.67, 686.67, 3, 0, 5, 2015, '2016-08-26 21:39:13'),
	(166, 121, 2, 2, 3, 0, 3, 2015, '2016-08-26 21:39:13'),
	(167, 122, 2, 2, 3, 0, 3, 2015, '2016-08-26 21:39:13'),
	(168, 123, 4, 4, 3, 0, 3, 2015, '2016-08-26 21:39:13'),
	(169, 124, 52.31, 52.31, 3, 0, 5, 2015, '2016-08-26 21:39:13'),
	(170, 13, 1403.25, 1403.25, 3, 0, 1, 2015, '2016-08-26 21:39:20'),
	(171, 14, 1609.65, 1609.65, 3, 0, 1, 2015, '2016-08-26 21:39:20'),
	(172, 15, 66.7800000000001, 66.7800000000001, 3, 0, 1, 2015, '2016-08-26 21:39:20'),
	(173, 17, 66.76, 66.76, 3, 0, 1, 2015, '2016-08-26 21:39:20'),
	(174, 184, 0.0200000000000031, 0.0200000000000031, 3, 0, 1, 2015, '2016-08-26 21:39:20'),
	(175, 16, 711.77, 711.77, 3, 0, 1, 2015, '2016-08-26 21:39:20'),
	(176, 87, 420.02, 420.02, 3, 0, 1, 2015, '2016-08-26 21:39:20'),
	(177, 88, 429.81, 429.81, 3, 0, 1, 2015, '2016-08-26 21:39:20'),
	(178, 89, 973.44, 973.44, 3, 0, 1, 2015, '2016-08-26 21:39:20'),
	(179, 90, 461, 461, 3, 0, 1, 2015, '2016-08-26 21:39:20'),
	(180, 91, 28536.43, 28536.43, 3, 0, 5, 2015, '2016-08-26 21:39:20'),
	(181, 1, 235.39, 235.39, 3, 0, 1, 2015, '2016-08-26 21:39:27'),
	(182, 3, 192.17, 192.17, 3, 0, 1, 2015, '2016-08-26 21:39:27'),
	(183, 4, 189.7, 189.7, 3, 0, 1, 2015, '2016-08-26 21:39:27'),
	(184, 5, 93.63, 93.63, 3, 0, 1, 2015, '2016-08-26 21:39:27'),
	(185, 6, 2.48, 2.48, 3, 0, 1, 2015, '2016-08-26 21:39:27'),
	(186, 7, 235.39, 235.39, 3, 0, 1, 2015, '2016-08-26 21:39:27'),
	(187, 8, 0, 0, 3, 0, 1, 2015, '2016-08-26 21:39:27'),
	(188, 9, 0, 0, 3, 0, 1, 2015, '2016-08-26 21:39:27'),
	(189, 10, 0, 0, 3, 0, 1, 2015, '2016-08-26 21:39:27'),
	(190, 11, 0, 0, 3, 0, 1, 2015, '2016-08-26 21:39:27'),
	(191, 12, 0, 0, 3, 0, 1, 2015, '2016-08-26 21:39:27'),
	(192, 105, 22, 22, 3, 0, 3, 2015, '2016-08-26 21:39:34'),
	(193, 106, 346.42, 346.42, 3, 0, 1, 2015, '2016-08-26 21:39:34'),
	(194, 107, 102.98, 102.98, 3, 0, 1, 2015, '2016-08-26 21:39:34'),
	(195, 108, 0, 0, 3, 0, 1, 2015, '2016-08-26 21:39:34'),
	(196, 109, 160.41, 160.41, 3, 0, 1, 2015, '2016-08-26 21:39:34'),
	(197, 110, 0, 0, 3, 0, 1, 2015, '2016-08-26 21:39:34'),
	(198, 111, 186.006, 186.006, 3, 0, 1, 2015, '2016-08-26 21:39:34'),
	(199, 72, 1, 1, 3, 0, 6, 2015, '2016-08-26 21:39:43'),
	(200, 73, 1, 1, 3, 0, 6, 2015, '2016-08-26 21:39:43'),
	(201, 74, 0, 0, 3, 0, 6, 2015, '2016-08-26 21:39:43'),
	(202, 75, 0, 0, 3, 0, 6, 2015, '2016-08-26 21:39:44'),
	(203, 76, 1, 1, 3, 0, 6, 2015, '2016-08-26 21:39:44'),
	(204, 77, 1634.03999999999, 1634.03999999999, 3, 0, 5, 2015, '2016-08-26 21:39:44'),
	(205, 131, 0, 0, 3, 0, 6, 2015, '2016-08-26 21:39:44'),
	(206, 132, 0, 0, 3, 0, 6, 2015, '2016-08-26 21:39:44'),
	(207, 133, 0, 0, 3, 0, 5, 2015, '2016-08-26 21:39:44'),
	(208, 19, 5, 5, 3, 0, 3, 2015, '2016-08-26 21:39:51'),
	(209, 20, 16.7199999999993, 16.7199999999993, 3, 0, 1, 2015, '2016-08-26 21:39:51'),
	(210, 21, 12.9399999999996, 12.9399999999996, 3, 0, 1, 2015, '2016-08-26 21:39:51'),
	(211, 92, 6.78, 6.78, 3, 0, 1, 2015, '2016-08-26 21:39:51'),
	(212, 93, 0, 0, 3, 0, 1, 2015, '2016-08-26 21:39:51'),
	(213, 24, 12100.97, 12100.97, 3, 0, 4, 2015, '2016-08-26 21:39:51'),
	(214, 25, 12100.97, 12100.97, 3, 0, 4, 2015, '2016-08-26 21:39:51'),
	(215, 94, 0, 0, 3, 0, 4, 2015, '2016-08-26 21:39:51'),
	(216, 95, 11498.03, 11498.03, 3, 0, 4, 2015, '2016-08-26 21:39:51'),
	(217, 96, -2222.03, -2222.03, 3, 0, 1, 2015, '2016-08-26 21:39:51'),
	(218, 48, -55, -55, 3, 0, 4, 2015, '2016-08-26 21:39:58'),
	(219, 48, -2426.7, -2426.7, 3, 0, 1, 2015, '2016-08-26 21:39:58'),
	(220, 48, -206700.00000000003, -206700.00000000003, 3, 0, 5, 2015, '2016-08-26 21:39:58'),
	(221, 49, 41, 41, 3, 0, 4, 2015, '2016-08-26 21:39:58'),
	(222, 49, 2637.15, 2637.15, 3, 0, 1, 2015, '2016-08-26 21:39:58'),
	(223, 49, 270000, 270000, 3, 0, 5, 2015, '2016-08-26 21:39:58'),
	(224, 50, 96, 96, 3, 0, 4, 2015, '2016-08-26 21:39:58'),
	(225, 50, 5211.15, 5211.15, 3, 0, 1, 2015, '2016-08-26 21:39:58'),
	(226, 50, 488700, 488700, 3, 0, 5, 2015, '2016-08-26 21:39:58'),
	(227, 58, 6303, 6303, 3, 0, 3, 2015, '2016-08-26 21:39:58'),
	(228, 59, 0, 0, 3, 0, 3, 2015, '2016-08-26 21:39:58'),
	(229, 103, 5, 5, 3, 0, 3, 2015, '2016-08-26 21:39:58'),
	(230, 104, 2513, 2513, 3, 0, 3, 2015, '2016-08-26 21:39:58'),
	(231, 37, 988.429999999999, 988.429999999999, 3, 0, 1, 2015, '2016-08-26 21:40:08'),
	(232, 68, 879.42, 879.42, 3, 0, 1, 2015, '2016-08-26 21:40:08'),
	(233, 147, 647.52, 647.52, 3, 0, 1, 2015, '2016-08-26 21:40:09'),
	(234, 38, 10723.39, 10723.39, 3, 0, 4, 2015, '2016-08-26 21:40:09'),
	(235, 43, 1272, 1272, 3, 0, 6, 2015, '2016-08-26 21:40:09'),
	(236, 112, 11, 11, 4, 0, 3, 2015, '2016-08-26 21:40:17'),
	(237, 113, -331.14, -331.14, 4, 0, 1, 2015, '2016-08-26 21:40:17'),
	(238, 114, -110.17, -110.17, 4, 0, 1, 2015, '2016-08-26 21:40:17'),
	(239, 115, 107, 107, 4, 0, 3, 2015, '2016-08-26 21:40:17'),
	(240, 116, -286.65, -286.65, 4, 0, 1, 2015, '2016-08-26 21:40:17'),
	(241, 117, -102.61, -102.61, 4, 0, 1, 2015, '2016-08-26 21:40:17'),
	(242, 118, 78176.01, 78176.01, 4, 0, 8, 2015, '2016-08-26 21:40:17'),
	(243, 119, 29613.72, 29613.72, 4, 0, 8, 2015, '2016-08-26 21:40:17'),
	(244, 120, -419.61, -419.61, 4, 0, 5, 2015, '2016-08-26 21:40:17'),
	(245, 121, 8, 8, 4, 0, 3, 2015, '2016-08-26 21:40:17'),
	(246, 122, 8, 8, 4, 0, 3, 2015, '2016-08-26 21:40:17'),
	(247, 123, 3, 3, 4, 0, 3, 2015, '2016-08-26 21:40:17'),
	(248, 124, 11.27, 11.27, 4, 0, 5, 2015, '2016-08-26 21:40:17'),
	(249, 13, 4887.25, 4887.25, 4, 0, 1, 2015, '2016-08-26 21:40:31'),
	(250, 14, 3224.09, 3224.09, 4, 0, 1, 2015, '2016-08-26 21:40:31'),
	(251, 15, 141.14, 141.14, 4, 0, 1, 2015, '2016-08-26 21:40:31'),
	(252, 17, 20.27, 20.27, 4, 0, 1, 2015, '2016-08-26 21:40:31'),
	(253, 184, 120.87, 120.87, 4, 0, 1, 2015, '2016-08-26 21:40:31'),
	(254, 16, 2127.65, 2127.65, 4, 0, 1, 2015, '2016-08-26 21:40:31'),
	(255, 87, 2175.36, 2175.36, 4, 0, 1, 2015, '2016-08-26 21:40:31'),
	(256, 88, 2322.27, 2322.27, 4, 0, 1, 2015, '2016-08-26 21:40:31'),
	(257, 89, 2564.98, 2564.98, 4, 0, 1, 2015, '2016-08-26 21:40:31'),
	(258, 90, 2502, 2502, 4, 0, 1, 2015, '2016-08-26 21:40:31'),
	(259, 91, 115522.65, 115522.65, 4, 0, 5, 2015, '2016-08-26 21:40:31'),
	(260, 1, 6732.47, 6732.47, 4, 0, 1, 2015, '2016-08-26 21:40:37'),
	(261, 3, 6213.36, 6213.36, 4, 0, 1, 2015, '2016-08-26 21:40:37'),
	(262, 4, 5895.56, 5895.56, 4, 0, 1, 2015, '2016-08-26 21:40:37'),
	(263, 5, 3548.41, 3548.41, 4, 0, 1, 2015, '2016-08-26 21:40:37'),
	(264, 6, 317.8, 317.8, 4, 0, 1, 2015, '2016-08-26 21:40:37'),
	(265, 7, 5680.47, 5680.47, 4, 0, 1, 2015, '2016-08-26 21:40:38'),
	(266, 8, 0, 0, 4, 0, 1, 2015, '2016-08-26 21:40:38'),
	(267, 9, 0, 0, 4, 0, 1, 2015, '2016-08-26 21:40:38'),
	(268, 10, 0, 0, 4, 0, 1, 2015, '2016-08-26 21:40:38'),
	(269, 11, 0, 0, 4, 0, 1, 2015, '2016-08-26 21:40:38'),
	(270, 12, 0, 0, 4, 0, 1, 2015, '2016-08-26 21:40:38'),
	(271, 105, 38, 38, 4, 0, 3, 2015, '2016-08-26 21:40:44'),
	(272, 106, 1245, 1245, 4, 0, 1, 2015, '2016-08-26 21:40:44'),
	(273, 107, 350.71, 350.71, 4, 0, 1, 2015, '2016-08-26 21:40:44'),
	(274, 108, 32.85, 32.85, 4, 0, 1, 2015, '2016-08-26 21:40:44'),
	(275, 109, 332.29, 332.29, 4, 0, 1, 2015, '2016-08-26 21:40:44'),
	(276, 110, 7.09, 7.09, 4, 0, 1, 2015, '2016-08-26 21:40:44'),
	(277, 111, 873, 873, 4, 0, 1, 2015, '2016-08-26 21:40:44'),
	(278, 72, -4, -4, 4, 0, 6, 2015, '2016-08-26 21:40:52'),
	(279, 73, 8, 8, 4, 0, 6, 2015, '2016-08-26 21:40:52'),
	(280, 74, 0, 0, 4, 0, 6, 2015, '2016-08-26 21:40:52'),
	(281, 75, 0, 0, 4, 0, 6, 2015, '2016-08-26 21:40:52'),
	(282, 76, 8, 8, 4, 0, 6, 2015, '2016-08-26 21:40:52'),
	(283, 77, 5854, 5854, 4, 0, 5, 2015, '2016-08-26 21:40:52'),
	(284, 131, 0, 0, 4, 0, 6, 2015, '2016-08-26 21:40:52'),
	(285, 132, 0, 0, 4, 0, 6, 2015, '2016-08-26 21:40:52'),
	(286, 133, 0, 0, 4, 0, 5, 2015, '2016-08-26 21:40:52'),
	(287, 19, 16, 16, 4, 0, 3, 2015, '2016-08-26 21:40:58'),
	(288, 20, 4683.79, 4683.79, 4, 0, 1, 2015, '2016-08-26 21:40:58'),
	(289, 21, 1440.17, 1440.17, 4, 0, 1, 2015, '2016-08-26 21:40:58'),
	(290, 92, 3240.62, 3240.62, 4, 0, 1, 2015, '2016-08-26 21:40:58'),
	(291, 93, 0, 0, 4, 0, 1, 2015, '2016-08-26 21:40:58'),
	(292, 24, 256058.65, 256058.65, 4, 0, 4, 2015, '2016-08-26 21:40:58'),
	(293, 25, 255408.1, 255408.1, 4, 0, 4, 2015, '2016-08-26 21:40:58'),
	(294, 94, 0, 0, 4, 0, 4, 2015, '2016-08-26 21:40:58'),
	(295, 95, 8718.48, 8718.48, 4, 0, 4, 2015, '2016-08-26 21:40:58'),
	(296, 96, 4859.19, 4859.19, 4, 0, 1, 2015, '2016-08-26 21:40:59'),
	(297, 48, -27, -27, 4, 0, 4, 2015, '2016-08-26 21:41:07'),
	(298, 48, -1880.2, -1880.2, 4, 0, 1, 2015, '2016-08-26 21:41:07'),
	(299, 48, 73500.0000000002, 73500.0000000002, 4, 0, 5, 2015, '2016-08-26 21:41:07'),
	(300, 49, 114, 114, 4, 0, 4, 2015, '2016-08-26 21:41:07'),
	(301, 49, 10829.55, 10829.55, 4, 0, 1, 2015, '2016-08-26 21:41:07'),
	(302, 49, 1012400, 1012400, 4, 0, 5, 2015, '2016-08-26 21:41:07'),
	(303, 50, 141, 141, 4, 0, 4, 2015, '2016-08-26 21:41:07'),
	(304, 50, 12560.57, 12560.57, 4, 0, 1, 2015, '2016-08-26 21:41:07'),
	(305, 50, 927000, 927000, 4, 0, 5, 2015, '2016-08-26 21:41:07'),
	(306, 58, 14171, 14171, 4, 0, 3, 2015, '2016-08-26 21:41:07'),
	(307, 59, 0, 0, 4, 0, 3, 2015, '2016-08-26 21:41:07'),
	(308, 103, 9, 9, 4, 0, 3, 2015, '2016-08-26 21:41:07'),
	(309, 104, 786, 786, 4, 0, 3, 2015, '2016-08-26 21:41:07'),
	(310, 37, 669.940000000001, 669.940000000001, 4, 0, 1, 2015, '2016-08-26 21:41:13'),
	(311, 68, 1233.81, 1233.81, 4, 0, 1, 2015, '2016-08-26 21:41:13'),
	(312, 147, 788.53, 788.53, 4, 0, 1, 2015, '2016-08-26 21:41:13'),
	(313, 38, 8630.39, 8630.39, 4, 0, 4, 2015, '2016-08-26 21:41:13'),
	(314, 43, 1260, 1260, 4, 0, 6, 2015, '2016-08-26 21:41:13'),
	(397, 112, 38, 38, 1, 0, 3, 2016, '2016-08-26 21:44:49'),
	(398, 113, 94.05, 94.05, 1, 0, 1, 2016, '2016-08-26 21:44:49'),
	(399, 114, 29.7, 29.7, 1, 0, 1, 2016, '2016-08-26 21:44:49'),
	(400, 115, 27, 27, 1, 0, 3, 2016, '2016-08-26 21:44:49'),
	(401, 116, 48.75, 48.75, 1, 0, 1, 2016, '2016-08-26 21:44:49'),
	(402, 117, 28.35, 28.35, 1, 0, 1, 2016, '2016-08-26 21:44:49'),
	(403, 118, 23628, 23628, 1, 0, 8, 2016, '2016-08-26 21:44:49'),
	(404, 119, 1492, 1492, 1, 0, 8, 2016, '2016-08-26 21:44:49'),
	(405, 120, 200.67, 200.67, 1, 0, 5, 2016, '2016-08-26 21:44:49'),
	(406, 121, 3, 3, 1, 0, 3, 2016, '2016-08-26 21:44:50'),
	(407, 122, 3, 3, 1, 0, 3, 2016, '2016-08-26 21:44:50'),
	(408, 123, 1, 1, 1, 0, 3, 2016, '2016-08-26 21:44:50'),
	(409, 124, 0, 0, 1, 0, 5, 2016, '2016-08-26 21:44:50'),
	(410, 13, 1114.44, 1114.44, 1, 0, 1, 2016, '2016-08-26 21:45:11'),
	(411, 14, 629.22, 629.22, 1, 0, 1, 2016, '2016-08-26 21:45:11'),
	(412, 15, 83.11, 83.11, 1, 0, 1, 2016, '2016-08-26 21:45:11'),
	(413, 17, 80.81, 80.81, 1, 0, 1, 2016, '2016-08-26 21:45:11'),
	(414, 184, 2.3, 2.3, 1, 0, 1, 2016, '2016-08-26 21:45:12'),
	(415, 16, 374.11, 374.11, 1, 0, 1, 2016, '2016-08-26 21:45:12'),
	(416, 87, 539.16, 539.16, 1, 0, 1, 2016, '2016-08-26 21:45:12'),
	(417, 88, 629.92, 629.92, 1, 0, 1, 2016, '2016-08-26 21:45:12'),
	(418, 89, 484.53, 484.53, 1, 0, 1, 2016, '2016-08-26 21:45:12'),
	(419, 90, 483.58, 483.58, 1, 0, 1, 2016, '2016-08-26 21:45:12'),
	(420, 91, 27145.97, 27145.97, 1, 0, 5, 2016, '2016-08-26 21:45:12'),
	(421, 1, 0, 0, 1, 0, 1, 2016, '2016-08-26 21:45:23'),
	(422, 3, 0, 0, 1, 0, 1, 2016, '2016-08-26 21:45:23'),
	(423, 4, 0, 0, 1, 0, 1, 2016, '2016-08-26 21:45:23'),
	(424, 5, 0, 0, 1, 0, 1, 2016, '2016-08-26 21:45:23'),
	(425, 6, 0, 0, 1, 0, 1, 2016, '2016-08-26 21:45:23'),
	(426, 7, 0, 0, 1, 0, 1, 2016, '2016-08-26 21:45:23'),
	(427, 8, 0, 0, 1, 0, 1, 2016, '2016-08-26 21:45:23'),
	(428, 9, 0, 0, 1, 0, 1, 2016, '2016-08-26 21:45:23'),
	(429, 10, 0, 0, 1, 0, 1, 2016, '2016-08-26 21:45:23'),
	(430, 11, 0, 0, 1, 0, 1, 2016, '2016-08-26 21:45:23'),
	(431, 12, 0, 0, 1, 0, 1, 2016, '2016-08-26 21:45:23'),
	(432, 72, 73, 73, 1, 0, 6, 2016, '2016-08-26 21:45:31'),
	(433, 73, 1, 1, 1, 0, 6, 2016, '2016-08-26 21:45:31'),
	(434, 74, 1, 1, 1, 0, 6, 2016, '2016-08-26 21:45:31'),
	(435, 75, 0, 0, 1, 0, 6, 2016, '2016-08-26 21:45:31'),
	(436, 76, 1, 1, 1, 0, 6, 2016, '2016-08-26 21:45:31'),
	(437, 77, 14313.76, 14313.76, 1, 0, 5, 2016, '2016-08-26 21:45:31'),
	(438, 131, 0, 0, 1, 0, 6, 2016, '2016-08-26 21:45:31'),
	(439, 132, 0, 0, 1, 0, 6, 2016, '2016-08-26 21:45:31'),
	(440, 133, 0, 0, 1, 0, 5, 2016, '2016-08-26 21:45:31'),
	(441, 19, 9, 9, 1, 0, 3, 2016, '2016-08-26 21:45:49'),
	(442, 20, 182.07, 182.07, 1, 0, 1, 2016, '2016-08-26 21:45:49'),
	(443, 21, 13.78, 13.78, 1, 0, 1, 2016, '2016-08-26 21:45:49'),
	(444, 92, 4.4, 4.4, 1, 0, 1, 2016, '2016-08-26 21:45:49'),
	(445, 93, 163.89, 163.89, 1, 0, 1, 2016, '2016-08-26 21:45:49'),
	(446, 24, 25927, 25927, 1, 0, 4, 2016, '2016-08-26 21:45:49'),
	(447, 25, 25927, 25927, 1, 0, 4, 2016, '2016-08-26 21:45:49'),
	(448, 94, 0, 0, 1, 0, 4, 2016, '2016-08-26 21:45:49'),
	(449, 95, 0, 0, 1, 0, 4, 2016, '2016-08-26 21:45:49'),
	(450, 96, 13227.17, 13227.17, 1, 0, 1, 2016, '2016-08-26 21:45:49'),
	(451, 48, 906, 906, 1, 0, 4, 2016, '2016-08-26 21:45:57'),
	(452, 48, 81215.49, 81215.49, 1, 0, 1, 2016, '2016-08-26 21:45:57'),
	(453, 48, 7119000, 7119000, 1, 0, 5, 2016, '2016-08-26 21:45:57'),
	(454, 49, 98, 98, 1, 0, 4, 2016, '2016-08-26 21:45:57'),
	(455, 49, 4828.1, 4828.1, 1, 0, 1, 2016, '2016-08-26 21:45:57'),
	(456, 49, 371800, 371800, 1, 0, 5, 2016, '2016-08-26 21:45:57'),
	(457, 50, 100, 100, 1, 0, 4, 2016, '2016-08-26 21:45:57'),
	(458, 50, 4410.57, 4410.57, 1, 0, 1, 2016, '2016-08-26 21:45:57'),
	(459, 50, 489400, 489400, 1, 0, 5, 2016, '2016-08-26 21:45:57'),
	(460, 58, 5161, 5161, 1, 0, 3, 2016, '2016-08-26 21:45:57'),
	(461, 59, 0, 0, 1, 0, 3, 2016, '2016-08-26 21:45:57'),
	(462, 103, 0, 0, 1, 0, 3, 2016, '2016-08-26 21:45:57'),
	(463, 104, 873, 873, 1, 0, 3, 2016, '2016-08-26 21:45:57'),
	(464, 37, 162.3, 162.3, 1, 0, 1, 2016, '2016-08-26 21:46:04'),
	(465, 68, 90.45, 90.45, 1, 0, 1, 2016, '2016-08-26 21:46:04'),
	(466, 147, 51.9, 51.9, 1, 0, 1, 2016, '2016-08-26 21:46:04'),
	(467, 38, 831.56, 831.56, 1, 0, 4, 2016, '2016-08-26 21:46:04'),
	(468, 43, 51, 51, 1, 0, 6, 2016, '2016-08-26 21:46:04'),
	(469, 141, 25, 25, 1, 0, 3, 2016, '2016-08-26 21:46:11'),
	(470, 142, 27, 27, 1, 0, 9, 2016, '2016-08-26 21:46:11'),
	(471, 142, 225, 225, 1, 0, 7, 2016, '2016-08-26 21:46:11'),
	(472, 141, 71, 71, 2, 0, 3, 2016, '2016-08-26 21:46:19'),
	(473, 142, 27, 27, 2, 0, 9, 2016, '2016-08-26 21:46:19'),
	(474, 142, 101, 101, 2, 0, 7, 2016, '2016-08-26 21:46:19'),
	(475, 37, 5061.75, 5061.75, 2, 0, 1, 2016, '2016-08-26 21:46:26'),
	(476, 68, 4567.05, 4567.05, 2, 0, 1, 2016, '2016-08-26 21:46:26'),
	(477, 147, 2393.25, 2393.25, 2, 0, 1, 2016, '2016-08-26 21:46:26'),
	(478, 38, 3183.89, 3183.89, 2, 0, 4, 2016, '2016-08-26 21:46:26'),
	(479, 43, 80, 80, 2, 0, 6, 2016, '2016-08-26 21:46:26'),
	(480, 48, -60, -60, 2, 0, 4, 2016, '2016-08-26 21:46:33'),
	(481, 48, 363.149999999994, 363.149999999994, 2, 0, 1, 2016, '2016-08-26 21:46:33'),
	(482, 48, -524000, -524000, 2, 0, 5, 2016, '2016-08-26 21:46:33'),
	(483, 49, 74, 74, 2, 0, 4, 2016, '2016-08-26 21:46:33'),
	(484, 49, 7100.25, 7100.25, 2, 0, 1, 2016, '2016-08-26 21:46:33'),
	(485, 49, 436599.99999999994, 436599.99999999994, 2, 0, 5, 2016, '2016-08-26 21:46:33'),
	(486, 50, 126, 126, 2, 0, 4, 2016, '2016-08-26 21:46:33'),
	(487, 50, 6737.1, 6737.1, 2, 0, 1, 2016, '2016-08-26 21:46:33'),
	(488, 50, 960600, 960600, 2, 0, 5, 2016, '2016-08-26 21:46:33'),
	(489, 58, 7695, 7695, 2, 0, 3, 2016, '2016-08-26 21:46:33'),
	(490, 59, 0, 0, 2, 0, 3, 2016, '2016-08-26 21:46:33'),
	(491, 103, 1, 1, 2, 0, 3, 2016, '2016-08-26 21:46:33'),
	(492, 104, 1061, 1061, 2, 0, 3, 2016, '2016-08-26 21:46:33'),
	(493, 19, 4, 4, 2, 0, 3, 2016, '2016-08-26 21:46:38'),
	(494, 20, 8.73000000000002, 8.73000000000002, 2, 0, 1, 2016, '2016-08-26 21:46:38'),
	(495, 21, 8.73, 8.73, 2, 0, 1, 2016, '2016-08-26 21:46:38'),
	(496, 92, 0, 0, 2, 0, 1, 2016, '2016-08-26 21:46:38'),
	(497, 93, 0, 0, 2, 0, 1, 2016, '2016-08-26 21:46:38'),
	(498, 24, 5797.91, 5797.91, 2, 0, 4, 2016, '2016-08-26 21:46:38'),
	(499, 25, 5797.91, 5797.91, 2, 0, 4, 2016, '2016-08-26 21:46:38'),
	(500, 94, 0, 0, 2, 0, 4, 2016, '2016-08-26 21:46:38'),
	(501, 95, 4783.72, 4783.72, 2, 0, 4, 2016, '2016-08-26 21:46:38'),
	(502, 96, 8.73999999999978, 8.73999999999978, 2, 0, 1, 2016, '2016-08-26 21:46:38'),
	(503, 72, 2, 2, 2, 0, 6, 2016, '2016-08-26 21:46:43'),
	(504, 73, 3, 3, 2, 0, 6, 2016, '2016-08-26 21:46:43'),
	(505, 74, 1, 1, 2, 0, 6, 2016, '2016-08-26 21:46:44'),
	(506, 75, 0, 0, 2, 0, 6, 2016, '2016-08-26 21:46:44'),
	(507, 76, 3, 3, 2, 0, 6, 2016, '2016-08-26 21:46:44'),
	(508, 77, 524.360000000001, 524.360000000001, 2, 0, 5, 2016, '2016-08-26 21:46:44'),
	(509, 131, 0, 0, 2, 0, 6, 2016, '2016-08-26 21:46:44'),
	(510, 132, 0, 0, 2, 0, 6, 2016, '2016-08-26 21:46:44'),
	(511, 133, 0, 0, 2, 0, 5, 2016, '2016-08-26 21:46:44'),
	(512, 1, 636.54, 636.54, 2, 0, 1, 2016, '2016-08-26 21:46:53'),
	(513, 3, 312.91, 312.91, 2, 0, 1, 2016, '2016-08-26 21:46:53'),
	(514, 4, 312.77, 312.77, 2, 0, 1, 2016, '2016-08-26 21:46:53'),
	(515, 5, 102.39, 102.39, 2, 0, 1, 2016, '2016-08-26 21:46:53'),
	(516, 6, 0.14, 0.14, 2, 0, 1, 2016, '2016-08-26 21:46:53'),
	(517, 7, 637, 637, 2, 0, 1, 2016, '2016-08-26 21:46:53'),
	(518, 8, 0, 0, 2, 0, 1, 2016, '2016-08-26 21:46:53'),
	(519, 9, 0, 0, 2, 0, 1, 2016, '2016-08-26 21:46:53'),
	(520, 10, 0, 0, 2, 0, 1, 2016, '2016-08-26 21:46:53'),
	(521, 11, 0, 0, 2, 0, 1, 2016, '2016-08-26 21:46:53'),
	(522, 12, 0, 0, 2, 0, 1, 2016, '2016-08-26 21:46:53'),
	(523, 13, 2042.22, 2042.22, 2, 0, 1, 2016, '2016-08-26 21:46:59'),
	(524, 14, 1061.14, 1061.14, 2, 0, 1, 2016, '2016-08-26 21:46:59'),
	(525, 15, 145.33, 145.33, 2, 0, 1, 2016, '2016-08-26 21:46:59'),
	(526, 17, 12.33, 12.33, 2, 0, 1, 2016, '2016-08-26 21:46:59'),
	(527, 184, 133, 133, 2, 0, 1, 2016, '2016-08-26 21:46:59'),
	(528, 16, 1609.96, 1609.96, 2, 0, 1, 2016, '2016-08-26 21:46:59'),
	(529, 87, 273.56, 273.56, 2, 0, 1, 2016, '2016-08-26 21:46:59'),
	(530, 88, 276.44, 276.44, 2, 0, 1, 2016, '2016-08-26 21:46:59'),
	(531, 89, 1765.77, 1765.77, 2, 0, 1, 2016, '2016-08-26 21:46:59'),
	(532, 90, 1763.18, 1763.18, 2, 0, 1, 2016, '2016-08-26 21:46:59'),
	(533, 91, 100414.21, 100414.21, 2, 0, 5, 2016, '2016-08-26 21:46:59'),
	(534, 112, 22, 22, 2, 0, 3, 2016, '2016-08-26 21:47:06'),
	(535, 113, 62.55, 62.55, 2, 0, 1, 2016, '2016-08-26 21:47:06'),
	(536, 114, 45.45, 45.45, 2, 0, 1, 2016, '2016-08-26 21:47:06'),
	(537, 115, 3, 3, 2, 0, 3, 2016, '2016-08-26 21:47:06'),
	(538, 116, 80.4, 80.4, 2, 0, 1, 2016, '2016-08-26 21:47:06'),
	(539, 117, 44.4, 44.4, 2, 0, 1, 2016, '2016-08-26 21:47:06'),
	(540, 118, 2669, 2669, 2, 0, 8, 2016, '2016-08-26 21:47:06'),
	(541, 119, 25425, 25425, 2, 0, 8, 2016, '2016-08-26 21:47:06'),
	(542, 120, 108.53, 108.53, 2, 0, 5, 2016, '2016-08-26 21:47:06'),
	(543, 121, 0, 0, 2, 0, 3, 2016, '2016-08-26 21:47:06'),
	(544, 122, 0, 0, 2, 0, 3, 2016, '2016-08-26 21:47:06'),
	(545, 123, 1, 1, 2, 0, 3, 2016, '2016-08-26 21:47:06'),
	(546, 124, 156.5, 156.5, 2, 0, 5, 2016, '2016-08-26 21:47:06'),
	(547, 105, 30, 30, 2, 0, 3, 2016, '2016-08-26 21:47:11'),
	(548, 106, 1194, 1194, 2, 0, 1, 2016, '2016-08-26 21:47:11'),
	(549, 107, 142, 142, 2, 0, 1, 2016, '2016-08-26 21:47:11'),
	(550, 108, 69, 69, 2, 0, 1, 2016, '2016-08-26 21:47:11'),
	(551, 109, 431, 431, 2, 0, 1, 2016, '2016-08-26 21:47:11'),
	(552, 110, 0, 0, 2, 0, 1, 2016, '2016-08-26 21:47:11'),
	(553, 111, 694, 694, 2, 0, 1, 2016, '2016-08-26 21:47:11'),
	(554, 105, 27, 27, 1, 0, 3, 2016, '2016-08-26 21:47:17'),
	(555, 106, 2272, 2272, 1, 0, 1, 2016, '2016-08-26 21:47:17'),
	(556, 107, 628, 628, 1, 0, 1, 2016, '2016-08-26 21:47:17'),
	(557, 108, 4, 4, 1, 0, 1, 2016, '2016-08-26 21:47:17'),
	(558, 109, 1935, 1935, 1, 0, 1, 2016, '2016-08-26 21:47:17'),
	(559, 110, 8, 8, 1, 0, 1, 2016, '2016-08-26 21:47:17'),
	(560, 111, 325, 325, 1, 0, 1, 2016, '2016-08-26 21:47:17'),
	(561, 112, 83, 83, 1, 0, 3, 2015, '2016-08-26 21:48:55'),
	(562, 113, 236.08, 236.08, 1, 0, 1, 2015, '2016-08-26 21:48:55'),
	(563, 114, 70.67, 70.67, 1, 0, 1, 2015, '2016-08-26 21:48:55'),
	(564, 115, 3, 3, 1, 0, 3, 2015, '2016-08-26 21:48:55'),
	(565, 116, 177.89, 177.89, 1, 0, 1, 2015, '2016-08-26 21:48:55'),
	(566, 117, 62.4, 62.4, 1, 0, 1, 2015, '2016-08-26 21:48:55'),
	(567, 118, 8466, 8466, 1, 0, 8, 2015, '2016-08-26 21:48:55'),
	(568, 119, 11639, 11639, 1, 0, 8, 2015, '2016-08-26 21:48:55'),
	(569, 120, 556.91, 556.91, 1, 0, 5, 2015, '2016-08-26 21:48:55'),
	(570, 121, 0, 0, 1, 0, 3, 2015, '2016-08-26 21:48:55'),
	(571, 122, 0, 0, 1, 0, 3, 2015, '2016-08-26 21:48:55'),
	(572, 123, 0, 0, 1, 0, 3, 2015, '2016-08-26 21:48:55'),
	(573, 124, 0, 0, 1, 0, 5, 2015, '2016-08-26 21:48:55'),
	(574, 13, 1456.41, 1456.41, 1, 0, 1, 2015, '2016-08-26 21:49:01'),
	(575, 14, 641.44, 641.44, 1, 0, 1, 2015, '2016-08-26 21:49:01'),
	(576, 15, 546.89, 546.89, 1, 0, 1, 2015, '2016-08-26 21:49:01'),
	(577, 17, 484.35, 484.35, 1, 0, 1, 2015, '2016-08-26 21:49:01'),
	(578, 184, 62.54, 62.54, 1, 0, 1, 2015, '2016-08-26 21:49:01'),
	(579, 16, 435.72, 435.72, 1, 0, 1, 2015, '2016-08-26 21:49:01'),
	(580, 87, 473.81, 473.81, 1, 0, 1, 2015, '2016-08-26 21:49:01'),
	(581, 88, 338.69, 338.69, 1, 0, 1, 2015, '2016-08-26 21:49:01'),
	(582, 89, 1117.72, 1117.72, 1, 0, 1, 2015, '2016-08-26 21:49:01'),
	(583, 90, 1104.11, 1104.11, 1, 0, 1, 2015, '2016-08-26 21:49:01'),
	(584, 91, 50753.2093, 50753.2093, 1, 0, 5, 2015, '2016-08-26 21:49:01'),
	(585, 1, 522.69, 522.69, 1, 0, 1, 2015, '2016-08-26 21:49:07'),
	(586, 3, 32.21, 32.21, 1, 0, 1, 2015, '2016-08-26 21:49:07'),
	(587, 4, 31.72, 31.72, 1, 0, 1, 2015, '2016-08-26 21:49:07'),
	(588, 5, 10.67, 10.67, 1, 0, 1, 2015, '2016-08-26 21:49:07'),
	(589, 6, 0.49, 0.49, 1, 0, 1, 2015, '2016-08-26 21:49:07'),
	(590, 7, 522.69, 522.69, 1, 0, 1, 2015, '2016-08-26 21:49:07'),
	(591, 8, 0, 0, 1, 0, 1, 2015, '2016-08-26 21:49:07'),
	(592, 9, 0, 0, 1, 0, 1, 2015, '2016-08-26 21:49:07'),
	(593, 10, 0, 0, 1, 0, 1, 2015, '2016-08-26 21:49:07'),
	(594, 11, 0, 0, 1, 0, 1, 2015, '2016-08-26 21:49:07'),
	(595, 12, 0, 0, 1, 0, 1, 2015, '2016-08-26 21:49:07'),
	(596, 105, 33, 33, 1, 0, 3, 2015, '2016-08-26 21:49:13'),
	(597, 106, 1094, 1094, 1, 0, 1, 2015, '2016-08-26 21:49:13'),
	(598, 107, 160, 160, 1, 0, 1, 2015, '2016-08-26 21:49:13'),
	(599, 108, 0, 0, 1, 0, 1, 2015, '2016-08-26 21:49:13'),
	(600, 109, 583, 583, 1, 0, 1, 2015, '2016-08-26 21:49:13'),
	(601, 110, 11, 11, 1, 0, 1, 2015, '2016-08-26 21:49:13'),
	(602, 111, 500, 500, 1, 0, 1, 2015, '2016-08-26 21:49:13'),
	(603, 72, 67, 67, 1, 0, 6, 2015, '2016-08-26 21:49:19'),
	(604, 73, 5, 5, 1, 0, 6, 2015, '2016-08-26 21:49:19'),
	(605, 74, 3, 3, 1, 0, 6, 2015, '2016-08-26 21:49:19'),
	(606, 75, 0, 0, 1, 0, 6, 2015, '2016-08-26 21:49:19'),
	(607, 76, 5, 5, 1, 0, 6, 2015, '2016-08-26 21:49:19'),
	(608, 77, 15270.64, 15270.64, 1, 0, 5, 2015, '2016-08-26 21:49:19'),
	(609, 131, 0, 0, 1, 0, 6, 2015, '2016-08-26 21:49:19'),
	(610, 132, 0, 0, 1, 0, 6, 2015, '2016-08-26 21:49:19'),
	(611, 133, 0, 0, 1, 0, 5, 2015, '2016-08-26 21:49:19'),
	(612, 19, 9, 9, 1, 0, 3, 2015, '2016-08-26 21:49:27'),
	(613, 20, 2750.24, 2750.24, 1, 0, 1, 2015, '2016-08-26 21:49:27'),
	(614, 21, 1319.25, 1319.25, 1, 0, 1, 2015, '2016-08-26 21:49:27'),
	(615, 92, 1430.99, 1430.99, 1, 0, 1, 2015, '2016-08-26 21:49:27'),
	(616, 93, 0, 0, 1, 0, 1, 2015, '2016-08-26 21:49:27'),
	(617, 24, 6156.62, 6156.62, 1, 0, 4, 2015, '2016-08-26 21:49:27'),
	(618, 25, 6156.62, 6156.62, 1, 0, 4, 2015, '2016-08-26 21:49:27'),
	(619, 94, 0, 0, 1, 0, 4, 2015, '2016-08-26 21:49:27'),
	(620, 95, 10003.06, 10003.06, 1, 0, 4, 2015, '2016-08-26 21:49:27'),
	(621, 96, 8662.03, 8662.03, 1, 0, 1, 2015, '2016-08-26 21:49:27'),
	(622, 48, 699, 699, 1, 0, 4, 2015, '2016-08-26 21:49:35'),
	(623, 48, 58280.55, 58280.55, 1, 0, 1, 2015, '2016-08-26 21:49:35'),
	(624, 48, 7207400, 7207400, 1, 0, 5, 2015, '2016-08-26 21:49:35'),
	(625, 49, 77, 77, 1, 0, 4, 2015, '2016-08-26 21:49:35'),
	(626, 49, 4683.9, 4683.9, 1, 0, 1, 2015, '2016-08-26 21:49:35'),
	(627, 49, 2106427300, 2106427300, 1, 0, 5, 2015, '2016-08-26 21:49:35'),
	(628, 50, 68, 68, 1, 0, 4, 2015, '2016-08-26 21:49:35'),
	(629, 50, 1968.75, 1968.75, 1, 0, 1, 2015, '2016-08-26 21:49:35'),
	(630, 50, 977536000, 977536000, 1, 0, 5, 2015, '2016-08-26 21:49:35'),
	(631, 58, 4800, 4800, 1, 0, 3, 2015, '2016-08-26 21:49:35'),
	(632, 59, 0, 0, 1, 0, 3, 2015, '2016-08-26 21:49:35'),
	(633, 103, 0, 0, 1, 0, 3, 2015, '2016-08-26 21:49:35'),
	(634, 104, 1097, 1097, 1, 0, 3, 2015, '2016-08-26 21:49:35'),
	(635, 37, 125.61, 125.61, 1, 0, 1, 2015, '2016-08-26 21:49:45'),
	(636, 68, 72.04, 72.04, 1, 0, 1, 2015, '2016-08-26 21:49:45'),
	(637, 147, 42.24, 42.24, 1, 0, 1, 2015, '2016-08-26 21:49:45'),
	(638, 38, 10950.76, 10950.76, 1, 0, 4, 2015, '2016-08-26 21:49:45'),
	(639, 43, 1619, 1619, 1, 0, 6, 2015, '2016-08-26 21:49:45'),
	(640, 37, 3305.94, 3305.94, 2, 0, 1, 2015, '2016-08-26 21:49:51'),
	(641, 68, 1864.76, 1864.76, 2, 0, 1, 2015, '2016-08-26 21:49:51'),
	(642, 147, 1340.01, 1340.01, 2, 0, 1, 2015, '2016-08-26 21:49:52'),
	(643, 38, 8113.16, 8113.16, 2, 0, 4, 2015, '2016-08-26 21:49:52'),
	(644, 43, 1013, 1013, 2, 0, 6, 2015, '2016-08-26 21:49:52'),
	(645, 48, 187, 187, 2, 0, 4, 2015, '2016-08-26 21:49:58'),
	(646, 48, 9173.55, 9173.55, 2, 0, 1, 2015, '2016-08-26 21:49:58'),
	(647, 48, 617900, 617900, 2, 0, 5, 2015, '2016-08-26 21:49:58'),
	(648, 49, 241, 241, 2, 0, 4, 2015, '2016-08-26 21:49:58'),
	(649, 49, 13553.1, 13553.1, 2, 0, 1, 2015, '2016-08-26 21:49:58'),
	(650, 49, -2102572200, -2102572200, 2, 0, 5, 2015, '2016-08-26 21:49:58'),
	(651, 50, 49, 49, 2, 0, 4, 2015, '2016-08-26 21:49:58'),
	(652, 50, 4379.55, 4379.55, 2, 0, 1, 2015, '2016-08-26 21:49:58'),
	(653, 50, -976710300, -976710300, 2, 0, 5, 2015, '2016-08-26 21:49:58'),
	(654, 58, 539, 539, 2, 0, 3, 2015, '2016-08-26 21:49:58'),
	(655, 59, 0, 0, 2, 0, 3, 2015, '2016-08-26 21:49:58'),
	(656, 103, 24, 24, 2, 0, 3, 2015, '2016-08-26 21:49:58'),
	(657, 104, 281, 281, 2, 0, 3, 2015, '2016-08-26 21:49:58'),
	(658, 19, 8, 8, 2, 0, 3, 2015, '2016-08-26 21:50:09'),
	(659, 20, 3268.11, 3268.11, 2, 0, 1, 2015, '2016-08-26 21:50:09'),
	(660, 21, 4687.05, 4687.05, 2, 0, 1, 2015, '2016-08-26 21:50:09'),
	(661, 92, -1418.94, -1418.94, 2, 0, 1, 2015, '2016-08-26 21:50:09'),
	(662, 93, 0, 0, 2, 0, 1, 2015, '2016-08-26 21:50:09'),
	(663, 24, 10953.6, 10953.6, 2, 0, 4, 2015, '2016-08-26 21:50:09'),
	(664, 25, 10953.6, 10953.6, 2, 0, 4, 2015, '2016-08-26 21:50:09'),
	(665, 94, 0, 0, 2, 0, 4, 2015, '2016-08-26 21:50:09'),
	(666, 95, 4569.79, 4569.79, 2, 0, 4, 2015, '2016-08-26 21:50:09'),
	(667, 96, 1746.03, 1746.03, 2, 0, 1, 2015, '2016-08-26 21:50:09'),
	(668, 72, 1, 1, 2, 0, 6, 2015, '2016-08-26 21:50:15'),
	(669, 73, -1, -1, 2, 0, 6, 2015, '2016-08-26 21:50:15'),
	(670, 74, 2, 2, 2, 0, 6, 2015, '2016-08-26 21:50:15'),
	(671, 75, 0, 0, 2, 0, 6, 2015, '2016-08-26 21:50:15'),
	(672, 76, -1, -1, 2, 0, 6, 2015, '2016-08-26 21:50:15'),
	(673, 77, 113417.16, 113417.16, 2, 0, 5, 2015, '2016-08-26 21:50:15'),
	(674, 131, 0, 0, 2, 0, 6, 2015, '2016-08-26 21:50:15'),
	(675, 132, 0, 0, 2, 0, 6, 2015, '2016-08-26 21:50:15'),
	(676, 133, 0, 0, 2, 0, 5, 2015, '2016-08-26 21:50:15'),
	(677, 105, 52, 52, 2, 0, 3, 2015, '2016-08-26 21:50:21'),
	(678, 106, 1631.36, 1631.36, 2, 0, 1, 2015, '2016-08-26 21:50:21'),
	(679, 107, 146.31, 146.31, 2, 0, 1, 2015, '2016-08-26 21:50:21'),
	(680, 108, 388.15, 388.15, 2, 0, 1, 2015, '2016-08-26 21:50:21'),
	(681, 109, 394.3, 394.3, 2, 0, 1, 2015, '2016-08-26 21:50:21'),
	(682, 110, 16.912, 16.912, 2, 0, 1, 2015, '2016-08-26 21:50:21'),
	(683, 111, 831.994, 831.994, 2, 0, 1, 2015, '2016-08-26 21:50:21'),
	(684, 1, 1248.45, 1248.45, 2, 0, 1, 2015, '2016-08-26 21:50:25'),
	(685, 3, 1052.26, 1052.26, 2, 0, 1, 2015, '2016-08-26 21:50:25'),
	(686, 4, 953.02, 953.02, 2, 0, 1, 2015, '2016-08-26 21:50:25'),
	(687, 5, 679.29, 679.29, 2, 0, 1, 2015, '2016-08-26 21:50:25'),
	(688, 6, 99.23, 99.23, 2, 0, 1, 2015, '2016-08-26 21:50:25'),
	(689, 7, 1248.45, 1248.45, 2, 0, 1, 2015, '2016-08-26 21:50:25'),
	(690, 8, 0, 0, 2, 0, 1, 2015, '2016-08-26 21:50:25'),
	(691, 9, 0, 0, 2, 0, 1, 2015, '2016-08-26 21:50:25'),
	(692, 10, 0, 0, 2, 0, 1, 2015, '2016-08-26 21:50:25'),
	(693, 11, 0, 0, 2, 0, 1, 2015, '2016-08-26 21:50:25'),
	(694, 12, 0, 0, 2, 0, 1, 2015, '2016-08-26 21:50:25'),
	(695, 13, 2260.64, 2260.64, 2, 0, 1, 2015, '2016-08-26 21:50:32'),
	(696, 14, 1441.02, 1441.02, 2, 0, 1, 2015, '2016-08-26 21:50:32'),
	(697, 15, 13.41, 13.41, 2, 0, 1, 2015, '2016-08-26 21:50:32'),
	(698, 17, 13.41, 13.41, 2, 0, 1, 2015, '2016-08-26 21:50:32'),
	(699, 184, 0, 0, 2, 0, 1, 2015, '2016-08-26 21:50:32'),
	(700, 16, 1143.86, 1143.86, 2, 0, 1, 2015, '2016-08-26 21:50:32'),
	(701, 87, 1055.81, 1055.81, 2, 0, 1, 2015, '2016-08-26 21:50:32'),
	(702, 88, 943.08, 943.08, 2, 0, 1, 2015, '2016-08-26 21:50:32'),
	(703, 89, 1317.56, 1317.56, 2, 0, 1, 2015, '2016-08-26 21:50:32'),
	(704, 90, 1162.59, 1162.59, 2, 0, 1, 2015, '2016-08-26 21:50:32'),
	(705, 91, 35225.3407, 35225.3407, 2, 0, 5, 2015, '2016-08-26 21:50:32'),
	(706, 112, 49, 49, 2, 0, 3, 2015, '2016-08-26 21:50:39'),
	(707, 113, 109.97, 109.97, 2, 0, 1, 2015, '2016-08-26 21:50:39'),
	(708, 114, 34.93, 34.93, 2, 0, 1, 2015, '2016-08-26 21:50:39'),
	(709, 115, 4, 4, 2, 0, 3, 2015, '2016-08-26 21:50:39'),
	(710, 116, 102.01, 102.01, 2, 0, 1, 2015, '2016-08-26 21:50:39'),
	(711, 117, 35.1, 35.1, 2, 0, 1, 2015, '2016-08-26 21:50:39'),
	(712, 118, 10781, 10781, 2, 0, 8, 2015, '2016-08-26 21:50:39'),
	(713, 119, -11395.76, -11395.76, 2, 0, 8, 2015, '2016-08-26 21:50:39'),
	(714, 120, 385.22, 385.22, 2, 0, 5, 2015, '2016-08-26 21:50:39'),
	(715, 121, 6, 6, 2, 0, 3, 2015, '2016-08-26 21:50:39'),
	(716, 122, 6, 6, 2, 0, 3, 2015, '2016-08-26 21:50:39'),
	(717, 123, 0, 0, 2, 0, 3, 2015, '2016-08-26 21:50:39'),
	(718, 124, 12711.37, 12711.37, 2, 0, 5, 2015, '2016-08-26 21:50:39');
/*!40000 ALTER TABLE `node_value` ENABLE KEYS */;


-- 导出  表 zhoushan.season 结构
DROP TABLE IF EXISTS `season`;
CREATE TABLE IF NOT EXISTS `season` (
  `ID` int(11) NOT NULL AUTO_INCREMENT,
  `Quarter` int(11) NOT NULL DEFAULT '0',
  `StartTime` datetime NOT NULL,
  `Year` int(11) NOT NULL,
  `EndTime` datetime NOT NULL,
  `SetTime` datetime NOT NULL,
  `Delete` bit(3) NOT NULL DEFAULT b'0',
  PRIMARY KEY (`ID`)
) ENGINE=InnoDB AUTO_INCREMENT=5 DEFAULT CHARSET=utf8;

-- 正在导出表  zhoushan.season 的数据：~4 rows (大约)
/*!40000 ALTER TABLE `season` DISABLE KEYS */;
INSERT INTO `season` (`ID`, `Quarter`, `StartTime`, `Year`, `EndTime`, `SetTime`, `Delete`) VALUES
	(1, 1, '2016-01-01 00:00:00', 0, '2016-03-01 00:00:00', '2016-07-30 21:14:23', b'001'),
	(2, 2, '2016-03-01 00:00:00', 2016, '2016-04-29 00:00:00', '2016-08-01 15:34:41', b'000'),
	(3, 3, '2016-06-01 00:00:00', 2016, '2016-08-30 00:00:00', '2016-08-01 15:34:47', b'000'),
	(4, 4, '2016-11-02 00:00:00', 2016, '2016-12-30 00:00:00', '2016-08-01 15:34:51', b'000');
/*!40000 ALTER TABLE `season` ENABLE KEYS */;


-- 导出  表 zhoushan.trend_template 结构
DROP TABLE IF EXISTS `trend_template`;
CREATE TABLE IF NOT EXISTS `trend_template` (
  `ID` int(11) NOT NULL AUTO_INCREMENT,
  `Name` varchar(50) NOT NULL,
  `FilePath` varchar(50) NOT NULL,
  `FormID` int(11) NOT NULL,
  PRIMARY KEY (`ID`)
) ENGINE=InnoDB AUTO_INCREMENT=9 DEFAULT CHARSET=utf8;

-- 正在导出表  zhoushan.trend_template 的数据：~8 rows (大约)
/*!40000 ALTER TABLE `trend_template` DISABLE KEYS */;
INSERT INTO `trend_template` (`ID`, `Name`, `FilePath`, `FormID`) VALUES
	(1, '建设用地预审.xls', '建设用地预审.xls', 8),
	(2, '各土地应用变化.xls', '各土地应用变化.xls', 2),
	(3, '信访情况.xls', '信访情况.xls', 7),
	(4, '土地储备.xls', '土地储备.xls', 3),
	(5, '矿产收费情况.xls', '矿产收费情况.xls', 6),
	(6, '国土资源违法案件.xls', '国土资源违法案件.xls', 9),
	(7, '土地登记和抵押.xls', '土地登记和抵押.xls', 5),
	(8, '土地征收.xls', '土地征收.xls', 4);
/*!40000 ALTER TABLE `trend_template` ENABLE KEYS */;


-- 导出  表 zhoushan.user 结构
DROP TABLE IF EXISTS `user`;
CREATE TABLE IF NOT EXISTS `user` (
  `ID` int(11) NOT NULL AUTO_INCREMENT,
  `Username` varchar(50) NOT NULL,
  `Password` varchar(50) NOT NULL,
  `Role` int(11) NOT NULL,
  `Name` varchar(50) DEFAULT NULL,
  `Deleted` bit(1) NOT NULL,
  `LastLoginTime` datetime DEFAULT NULL,
  `AreaIds` varchar(50) DEFAULT NULL,
  `FormIds` varchar(50) DEFAULT NULL,
  PRIMARY KEY (`ID`),
  KEY `Username` (`Username`)
) ENGINE=InnoDB AUTO_INCREMENT=17 DEFAULT CHARSET=utf8;

-- 正在导出表  zhoushan.user 的数据：~14 rows (大约)
/*!40000 ALTER TABLE `user` DISABLE KEYS */;
INSERT INTO `user` (`ID`, `Username`, `Password`, `Role`, `Name`, `Deleted`, `LastLoginTime`, `AreaIds`, `FormIds`) VALUES
	(1, 'admin', '202cb962ac59075b964b07152d234b70', 4, 'admin', b'0', '2016-09-13 11:47:24', NULL, ''),
	(3, 'loowootech', '202cb962ac59075b964b07152d234b70', 4, 'loowootech', b'0', NULL, NULL, ''),
	(4, 'ty', '202cb962ac59075b964b07152d234b70', 3, '唐尧', b'0', NULL, NULL, ''),
	(5, 'zq', '202cb962ac59075b964b07152d234b70', 2, '赵泉', b'0', '2016-08-18 14:09:55', '1', ''),
	(6, 'zwj', '202cb962ac59075b964b07152d234b70', 1, '周威俊', b'0', NULL, '6', ''),
	(7, 'xc', '202cb962ac59075b964b07152d234b70', 1, '新城', b'0', '2016-09-13 11:45:57', '2', ''),
	(8, 'sjgh', '202cb962ac59075b964b07152d234b70', 3, '市局规划', b'0', '2016-09-13 11:48:00', '1', '1,8'),
	(9, 'sjly', '202cb962ac59075b964b07152d234b70', 3, '市局利用', b'0', NULL, '1', '2'),
	(10, 'cbzx', '202cb962ac59075b964b07152d234b70', 3, '储备中心', b'0', NULL, '1', '3'),
	(11, 'zds', '202cb962ac59075b964b07152d234b70', 3, '征地所', b'0', '2016-09-13 11:47:09', '1', '4'),
	(12, 'sjkg', '202cb962ac59075b964b07152d234b70', 3, '市局矿管', b'0', NULL, '1', '6'),
	(13, 'jczd', '202cb962ac59075b964b07152d234b70', 3, '监察支队', b'0', NULL, '1', '9'),
	(14, 'sjxf', '202cb962ac59075b964b07152d234b70', 3, '市局信访', b'0', '2016-09-12 15:07:01', '1', '7'),
	(15, 'bdc', '202cb962ac59075b964b07152d234b70', 3, '不动产中心', b'0', NULL, '1', '5'),
	(16, 'sjdj', '202cb962ac59075b964b07152d234b70', 3, '地籍处', b'0', NULL, '1', '5');
/*!40000 ALTER TABLE `user` ENABLE KEYS */;


-- 导出  表 zhoushan.value_type 结构
DROP TABLE IF EXISTS `value_type`;
CREATE TABLE IF NOT EXISTS `value_type` (
  `ID` int(11) NOT NULL AUTO_INCREMENT,
  `Name` varchar(50) NOT NULL DEFAULT '0',
  `Units` varchar(255) NOT NULL,
  `Ratio` int(11) NOT NULL,
  PRIMARY KEY (`ID`)
) ENGINE=InnoDB AUTO_INCREMENT=10 DEFAULT CHARSET=utf8;

-- 正在导出表  zhoushan.value_type 的数据：~8 rows (大约)
/*!40000 ALTER TABLE `value_type` DISABLE KEYS */;
INSERT INTO `value_type` (`ID`, `Name`, `Units`, `Ratio`) VALUES
	(1, '面积', '亩,公顷', 1000),
	(3, '件数', '件', 0),
	(4, '宗数', '宗', 0),
	(5, '费用', '万元,亿元', 10000),
	(6, '个数', '个', 0),
	(7, '人数', '人', 0),
	(8, '面积', '平方米', 0),
	(9, '批次', '次', 0);
/*!40000 ALTER TABLE `value_type` ENABLE KEYS */;
/*!40101 SET SQL_MODE=IFNULL(@OLD_SQL_MODE, '') */;
/*!40014 SET FOREIGN_KEY_CHECKS=IF(@OLD_FOREIGN_KEY_CHECKS IS NULL, 1, @OLD_FOREIGN_KEY_CHECKS) */;
/*!40101 SET CHARACTER_SET_CLIENT=@OLD_CHARACTER_SET_CLIENT */;
