-- --------------------------------------------------------
-- 主机:                           10.22.102.3
-- 服务器版本:                        5.1.73-community - MySQL Community Server (GPL)
-- 服务器操作系统:                      Win64
-- HeidiSQL 版本:                  9.3.0.5110
-- --------------------------------------------------------

/*!40101 SET @OLD_CHARACTER_SET_CLIENT=@@CHARACTER_SET_CLIENT */;
/*!40101 SET NAMES utf8 */;
/*!40014 SET @OLD_FOREIGN_KEY_CHECKS=@@FOREIGN_KEY_CHECKS, FOREIGN_KEY_CHECKS=0 */;
/*!40101 SET @OLD_SQL_MODE=@@SQL_MODE, SQL_MODE='NO_AUTO_VALUE_ON_ZERO' */;


-- 导出 zhoushanland 的数据库结构
CREATE DATABASE IF NOT EXISTS `zhoushanland` /*!40100 DEFAULT CHARACTER SET utf8 */;
USE `zhoushanland`;

-- 导出  表 zhoushanland.area 结构
CREATE TABLE IF NOT EXISTS `area` (
  `ID` int(11) NOT NULL AUTO_INCREMENT,
  `Name` varchar(50) NOT NULL DEFAULT '0',
  `ParentID` int(11) NOT NULL DEFAULT '0',
  PRIMARY KEY (`ID`)
) ENGINE=InnoDB AUTO_INCREMENT=14 DEFAULT CHARSET=utf8;

-- 正在导出表  zhoushanland.area 的数据：~11 rows (大约)
DELETE FROM `area`;
/*!40000 ALTER TABLE `area` DISABLE KEYS */;
INSERT INTO `area` (`ID`, `Name`, `ParentID`) VALUES
	(1, '市本级', 0),
	(2, '新城', 1),
	(3, '定海区', 0),
	(4, '岱山县', 0),
	(5, '普陀区', 0),
	(6, '嵊泗县', 0),
	(9, '产业集聚区', 1),
	(10, '金塘', 3),
	(11, '六横', 5),
	(12, '朱家尖', 5),
	(13, '普陀山', 5);
/*!40000 ALTER TABLE `area` ENABLE KEYS */;

-- 导出  表 zhoushanland.dossier 结构
CREATE TABLE IF NOT EXISTS `dossier` (
  `ID` int(11) NOT NULL AUTO_INCREMENT,
  `Year` int(11) NOT NULL,
  `Quarter` int(11) NOT NULL,
  `Remark` varchar(1023) DEFAULT NULL,
  `UploadTime` datetime NOT NULL,
  PRIMARY KEY (`ID`)
) ENGINE=InnoDB AUTO_INCREMENT=11 DEFAULT CHARSET=utf8;

-- 正在导出表  zhoushanland.dossier 的数据：~10 rows (大约)
DELETE FROM `dossier`;
/*!40000 ALTER TABLE `dossier` DISABLE KEYS */;
INSERT INTO `dossier` (`ID`, `Year`, `Quarter`, `Remark`, `UploadTime`) VALUES
	(1, 2016, 1, 'uploads/QL_20160725_0007.pdf', '2016-08-14 23:16:38'),
	(2, 2016, 2, 'uploads/QL_20160725_0007.pdf', '2016-07-27 11:22:58'),
	(3, 2016, 3, 'uploads/QL_20160725_0007.pdf', '2016-07-27 11:27:07'),
	(4, 2015, 1, '第一季度', '2016-08-01 16:34:10'),
	(5, 2014, 1, '年度统计册子', '2016-08-01 16:33:33'),
	(6, 2015, 2, 'uploads/QL_20160725_0008636052294359612835.pdf', '2016-07-27 15:17:17'),
	(7, 2016, 4, 'uploads/SKM_C364e16072710310_0001636052294514076858.pdf', '2016-07-27 15:17:37'),
	(8, 2013, 1, NULL, '2016-07-29 10:22:53'),
	(9, 2013, 2, '123342', '2016-07-29 10:44:02'),
	(10, 2012, 2, '第二季度', '2016-07-29 13:38:47');
/*!40000 ALTER TABLE `dossier` ENABLE KEYS */;

-- 导出  表 zhoushanland.dossierfile 结构
CREATE TABLE IF NOT EXISTS `dossierfile` (
  `ID` int(11) NOT NULL AUTO_INCREMENT,
  `FileName` varchar(255) NOT NULL,
  `FilePath` varchar(1023) NOT NULL,
  `DossierID` int(11) NOT NULL,
  PRIMARY KEY (`ID`)
) ENGINE=InnoDB AUTO_INCREMENT=10 DEFAULT CHARSET=utf8;

-- 正在导出表  zhoushanland.dossierfile 的数据：~8 rows (大约)
DELETE FROM `dossierfile`;
/*!40000 ALTER TABLE `dossierfile` DISABLE KEYS */;
INSERT INTO `dossierfile` (`ID`, `FileName`, `FilePath`, `DossierID`) VALUES
	(1, 'QL_20160725_0007.pdf', 'uploads/QL_20160725_0007636053858312597793.pdf', 9),
	(2, 'QL_20160725_0008.pdf', 'uploads/QL_20160725_0008636053858344267208.pdf', 9),
	(3, 'SKM_C364e16072710310_0001.pdf', 'uploads/SKM_C364e16072710310_0001636053858373893285.pdf', 9),
	(4, 'SKM_C364e16072710310_0003.pdf', 'uploads/SKM_C364e16072710310_0003636053858404059122.pdf', 9),
	(6, 'SKM_C364e16072710310_0004.pdf', 'uploads/SKM_C364e16072710310_0004636053963259065437.pdf', 10),
	(7, '2014年度数据册子.doc', 'uploads/2014年度数据册子636056660126596791.doc', 5),
	(8, '2015年第一季度数据册子.doc', 'uploads/2015年第一季度数据册子636056660493232278.doc', 4),
	(9, 'QL_20160725_0007.pdf', 'uploads/QL_20160725_0007636053962884252665.pdf', 1);
/*!40000 ALTER TABLE `dossierfile` ENABLE KEYS */;

-- 导出  表 zhoushanland.form 结构
CREATE TABLE IF NOT EXISTS `form` (
  `ID` int(11) NOT NULL AUTO_INCREMENT,
  `Name` varchar(255) NOT NULL,
  `ImportTemplate` varchar(512) DEFAULT NULL,
  `ExportTemplate` varchar(512) DEFAULT NULL,
  `ExcludeSubArea` bit(1) NOT NULL,
  PRIMARY KEY (`ID`)
) ENGINE=InnoDB AUTO_INCREMENT=10 DEFAULT CHARSET=utf8;

-- 正在导出表  zhoushanland.form 的数据：~9 rows (大约)
DELETE FROM `form`;
/*!40000 ALTER TABLE `form` DISABLE KEYS */;
INSERT INTO `form` (`ID`, `Name`, `ImportTemplate`, `ExportTemplate`, `ExcludeSubArea`) VALUES
	(1, '建设用地审批', NULL, NULL, b'1'),
	(2, '建设用地供应', NULL, NULL, b'1'),
	(3, '土地储备', NULL, NULL, b'0'),
	(4, '土地征收', NULL, NULL, b'0'),
	(5, '土地登记', NULL, NULL, b'1'),
	(6, '矿业权市场', NULL, NULL, b'0'),
	(7, '信访', NULL, NULL, b'0'),
	(8, '建设用地预审', NULL, NULL, b'1'),
	(9, '国土资源违法案件', NULL, NULL, b'1');
/*!40000 ALTER TABLE `form` ENABLE KEYS */;

-- 导出  表 zhoushanland.node 结构
CREATE TABLE IF NOT EXISTS `node` (
  `ID` int(11) NOT NULL AUTO_INCREMENT,
  `FormID` int(11) NOT NULL DEFAULT '0',
  `ParentID` int(11) NOT NULL DEFAULT '0',
  `Name` varchar(50) NOT NULL DEFAULT '0',
  `Group` varchar(50) DEFAULT NULL,
  `ValueTypes` varchar(50) NOT NULL DEFAULT '0',
  PRIMARY KEY (`ID`),
  KEY `FormID` (`FormID`),
  KEY `ParentID` (`ParentID`)
) ENGINE=InnoDB AUTO_INCREMENT=151 DEFAULT CHARSET=utf8;

-- 正在导出表  zhoushanland.node 的数据：~81 rows (大约)
DELETE FROM `node`;
/*!40000 ALTER TABLE `node` DISABLE KEYS */;
INSERT INTO `node` (`ID`, `FormID`, `ParentID`, `Name`, `Group`, `ValueTypes`) VALUES
	(1, 1, 0, '批准建设用地面积', NULL, '1'),
	(3, 1, 1, '新增建设用地', NULL, '1'),
	(4, 1, 3, '农用地', NULL, '1'),
	(5, 1, 4, '耕地', NULL, '1'),
	(6, 1, 3, '未利用地', NULL, '1'),
	(7, 1, 1, '城市分批次建设用地', '类型', '1'),
	(8, 1, 1, '单独选址建设用地', '类型', '1'),
	(9, 1, 8, '能源用地', NULL, '1'),
	(10, 1, 8, '交通用地', NULL, '1'),
	(11, 1, 8, '水利用地', NULL, '1'),
	(12, 1, 8, '其他用地', NULL, '1'),
	(13, 2, 0, '建设用地供应总量', NULL, '1'),
	(14, 2, 13, '新增建设用地', NULL, '1'),
	(15, 2, 13, '房地产用地', '用地类型', '1'),
	(16, 2, 13, '工业仓储用地', '用地类型', '1'),
	(17, 2, 15, '商服用地', NULL, '1'),
	(18, 2, 15, '普通商品房用地', NULL, '1'),
	(19, 3, 0, '新增土地储备宗数', NULL, '4'),
	(20, 3, 0, '新增土地储备面积', NULL, '1'),
	(21, 3, 20, '回收土地', NULL, '1'),
	(24, 3, 0, '期内支出', NULL, '5'),
	(25, 3, 24, '补偿款', NULL, '5'),
	(37, 4, 0, '土地征收', NULL, '1'),
	(38, 4, 0, '征收费用', NULL, '5'),
	(43, 4, 0, '安置农业人口', NULL, '6'),
	(48, 5, 0, '期末情况', '土地抵押登记', '1,4,5'),
	(49, 5, 0, '期内增加', '土地抵押登记', '1,4,5'),
	(50, 5, 0, '期内减少', '土地抵押登记', '1,4,5'),
	(58, 5, 0, '国有土地使用权', '土地登记发证', '4'),
	(59, 5, 0, '集体土地所有权', '土地登记发证', '4'),
	(68, 4, 37, '农用地', NULL, '1'),
	(72, 6, 0, '采矿权许可证数', NULL, '6'),
	(73, 6, 72, '新立', NULL, '6'),
	(74, 6, 72, '撤销', NULL, '6'),
	(75, 6, 0, '采矿权出让', NULL, '6'),
	(76, 6, 75, '采矿权出让个数', NULL, '6'),
	(77, 6, 75, '缴纳采矿权出让价款', NULL, '5'),
	(87, 2, 13, '其他用地', '用地类型', '1'),
	(88, 2, 13, '划拨面积', '供地方式', '1'),
	(89, 2, 13, '出让面积', '供地方式', '1'),
	(90, 2, 89, '招拍挂出让面积', NULL, '1'),
	(91, 2, 0, '出让金', NULL, '5'),
	(92, 3, 20, '收购土地', NULL, '1'),
	(93, 3, 20, '其他', NULL, '1'),
	(94, 3, 24, '开发费', NULL, '5'),
	(95, 3, 0, '结算土地收储成本', NULL, '5'),
	(96, 3, 0, '报告期末土地储备面积', NULL, '1'),
	(103, 5, 0, '集体土地使用权', '土地登记发证', '4'),
	(104, 5, 0, '宅基地使用权', '土地登记发证', '4'),
	(105, 8, 0, '预审件数', NULL, '3'),
	(106, 8, 0, '预审面积', NULL, '1'),
	(107, 8, 106, '耕地', NULL, '1'),
	(108, 8, 106, '能源用地', NULL, '1'),
	(109, 8, 106, '交通用地', NULL, '1'),
	(110, 8, 106, '水利用地', NULL, '1'),
	(111, 8, 106, '其他用地', NULL, '1'),
	(112, 9, 0, '土地违法案件', '土地违法案件', '3'),
	(113, 9, 112, '涉及土地面积', NULL, '1'),
	(114, 9, 113, '耕地', NULL, '1'),
	(115, 9, 0, '土地违法结案', '土地违法案件', '3'),
	(116, 9, 115, '收回土地面积', NULL, '1'),
	(117, 9, 116, '耕地', NULL, '1'),
	(118, 9, 115, '拆除建筑面积', NULL, '8'),
	(119, 9, 115, '没收建筑面积', NULL, '8'),
	(120, 9, 115, '罚没款', NULL, '5'),
	(121, 9, 0, '矿产违法案件', '土地违法案件', '3'),
	(122, 9, 121, '立案', NULL, '3'),
	(123, 9, 121, '结案', NULL, '3'),
	(124, 9, 121, '罚没款', NULL, '5'),
	(131, 6, 0, '采矿权出让', NULL, '6'),
	(132, 6, 131, '采矿权出让个数', NULL, '6'),
	(133, 6, 131, '采矿权出让价款', NULL, '5'),
	(137, 6, 0, '矿产三费收费情况', NULL, '5'),
	(138, 6, 137, '出让金', NULL, '5'),
	(139, 6, 137, '治理备用金', NULL, '5'),
	(140, 6, 137, '资源补偿费', NULL, '5'),
	(141, 7, 0, '本期来信', NULL, '3'),
	(142, 7, 0, '本期来访', NULL, '7,9'),
	(145, 3, 0, '期内新增面积', NULL, '1'),
	(146, 3, 0, '期末面积', NULL, '1'),
	(147, 4, 68, '耕地', NULL, '1');
/*!40000 ALTER TABLE `node` ENABLE KEYS */;

-- 导出  表 zhoushanland.node_value 结构
CREATE TABLE IF NOT EXISTS `node_value` (
  `ID` int(11) NOT NULL AUTO_INCREMENT,
  `NodeID` int(11) NOT NULL,
  `Value` double NOT NULL,
  `Raw_Value` double NOT NULL,
  `Quarter` int(11) NOT NULL,
  `AreaID` int(11) NOT NULL,
  `TypeID` int(11) NOT NULL,
  `Year` int(11) NOT NULL,
  `UpdateTime` datetime NOT NULL,
  PRIMARY KEY (`ID`),
  KEY `NodeID` (`NodeID`)
) ENGINE=InnoDB AUTO_INCREMENT=2115 DEFAULT CHARSET=utf8;

-- 正在导出表  zhoushanland.node_value 的数据：~1,607 rows (大约)
DELETE FROM `node_value`;
/*!40000 ALTER TABLE `node_value` DISABLE KEYS */;
INSERT INTO `node_value` (`ID`, `NodeID`, `Value`, `Raw_Value`, `Quarter`, `AreaID`, `TypeID`, `Year`, `UpdateTime`) VALUES
	(1, 1, 10130.15, 10130.15, 4, 0, 1, 2014, '2016-08-12 11:56:37'),
	(2, 3, 7473.75, 7473.75, 4, 0, 1, 2014, '2016-08-12 11:56:37'),
	(3, 4, 7151.6, 7151.6, 4, 0, 1, 2014, '2016-08-12 11:56:37'),
	(4, 5, 4748.05, 4748.05, 4, 0, 1, 2014, '2016-08-12 11:56:37'),
	(5, 6, 206.2, 206.2, 4, 0, 1, 2014, '2016-08-12 11:56:37'),
	(6, 7, 5334.15, 5334.15, 4, 0, 1, 2014, '2016-08-12 11:56:37'),
	(7, 8, 4796, 4796, 4, 0, 1, 2014, '2016-08-12 11:56:37'),
	(8, 9, 0, 0, 4, 0, 1, 2014, '2016-08-12 11:56:37'),
	(9, 10, 4290.1, 4290.1, 4, 0, 1, 2014, '2016-08-12 11:56:37'),
	(10, 11, 0, 0, 4, 0, 1, 2014, '2016-08-12 11:56:37'),
	(11, 12, 505.9, 505.9, 4, 0, 1, 2014, '2016-08-12 11:56:37'),
	(12, 1, 4708.05, 4708.05, 4, 1, 1, 2014, '2016-08-12 11:56:37'),
	(13, 1, 949.25, 949.25, 4, 2, 1, 2014, '2016-08-12 11:56:37'),
	(14, 1, 3.9, 3.9, 4, 9, 1, 2014, '2016-08-12 11:56:37'),
	(15, 1, 2684.4, 2684.4, 4, 3, 1, 2014, '2016-08-12 11:56:37'),
	(16, 1, 183.63, 183.63, 4, 10, 1, 2014, '2016-08-12 11:56:37'),
	(17, 1, 1586.65, 1586.65, 4, 5, 1, 2014, '2016-08-12 11:56:37'),
	(18, 1, 880.5, 880.5, 4, 11, 1, 2014, '2016-08-12 11:56:37'),
	(19, 1, 0, 0, 4, 12, 1, 2014, '2016-08-12 11:56:37'),
	(20, 1, 1003.85, 1003.85, 4, 4, 1, 2014, '2016-08-12 11:56:37'),
	(21, 1, 147.2, 147.2, 4, 6, 1, 2014, '2016-08-12 11:56:37'),
	(22, 1, 522.69, 522.69, 1, 0, 1, 2015, '2016-08-12 11:57:40'),
	(23, 3, 32.21, 32.21, 1, 0, 1, 2015, '2016-08-12 11:57:40'),
	(24, 4, 31.72, 31.72, 1, 0, 1, 2015, '2016-08-12 11:57:40'),
	(25, 5, 10.67, 10.67, 1, 0, 1, 2015, '2016-08-12 11:57:40'),
	(26, 6, 0.49, 0.49, 1, 0, 1, 2015, '2016-08-12 11:57:40'),
	(27, 7, 522.69, 522.69, 1, 0, 1, 2015, '2016-08-12 11:57:40'),
	(28, 8, 0, 0, 1, 0, 1, 2015, '2016-08-12 11:57:40'),
	(29, 9, 0, 0, 1, 0, 1, 2015, '2016-08-12 11:57:40'),
	(30, 10, 0, 0, 1, 0, 1, 2015, '2016-08-12 11:57:40'),
	(31, 11, 0, 0, 1, 0, 1, 2015, '2016-08-12 11:57:40'),
	(32, 12, 0, 0, 1, 0, 1, 2015, '2016-08-12 11:57:41'),
	(33, 1, 150.97, 150.97, 1, 1, 1, 2015, '2016-08-12 11:57:41'),
	(34, 1, 150.97, 150.97, 1, 2, 1, 2015, '2016-08-12 11:57:41'),
	(35, 1, 0, 0, 1, 9, 1, 2015, '2016-08-12 11:57:41'),
	(36, 1, 583.07, 0, 1, 3, 1, 2015, '2016-08-12 11:57:41'),
	(37, 1, 0, 0, 1, 10, 1, 2015, '2016-08-12 11:57:41'),
	(38, 1, 259.42, 0, 1, 5, 1, 2015, '2016-08-12 11:57:41'),
	(39, 1, 0, 0, 1, 11, 1, 2015, '2016-08-12 11:57:41'),
	(40, 1, 0, 0, 1, 12, 1, 2015, '2016-08-12 11:57:41'),
	(41, 1, 371.721, 371.721, 1, 4, 1, 2015, '2016-08-12 11:57:41'),
	(42, 1, 0, 0, 1, 6, 1, 2015, '2016-08-12 11:57:41'),
	(43, 1, 1248.45, 1248.45, 2, 0, 1, 2015, '2016-08-12 11:58:06'),
	(44, 3, 1052.26, 1052.26, 2, 0, 1, 2015, '2016-08-12 11:58:06'),
	(45, 4, 953.02, 953.02, 2, 0, 1, 2015, '2016-08-12 11:58:06'),
	(46, 5, 679.29, 679.29, 2, 0, 1, 2015, '2016-08-12 11:58:06'),
	(47, 6, 99.23, 99.23, 2, 0, 1, 2015, '2016-08-12 11:58:06'),
	(48, 7, 1248.45, 1248.45, 2, 0, 1, 2015, '2016-08-12 11:58:06'),
	(49, 8, 0, 0, 2, 0, 1, 2015, '2016-08-12 11:58:06'),
	(50, 9, 0, 0, 2, 0, 1, 2015, '2016-08-12 11:58:06'),
	(51, 10, 0, 0, 2, 0, 1, 2015, '2016-08-12 11:58:06'),
	(52, 11, 0, 0, 2, 0, 1, 2015, '2016-08-12 11:58:06'),
	(53, 12, 0, 0, 2, 0, 1, 2015, '2016-08-12 11:58:06'),
	(54, 1, 405.96, 405.96, 2, 1, 1, 2015, '2016-08-12 11:58:06'),
	(55, 1, 405.96, 405.96, 2, 2, 1, 2015, '2016-08-12 11:58:06'),
	(56, 1, 0, 0, 2, 9, 1, 2015, '2016-08-12 11:58:06'),
	(57, 1, 583.07, 583.07, 2, 3, 1, 2015, '2016-08-12 11:58:06'),
	(58, 1, 0, 0, 2, 10, 1, 2015, '2016-08-12 11:58:06'),
	(59, 1, 259.42, 259.42, 2, 5, 1, 2015, '2016-08-12 11:58:06'),
	(60, 1, 0, 0, 2, 11, 1, 2015, '2016-08-12 11:58:06'),
	(61, 1, 0, 0, 2, 12, 1, 2015, '2016-08-12 11:58:06'),
	(62, 1, 0, 0, 2, 4, 1, 2015, '2016-08-12 11:58:06'),
	(63, 1, 0, 0, 2, 6, 1, 2015, '2016-08-12 11:58:06'),
	(64, 1, 235.39, 235.39, 3, 0, 1, 2015, '2016-08-12 11:58:18'),
	(65, 3, 192.17, 192.17, 3, 0, 1, 2015, '2016-08-12 11:58:18'),
	(66, 4, 189.7, 189.7, 3, 0, 1, 2015, '2016-08-12 11:58:18'),
	(67, 5, 93.63, 93.63, 3, 0, 1, 2015, '2016-08-12 11:58:18'),
	(68, 6, 2.48, 2.48, 3, 0, 1, 2015, '2016-08-12 11:58:18'),
	(69, 7, 235.39, 235.39, 3, 0, 1, 2015, '2016-08-12 11:58:18'),
	(70, 8, 0, 0, 3, 0, 1, 2015, '2016-08-12 11:58:18'),
	(71, 9, 0, 0, 3, 0, 1, 2015, '2016-08-12 11:58:18'),
	(72, 10, 0, 0, 3, 0, 1, 2015, '2016-08-12 11:58:18'),
	(73, 11, 0, 0, 3, 0, 1, 2015, '2016-08-12 11:58:18'),
	(74, 12, 0, 0, 3, 0, 1, 2015, '2016-08-12 11:58:18'),
	(75, 1, 0, 0, 3, 1, 1, 2015, '2016-08-12 11:58:18'),
	(76, 1, 0, 0, 3, 2, 1, 2015, '2016-08-12 11:58:18'),
	(77, 1, 0, 0, 3, 9, 1, 2015, '2016-08-12 11:58:18'),
	(78, 1, 235.39, 235.39, 3, 3, 1, 2015, '2016-08-12 11:58:18'),
	(79, 1, 0, 0, 3, 10, 1, 2015, '2016-08-12 11:58:18'),
	(80, 1, 0, 0, 3, 5, 1, 2015, '2016-08-12 11:58:18'),
	(81, 1, 0, 0, 3, 11, 1, 2015, '2016-08-12 11:58:18'),
	(82, 1, 0, 0, 3, 12, 1, 2015, '2016-08-12 11:58:18'),
	(83, 1, 0, 0, 3, 4, 1, 2015, '2016-08-12 11:58:18'),
	(84, 1, 0, 0, 3, 6, 1, 2015, '2016-08-12 11:58:18'),
	(85, 1, 6732.47, 6732.47, 4, 0, 1, 2015, '2016-08-12 11:58:27'),
	(86, 3, 6213.36, 6213.36, 4, 0, 1, 2015, '2016-08-12 11:58:27'),
	(87, 4, 5895.56, 5895.56, 4, 0, 1, 2015, '2016-08-12 11:58:27'),
	(88, 5, 3548.41, 3548.41, 4, 0, 1, 2015, '2016-08-12 11:58:27'),
	(89, 6, 317.8, 317.8, 4, 0, 1, 2015, '2016-08-12 11:58:27'),
	(90, 7, 5680.47, 5680.47, 4, 0, 1, 2015, '2016-08-12 11:58:27'),
	(91, 8, 0, 0, 4, 0, 1, 2015, '2016-08-12 11:58:27'),
	(92, 9, 0, 0, 4, 0, 1, 2015, '2016-08-12 11:58:27'),
	(93, 10, 0, 0, 4, 0, 1, 2015, '2016-08-12 11:58:27'),
	(94, 11, 0, 0, 4, 0, 1, 2015, '2016-08-12 11:58:27'),
	(95, 12, 0, 0, 4, 0, 1, 2015, '2016-08-12 11:58:27'),
	(96, 1, 49.07, 49.07, 4, 1, 1, 2015, '2016-08-12 11:58:27'),
	(97, 1, 49.07, 49.07, 4, 2, 1, 2015, '2016-08-12 11:58:27'),
	(98, 1, 0, 0, 4, 9, 1, 2015, '2016-08-12 11:58:27'),
	(99, 1, 1247.54, 1247.54, 4, 3, 1, 2015, '2016-08-12 11:58:27'),
	(100, 1, 0, 0, 4, 10, 1, 2015, '2016-08-12 11:58:27'),
	(101, 1, 637.58, 637.58, 4, 5, 1, 2015, '2016-08-12 11:58:27'),
	(102, 1, 0, 0, 4, 11, 1, 2015, '2016-08-12 11:58:27'),
	(103, 1, 0, 0, 4, 12, 1, 2015, '2016-08-12 11:58:27'),
	(104, 1, 4678.28, 4678.28, 4, 4, 1, 2015, '2016-08-12 11:58:27'),
	(105, 1, 119, 119, 4, 6, 1, 2015, '2016-08-12 11:58:27'),
	(106, 13, 4899.58, 4899.58, 4, 0, 1, 2014, '2016-08-12 15:05:19'),
	(107, 14, 3069.75, 3069.75, 4, 0, 1, 2014, '2016-08-12 15:05:19'),
	(108, 15, 602.78, 602.78, 4, 0, 1, 2014, '2016-08-12 15:05:19'),
	(109, 17, 456.6, 456.6, 4, 0, 1, 2014, '2016-08-12 15:05:19'),
	(110, 184, 146.17, 146.17, 4, 0, 1, 2014, '2016-08-12 15:05:19'),
	(111, 16, 441.1, 441.1, 4, 0, 1, 2014, '2016-08-12 15:05:19'),
	(112, 87, 3586.35, 3586.35, 4, 0, 1, 2014, '2016-08-12 15:05:19'),
	(113, 88, 2647.72, 2647.72, 4, 0, 1, 2014, '2016-08-12 15:05:19'),
	(114, 89, 2251.86, 2251.86, 4, 0, 1, 2014, '2016-08-12 15:05:19'),
	(115, 90, 1069.41, 1069.41, 4, 0, 1, 2014, '2016-08-12 15:05:19'),
	(116, 91, 160724, 160724, 4, 0, 5, 2014, '2016-08-12 15:05:19'),
	(117, 13, 344.89, 344.89, 4, 1, 1, 2014, '2016-08-12 15:05:19'),
	(118, 91, 11083.23, 11083.23, 4, 1, 5, 2014, '2016-08-12 15:05:19'),
	(119, 13, 344.89, 344.89, 4, 2, 1, 2014, '2016-08-12 15:05:19'),
	(120, 91, 11083.24, 11083.24, 4, 2, 5, 2014, '2016-08-12 15:05:19'),
	(121, 13, 0, 0, 4, 9, 1, 2014, '2016-08-12 15:05:19'),
	(122, 91, 0, 0, 4, 9, 5, 2014, '2016-08-12 15:05:19'),
	(123, 13, 1362.68, 1362.68, 4, 3, 1, 2014, '2016-08-12 15:05:19'),
	(124, 91, 121546.55, 121546.55, 4, 3, 5, 2014, '2016-08-12 15:05:19'),
	(125, 13, 13, 13, 4, 10, 1, 2014, '2016-08-12 15:05:19'),
	(126, 91, 0, 0, 4, 10, 5, 2014, '2016-08-12 15:05:19'),
	(127, 13, 1758.6, 1758.6, 4, 5, 1, 2014, '2016-08-12 15:05:19'),
	(128, 91, 11294.74, 11294.74, 4, 5, 5, 2014, '2016-08-12 15:05:19'),
	(129, 13, 1409.42, 1409.42, 4, 11, 1, 2014, '2016-08-12 15:05:19'),
	(130, 91, 2255.26, 2255.26, 4, 11, 5, 2014, '2016-08-12 15:05:19'),
	(131, 13, 10.08, 10.08, 4, 12, 1, 2014, '2016-08-12 15:05:19'),
	(132, 91, 0, 0, 4, 12, 5, 2014, '2016-08-12 15:05:19'),
	(133, 13, 1275.76, 1275.76, 4, 4, 1, 2014, '2016-08-12 15:05:19'),
	(134, 91, 7614.52, 7614.52, 4, 4, 5, 2014, '2016-08-12 15:05:19'),
	(135, 13, 157.62, 157.62, 4, 6, 1, 2014, '2016-08-12 15:05:19'),
	(136, 91, 9184.97, 9184.97, 4, 6, 5, 2014, '2016-08-12 15:05:19'),
	(137, 13, 1456.41, 1456.41, 1, 0, 1, 2015, '2016-08-12 15:12:02'),
	(138, 14, 641.44, 641.44, 1, 0, 1, 2015, '2016-08-12 15:12:02'),
	(139, 15, 546.89, 546.89, 1, 0, 1, 2015, '2016-08-12 15:12:02'),
	(140, 17, 484.35, 484.35, 1, 0, 1, 2015, '2016-08-12 15:12:02'),
	(141, 184, 62.54, 62.54, 1, 0, 1, 2015, '2016-08-12 15:12:02'),
	(142, 16, 435.72, 435.72, 1, 0, 1, 2015, '2016-08-12 15:12:02'),
	(143, 87, 473.81, 473.81, 1, 0, 1, 2015, '2016-08-12 15:12:02'),
	(144, 88, 338.69, 338.69, 1, 0, 1, 2015, '2016-08-12 15:12:02'),
	(145, 89, 1117.72, 1117.72, 1, 0, 1, 2015, '2016-08-12 15:12:02'),
	(146, 90, 1104.11, 1104.11, 1, 0, 1, 2015, '2016-08-12 15:12:02'),
	(147, 91, 50753.2093, 50753.2093, 1, 0, 5, 2015, '2016-08-12 15:12:02'),
	(148, 13, 130.31, 130.31, 1, 1, 1, 2015, '2016-08-12 15:12:02'),
	(149, 91, 11226.21, 11226.21, 1, 1, 5, 2015, '2016-08-12 15:12:02'),
	(150, 13, 41.97, 41.97, 1, 2, 1, 2015, '2016-08-12 15:12:02'),
	(151, 91, 5821.87, 5821.87, 1, 2, 5, 2015, '2016-08-12 15:12:02'),
	(152, 13, 88.33, 88.33, 1, 9, 1, 2015, '2016-08-12 15:12:02'),
	(153, 91, 5404.34, 5404.34, 1, 9, 5, 2015, '2016-08-12 15:12:02'),
	(154, 13, 213.56, 213.56, 1, 3, 1, 2015, '2016-08-12 15:12:02'),
	(155, 91, 6568.79, 6568.79, 1, 3, 5, 2015, '2016-08-12 15:12:02'),
	(156, 13, 0, 0, 1, 10, 1, 2015, '2016-08-12 15:12:02'),
	(157, 91, 0, 0, 1, 10, 5, 2015, '2016-08-12 15:12:02'),
	(158, 13, 382.74, 382.74, 1, 5, 1, 2015, '2016-08-12 15:12:02'),
	(159, 91, 21621.71, 21621.71, 1, 5, 5, 2015, '2016-08-12 15:12:02'),
	(160, 13, 221.35, 221.35, 1, 11, 1, 2015, '2016-08-12 15:12:02'),
	(161, 91, 9013.04, 9013.04, 1, 11, 5, 2015, '2016-08-12 15:12:02'),
	(162, 13, 50.3, 50.3, 1, 12, 1, 2015, '2016-08-12 15:12:02'),
	(163, 91, 0, 0, 1, 12, 5, 2015, '2016-08-12 15:12:02'),
	(164, 13, 591.69, 591.69, 1, 4, 1, 2015, '2016-08-12 15:12:02'),
	(165, 91, 7000.3, 7000.3, 1, 4, 5, 2015, '2016-08-12 15:12:02'),
	(166, 13, 138.12, 138.12, 1, 6, 1, 2015, '2016-08-12 15:12:02'),
	(167, 91, 4336.2, 4336.2, 1, 6, 5, 2015, '2016-08-12 15:12:02'),
	(168, 13, 2260.64, 2260.64, 2, 0, 1, 2015, '2016-08-12 15:12:24'),
	(169, 14, 1441.02, 1441.02, 2, 0, 1, 2015, '2016-08-12 15:12:24'),
	(170, 15, 13.41, 13.41, 2, 0, 1, 2015, '2016-08-12 15:12:24'),
	(171, 17, 13.41, 13.41, 2, 0, 1, 2015, '2016-08-12 15:12:24'),
	(172, 184, 0, 0, 2, 0, 1, 2015, '2016-08-12 15:12:24'),
	(173, 16, 1143.86, 1143.86, 2, 0, 1, 2015, '2016-08-12 15:12:24'),
	(174, 87, 1055.81, 1055.81, 2, 0, 1, 2015, '2016-08-12 15:12:24'),
	(175, 88, 943.08, 943.08, 2, 0, 1, 2015, '2016-08-12 15:12:24'),
	(176, 89, 1317.56, 1317.56, 2, 0, 1, 2015, '2016-08-12 15:12:24'),
	(177, 90, 1162.59, 1162.59, 2, 0, 1, 2015, '2016-08-12 15:12:24'),
	(178, 91, 35225.3407, 35225.3407, 2, 0, 5, 2015, '2016-08-12 15:12:24'),
	(179, 13, 132.12, 132.12, 2, 1, 1, 2015, '2016-08-12 15:12:24'),
	(180, 91, 0, 0, 2, 1, 5, 2015, '2016-08-12 15:12:24'),
	(181, 13, 116.49, 116.49, 2, 2, 1, 2015, '2016-08-12 15:12:24'),
	(182, 91, 0, 0, 2, 2, 5, 2015, '2016-08-12 15:12:24'),
	(183, 13, 15.63, 15.63, 2, 9, 1, 2015, '2016-08-12 15:12:24'),
	(184, 91, 0, 0, 2, 9, 5, 2015, '2016-08-12 15:12:24'),
	(185, 13, 1590.62, 1590.62, 2, 3, 1, 2015, '2016-08-12 15:12:24'),
	(186, 91, 28542.67, 28542.67, 2, 3, 5, 2015, '2016-08-12 15:12:24'),
	(187, 13, 51.69, 51.69, 2, 10, 1, 2015, '2016-08-12 15:12:24'),
	(188, 91, 1047.82, 1047.82, 2, 10, 5, 2015, '2016-08-12 15:12:24'),
	(189, 13, 58.16, 58.16, 2, 5, 1, 2015, '2016-08-12 15:12:24'),
	(190, 91, 453.91, 453.91, 2, 5, 5, 2015, '2016-08-12 15:12:24'),
	(191, 13, 2.18000000000001, 2.18000000000001, 2, 11, 1, 2015, '2016-08-12 15:12:24'),
	(192, 91, 0, 0, 2, 11, 5, 2015, '2016-08-12 15:12:24'),
	(193, 13, 0, 0, 2, 12, 1, 2015, '2016-08-12 15:12:24'),
	(194, 91, 0, 0, 2, 12, 5, 2015, '2016-08-12 15:12:24'),
	(195, 13, 479.73, 479.73, 2, 4, 1, 2015, '2016-08-12 15:12:24'),
	(196, 91, 6228.75, 6228.75, 2, 4, 5, 2015, '2016-08-12 15:12:24'),
	(197, 13, 0, 0, 2, 6, 1, 2015, '2016-08-12 15:12:24'),
	(198, 91, 0, 0, 2, 6, 5, 2015, '2016-08-12 15:12:24'),
	(199, 13, 1403.25, 1403.25, 3, 0, 1, 2015, '2016-08-12 15:12:55'),
	(200, 14, 1609.65, 1609.65, 3, 0, 1, 2015, '2016-08-12 15:12:55'),
	(201, 15, 66.7800000000001, 66.7800000000001, 3, 0, 1, 2015, '2016-08-12 15:12:55'),
	(202, 17, 66.76, 66.76, 3, 0, 1, 2015, '2016-08-12 15:12:55'),
	(203, 184, 0.0200000000000031, 0.0200000000000031, 3, 0, 1, 2015, '2016-08-12 15:12:55'),
	(204, 16, 711.77, 711.77, 3, 0, 1, 2015, '2016-08-12 15:12:55'),
	(205, 87, 420.02, 420.02, 3, 0, 1, 2015, '2016-08-12 15:12:55'),
	(206, 88, 429.81, 429.81, 3, 0, 1, 2015, '2016-08-12 15:12:55'),
	(207, 89, 973.44, 973.44, 3, 0, 1, 2015, '2016-08-12 15:12:55'),
	(208, 90, 461, 461, 3, 0, 1, 2015, '2016-08-12 15:12:55'),
	(209, 91, 28536.43, 28536.43, 3, 0, 5, 2015, '2016-08-12 15:12:55'),
	(210, 13, 237.78, 237.78, 3, 1, 1, 2015, '2016-08-12 15:12:55'),
	(211, 91, 13619.15, 13619.15, 3, 1, 5, 2015, '2016-08-12 15:12:55'),
	(212, 13, 237.79, 237.79, 3, 2, 1, 2015, '2016-08-12 15:12:55'),
	(213, 91, 13619.14, 13619.14, 3, 2, 5, 2015, '2016-08-12 15:12:55'),
	(214, 13, 0, 0, 3, 9, 1, 2015, '2016-08-12 15:12:55'),
	(215, 91, 0, 0, 3, 9, 5, 2015, '2016-08-12 15:12:55'),
	(216, 13, 360.72, 360.72, 3, 3, 1, 2015, '2016-08-12 15:12:55'),
	(217, 91, 4679.15, 4679.15, 3, 3, 5, 2015, '2016-08-12 15:12:55'),
	(218, 13, 61.08, 61.08, 3, 10, 1, 2015, '2016-08-12 15:12:55'),
	(219, 91, 1561.19, 1561.19, 3, 10, 5, 2015, '2016-08-12 15:12:55'),
	(220, 13, 250.71, 250.71, 3, 5, 1, 2015, '2016-08-12 15:12:55'),
	(221, 91, 4255.21, 4255.21, 3, 5, 5, 2015, '2016-08-12 15:12:55'),
	(222, 13, 68.08, 68.08, 3, 11, 1, 2015, '2016-08-12 15:12:55'),
	(223, 91, 4494.72, 4494.72, 3, 11, 5, 2015, '2016-08-12 15:12:55'),
	(224, 13, 103.29, 103.29, 3, 12, 1, 2015, '2016-08-12 15:12:55'),
	(225, 91, 0, 0, 3, 12, 5, 2015, '2016-08-12 15:12:55'),
	(226, 13, 552.05, 552.05, 3, 4, 1, 2015, '2016-08-12 15:12:55'),
	(227, 91, 5954.95, 5954.95, 3, 4, 5, 2015, '2016-08-12 15:12:55'),
	(228, 13, 2, 2, 3, 6, 1, 2015, '2016-08-12 15:12:55'),
	(229, 91, 27.9899999999998, 27.9899999999998, 3, 6, 5, 2015, '2016-08-12 15:12:55'),
	(230, 13, 4887.25, 4887.25, 4, 0, 1, 2015, '2016-08-12 15:13:21'),
	(231, 14, 3224.09, 3224.09, 4, 0, 1, 2015, '2016-08-12 15:13:21'),
	(232, 15, 141.14, 141.14, 4, 0, 1, 2015, '2016-08-12 15:13:21'),
	(233, 17, 20.27, 20.27, 4, 0, 1, 2015, '2016-08-12 15:13:21'),
	(234, 184, 120.87, 120.87, 4, 0, 1, 2015, '2016-08-12 15:13:21'),
	(235, 16, 2127.65, 2127.65, 4, 0, 1, 2015, '2016-08-12 15:13:21'),
	(236, 87, 2175.36, 2175.36, 4, 0, 1, 2015, '2016-08-12 15:13:21'),
	(237, 88, 2322.27, 2322.27, 4, 0, 1, 2015, '2016-08-12 15:13:21'),
	(238, 89, 2564.98, 2564.98, 4, 0, 1, 2015, '2016-08-12 15:13:21'),
	(239, 90, 2502, 2502, 4, 0, 1, 2015, '2016-08-12 15:13:21'),
	(240, 91, 115522.65, 115522.65, 4, 0, 5, 2015, '2016-08-12 15:13:21'),
	(241, 13, 2277.7, 2277.7, 4, 1, 1, 2015, '2016-08-12 15:13:21'),
	(242, 91, 92903.96, 92903.96, 4, 1, 5, 2015, '2016-08-12 15:13:21'),
	(243, 13, 705.4, 705.4, 4, 2, 1, 2015, '2016-08-12 15:13:21'),
	(244, 91, 48801.44, 48801.44, 4, 2, 5, 2015, '2016-08-12 15:13:21'),
	(245, 13, 1572.3, 1572.3, 4, 9, 1, 2015, '2016-08-12 15:13:21'),
	(246, 91, 44102.54, 44102.54, 4, 9, 5, 2015, '2016-08-12 15:13:21'),
	(247, 13, 739.45, 739.45, 4, 3, 1, 2015, '2016-08-12 15:13:21'),
	(248, 91, 17443.65, 17443.65, 4, 3, 5, 2015, '2016-08-12 15:13:21'),
	(249, 13, 5, 5, 4, 10, 1, 2015, '2016-08-12 15:13:21'),
	(250, 91, -631.84, -631.84, 4, 10, 5, 2015, '2016-08-12 15:13:21'),
	(251, 13, 1090.13, 1090.13, 4, 5, 1, 2015, '2016-08-12 15:13:21'),
	(252, 91, 1094.43, 1094.43, 4, 5, 5, 2015, '2016-08-12 15:13:21'),
	(253, 13, 331.56, 331.56, 4, 11, 1, 2015, '2016-08-12 15:13:21'),
	(254, 91, 2391.79, 2391.79, 4, 11, 5, 2015, '2016-08-12 15:13:21'),
	(255, 13, 31.69, 31.69, 4, 12, 1, 2015, '2016-08-12 15:13:21'),
	(256, 91, 5533.47, 5533.47, 4, 12, 5, 2015, '2016-08-12 15:13:21'),
	(257, 13, 745.18, 745.18, 4, 4, 1, 2015, '2016-08-12 15:13:21'),
	(258, 91, 4080.59, 4080.59, 4, 4, 5, 2015, '2016-08-12 15:13:21'),
	(259, 13, 34.78, 34.78, 4, 6, 1, 2015, '2016-08-12 15:13:21'),
	(260, 91, 0, 0, 4, 6, 5, 2015, '2016-08-12 15:13:21'),
	(261, 105, 62, 62, 4, 0, 3, 2014, '2016-08-12 15:21:55'),
	(262, 106, 3818.81, 3818.81, 4, 0, 1, 2014, '2016-08-12 15:21:56'),
	(263, 107, 756.47, 756.47, 4, 0, 1, 2014, '2016-08-12 15:21:56'),
	(264, 108, 207, 207, 4, 0, 1, 2014, '2016-08-12 15:21:56'),
	(265, 109, 1447.66, 1447.66, 4, 0, 1, 2014, '2016-08-12 15:21:56'),
	(266, 110, 0, 0, 4, 0, 1, 2014, '2016-08-12 15:21:56'),
	(267, 111, -1156.3, -1156.3, 4, 0, 1, 2014, '2016-08-12 15:21:56'),
	(268, 105, 10, 10, 4, 1, 3, 2014, '2016-08-12 15:21:56'),
	(269, 106, 682.2, 682.2, 4, 1, 1, 2014, '2016-08-12 15:21:56'),
	(270, 105, 8, 8, 4, 2, 3, 2014, '2016-08-12 15:21:56'),
	(271, 106, 347.05, 347.05, 4, 2, 1, 2014, '2016-08-12 15:21:56'),
	(272, 105, 1, 1, 4, 9, 3, 2014, '2016-08-12 15:21:56'),
	(273, 106, 207, 207, 4, 9, 1, 2014, '2016-08-12 15:21:56'),
	(274, 105, 25, 25, 4, 3, 3, 2014, '2016-08-12 15:21:56'),
	(275, 106, 1686.35, 1686.35, 4, 3, 1, 2014, '2016-08-12 15:21:56'),
	(276, 105, 6, 6, 4, 10, 3, 2014, '2016-08-12 15:21:56'),
	(277, 106, 102.14, 102.14, 4, 10, 1, 2014, '2016-08-12 15:21:56'),
	(278, 105, 13, 13, 4, 5, 3, 2014, '2016-08-12 15:21:56'),
	(279, 106, 446.85, 446.85, 4, 5, 1, 2014, '2016-08-12 15:21:56'),
	(280, 105, 0, 0, 4, 11, 3, 2014, '2016-08-12 15:21:56'),
	(281, 106, -0.23, -0.23, 4, 11, 1, 2014, '2016-08-12 15:21:56'),
	(282, 105, 0, 0, 4, 12, 3, 2014, '2016-08-12 15:21:56'),
	(283, 106, 0, 0, 4, 12, 1, 2014, '2016-08-12 15:21:56'),
	(284, 105, 4, 4, 4, 4, 3, 2014, '2016-08-12 15:21:56'),
	(285, 106, 123.15, 123.15, 4, 4, 1, 2014, '2016-08-12 15:21:56'),
	(286, 105, 10, 10, 4, 6, 3, 2014, '2016-08-12 15:21:56'),
	(287, 106, 880.26, 880.26, 4, 6, 1, 2014, '2016-08-12 15:21:56'),
	(288, 19, 47, 47, 4, 0, 3, 2014, '2016-08-12 15:34:57'),
	(289, 20, 3692.92, 3692.92, 4, 0, 1, 2014, '2016-08-12 15:34:57'),
	(290, 21, 2068.79, 2068.79, 4, 0, 1, 2014, '2016-08-12 15:34:57'),
	(291, 92, 888.42, 888.42, 4, 0, 1, 2014, '2016-08-12 15:34:57'),
	(292, 93, 1095.71, 1095.71, 4, 0, 1, 2014, '2016-08-12 15:34:57'),
	(293, 24, 455494, 455494, 4, 0, 4, 2014, '2016-08-12 15:34:57'),
	(294, 25, 378122.3, 378122.3, 4, 0, 4, 2014, '2016-08-12 15:34:57'),
	(295, 94, 347, 347, 4, 0, 4, 2014, '2016-08-12 15:34:57'),
	(296, 95, 40484.79, 40484.79, 4, 0, 4, 2014, '2016-08-12 15:34:57'),
	(297, 96, 287.629999999999, 287.629999999999, 4, 0, 1, 2014, '2016-08-12 15:34:57'),
	(298, 145, 1901.08, 1901.08, 4, 1, 1, 2014, '2016-08-12 15:34:57'),
	(299, 145, 0, 0, 4, 2, 1, 2014, '2016-08-12 15:34:58'),
	(300, 145, 0, 0, 4, 9, 1, 2014, '2016-08-12 15:34:58'),
	(301, 145, 215.48, 215.48, 4, 3, 1, 2014, '2016-08-12 15:34:58'),
	(302, 145, 0, 0, 4, 10, 1, 2014, '2016-08-12 15:34:58'),
	(303, 145, 0, 0, 4, 5, 1, 2014, '2016-08-12 15:34:58'),
	(304, 145, 0, 0, 4, 11, 1, 2014, '2016-08-12 15:34:58'),
	(305, 145, 0, 0, 4, 12, 1, 2014, '2016-08-12 15:34:58'),
	(306, 145, 1219.79, 1219.79, 4, 4, 1, 2014, '2016-08-12 15:34:58'),
	(307, 145, 716.56, 716.56, 4, 6, 1, 2014, '2016-08-12 15:34:58'),
	(308, 19, 8, 8, 2, 0, 3, 2015, '2016-08-12 15:37:59'),
	(309, 20, 3268.11, 3268.11, 2, 0, 1, 2015, '2016-08-12 15:37:59'),
	(310, 21, 4687.05, 4687.05, 2, 0, 1, 2015, '2016-08-12 15:37:59'),
	(311, 92, -1418.94, -1418.94, 2, 0, 1, 2015, '2016-08-12 15:37:59'),
	(312, 93, 0, 0, 2, 0, 1, 2015, '2016-08-12 15:37:59'),
	(313, 24, 10953.6, 10953.6, 2, 0, 4, 2015, '2016-08-12 15:37:59'),
	(314, 25, 10953.6, 10953.6, 2, 0, 4, 2015, '2016-08-12 15:37:59'),
	(315, 94, 0, 0, 2, 0, 4, 2015, '2016-08-12 15:37:59'),
	(316, 95, 4569.79, 4569.79, 2, 0, 4, 2015, '2016-08-12 15:38:00'),
	(317, 96, 1746.03, 1746.03, 2, 0, 1, 2015, '2016-08-12 15:38:00'),
	(318, 145, 92.47, 92.47, 2, 1, 1, 2015, '2016-08-12 15:38:00'),
	(319, 145, 0, 0, 2, 2, 1, 2015, '2016-08-12 15:38:00'),
	(320, 145, 0, 0, 2, 9, 1, 2015, '2016-08-12 15:38:00'),
	(321, 145, -1464.24, -1464.24, 2, 3, 1, 2015, '2016-08-12 15:38:00'),
	(322, 145, 0, 0, 2, 10, 1, 2015, '2016-08-12 15:38:00'),
	(323, 145, 0, 0, 2, 5, 1, 2015, '2016-08-12 15:38:00'),
	(324, 145, 0, 0, 2, 11, 1, 2015, '2016-08-12 15:38:00'),
	(325, 145, 0, 0, 2, 12, 1, 2015, '2016-08-12 15:38:00'),
	(326, 145, 4622.02, 4622.02, 2, 4, 1, 2015, '2016-08-12 15:38:00'),
	(327, 145, 17.86, 17.86, 2, 6, 1, 2015, '2016-08-12 15:38:00'),
	(328, 19, 9, 9, 1, 0, 3, 2015, '2016-08-12 15:38:08'),
	(329, 20, 2750.24, 2750.24, 1, 0, 1, 2015, '2016-08-12 15:38:08'),
	(330, 21, 1319.25, 1319.25, 1, 0, 1, 2015, '2016-08-12 15:38:08'),
	(331, 92, 1430.99, 1430.99, 1, 0, 1, 2015, '2016-08-12 15:38:08'),
	(332, 93, 0, 0, 1, 0, 1, 2015, '2016-08-12 15:38:08'),
	(333, 24, 6156.62, 6156.62, 1, 0, 4, 2015, '2016-08-12 15:38:08'),
	(334, 25, 6156.62, 6156.62, 1, 0, 4, 2015, '2016-08-12 15:38:08'),
	(335, 94, 0, 0, 1, 0, 4, 2015, '2016-08-12 15:38:08'),
	(336, 95, 10003.06, 10003.06, 1, 0, 4, 2015, '2016-08-12 15:38:08'),
	(337, 96, 8662.03, 8662.03, 1, 0, 1, 2015, '2016-08-12 15:38:08'),
	(338, 145, 0, 0, 1, 1, 1, 2015, '2016-08-12 15:38:08'),
	(339, 145, 0, 0, 1, 2, 1, 2015, '2016-08-12 15:38:08'),
	(340, 145, 0, 0, 1, 9, 1, 2015, '2016-08-12 15:38:08'),
	(341, 145, 1484.72, 1484.72, 1, 3, 1, 2015, '2016-08-12 15:38:08'),
	(342, 145, 0, 0, 1, 10, 1, 2015, '2016-08-12 15:38:08'),
	(343, 145, 0, 0, 1, 5, 1, 2015, '2016-08-12 15:38:08'),
	(344, 145, 0, 0, 1, 11, 1, 2015, '2016-08-12 15:38:08'),
	(345, 145, 0, 0, 1, 12, 1, 2015, '2016-08-12 15:38:08'),
	(346, 145, 1262.94, 1262.94, 1, 4, 1, 2015, '2016-08-12 15:38:08'),
	(347, 145, 2.58, 2.58, 1, 6, 1, 2015, '2016-08-12 15:38:08'),
	(348, 19, 5, 5, 3, 0, 3, 2015, '2016-08-12 15:38:16'),
	(349, 20, 16.7199999999993, 16.7199999999993, 3, 0, 1, 2015, '2016-08-12 15:38:16'),
	(350, 21, 12.9399999999996, 12.9399999999996, 3, 0, 1, 2015, '2016-08-12 15:38:16'),
	(351, 92, 6.78, 6.78, 3, 0, 1, 2015, '2016-08-12 15:38:16'),
	(352, 93, 0, 0, 3, 0, 1, 2015, '2016-08-12 15:38:16'),
	(353, 24, 12100.97, 12100.97, 3, 0, 4, 2015, '2016-08-12 15:38:16'),
	(354, 25, 12100.97, 12100.97, 3, 0, 4, 2015, '2016-08-12 15:38:16'),
	(355, 94, 0, 0, 3, 0, 4, 2015, '2016-08-12 15:38:16'),
	(356, 95, 11498.03, 11498.03, 3, 0, 4, 2015, '2016-08-12 15:38:16'),
	(357, 96, -2222.03, -2222.03, 3, 0, 1, 2015, '2016-08-12 15:38:16'),
	(358, 145, 7.73999999999999, 7.73999999999999, 3, 1, 1, 2015, '2016-08-12 15:38:16'),
	(359, 145, 0, 0, 3, 2, 1, 2015, '2016-08-12 15:38:16'),
	(360, 145, 0, 0, 3, 9, 1, 2015, '2016-08-12 15:38:16'),
	(361, 145, 4.34, 4.34, 3, 3, 1, 2015, '2016-08-12 15:38:16'),
	(362, 145, 0, 0, 3, 10, 1, 2015, '2016-08-12 15:38:16'),
	(363, 145, 0, 0, 3, 5, 1, 2015, '2016-08-12 15:38:16'),
	(364, 145, 0, 0, 3, 11, 1, 2015, '2016-08-12 15:38:16'),
	(365, 145, 0, 0, 3, 12, 1, 2015, '2016-08-12 15:38:16'),
	(366, 145, 0, 0, 3, 4, 1, 2015, '2016-08-12 15:38:16'),
	(367, 145, 4.64, 4.64, 3, 6, 1, 2015, '2016-08-12 15:38:16'),
	(368, 19, 16, 16, 4, 0, 3, 2015, '2016-08-12 15:38:27'),
	(369, 20, 4683.79, 4683.79, 4, 0, 1, 2015, '2016-08-12 15:38:27'),
	(370, 21, 1440.17, 1440.17, 4, 0, 1, 2015, '2016-08-12 15:38:27'),
	(371, 92, 3240.62, 3240.62, 4, 0, 1, 2015, '2016-08-12 15:38:27'),
	(372, 93, 0, 0, 4, 0, 1, 2015, '2016-08-12 15:38:27'),
	(373, 24, 256058.65, 256058.65, 4, 0, 4, 2015, '2016-08-12 15:38:27'),
	(374, 25, 255408.1, 255408.1, 4, 0, 4, 2015, '2016-08-12 15:38:27'),
	(375, 94, 0, 0, 4, 0, 4, 2015, '2016-08-12 15:38:27'),
	(376, 95, 8718.48, 8718.48, 4, 0, 4, 2015, '2016-08-12 15:38:27'),
	(377, 96, 4859.19, 4859.19, 4, 0, 1, 2015, '2016-08-12 15:38:27'),
	(378, 145, 334.67, 334.67, 4, 1, 1, 2015, '2016-08-12 15:38:27'),
	(379, 145, 0, 0, 4, 2, 1, 2015, '2016-08-12 15:38:27'),
	(380, 145, 0, 0, 4, 9, 1, 2015, '2016-08-12 15:38:27'),
	(381, 145, 2706.72, 2706.72, 4, 3, 1, 2015, '2016-08-12 15:38:27'),
	(382, 145, 0, 0, 4, 10, 1, 2015, '2016-08-12 15:38:27'),
	(383, 145, 59.24, 59.24, 4, 5, 1, 2015, '2016-08-12 15:38:27'),
	(384, 145, 0, 0, 4, 11, 1, 2015, '2016-08-12 15:38:27'),
	(385, 145, 0, 0, 4, 12, 1, 2015, '2016-08-12 15:38:27'),
	(386, 145, 1580.58, 1580.58, 4, 4, 1, 2015, '2016-08-12 15:38:27'),
	(387, 145, 2.58, 2.58, 4, 6, 1, 2015, '2016-08-12 15:38:27'),
	(388, 19, 9, 9, 1, 0, 3, 2016, '2016-08-12 16:10:28'),
	(389, 20, 182.07, 182.07, 1, 0, 1, 2016, '2016-08-12 16:10:28'),
	(390, 21, 13.78, 13.78, 1, 0, 1, 2016, '2016-08-12 16:10:32'),
	(391, 92, 4.4, 4.4, 1, 0, 1, 2016, '2016-08-12 16:10:32'),
	(392, 93, 163.89, 163.89, 1, 0, 1, 2016, '2016-08-12 16:10:32'),
	(393, 24, 25927, 25927, 1, 0, 4, 2016, '2016-08-12 16:10:32'),
	(394, 25, 25927, 25927, 1, 0, 4, 2016, '2016-08-12 16:10:32'),
	(395, 94, 0, 0, 1, 0, 4, 2016, '2016-08-12 16:10:32'),
	(396, 95, 0, 0, 1, 0, 4, 2016, '2016-08-12 16:10:32'),
	(397, 96, 13227.17, 13227.17, 1, 0, 1, 2016, '2016-08-12 16:10:32'),
	(398, 145, 163.89, 163.89, 1, 1, 1, 2016, '2016-08-12 16:10:32'),
	(399, 145, 0, 0, 1, 2, 1, 2016, '2016-08-12 16:10:32'),
	(400, 145, 0, 0, 1, 9, 1, 2016, '2016-08-12 16:10:32'),
	(401, 145, 11.43, 11.43, 1, 3, 1, 2016, '2016-08-12 16:10:32'),
	(402, 145, 0, 0, 1, 10, 1, 2016, '2016-08-12 16:10:32'),
	(403, 145, 0, 0, 1, 5, 1, 2016, '2016-08-12 16:10:32'),
	(404, 145, 0, 0, 1, 11, 1, 2016, '2016-08-12 16:10:32'),
	(405, 145, 0, 0, 1, 12, 1, 2016, '2016-08-12 16:10:32'),
	(406, 145, 1.33, 1.33, 1, 4, 1, 2016, '2016-08-12 16:10:32'),
	(407, 145, 5.42, 5.42, 1, 6, 1, 2016, '2016-08-12 16:10:32'),
	(408, 19, 4, 4, 2, 0, 3, 2016, '2016-08-12 16:10:39'),
	(409, 20, 8.73000000000002, 8.73000000000002, 2, 0, 1, 2016, '2016-08-12 16:10:39'),
	(410, 21, 8.73, 8.73, 2, 0, 1, 2016, '2016-08-12 16:10:39'),
	(411, 92, 0, 0, 2, 0, 1, 2016, '2016-08-12 16:10:39'),
	(412, 93, 0, 0, 2, 0, 1, 2016, '2016-08-12 16:10:39'),
	(413, 24, 5797.91, 5797.91, 2, 0, 4, 2016, '2016-08-12 16:10:39'),
	(414, 25, 5797.91, 5797.91, 2, 0, 4, 2016, '2016-08-12 16:10:39'),
	(415, 94, 0, 0, 2, 0, 4, 2016, '2016-08-12 16:10:39'),
	(416, 95, 4783.72, 4783.72, 2, 0, 4, 2016, '2016-08-12 16:10:40'),
	(417, 96, 8.73999999999978, 8.73999999999978, 2, 0, 1, 2016, '2016-08-12 16:10:40'),
	(418, 145, 0, 0, 2, 1, 1, 2016, '2016-08-12 16:10:40'),
	(419, 145, 0, 0, 2, 2, 1, 2016, '2016-08-12 16:10:40'),
	(420, 145, 0, 0, 2, 9, 1, 2016, '2016-08-12 16:10:40'),
	(421, 145, 8.39, 8.39, 2, 3, 1, 2016, '2016-08-12 16:10:40'),
	(422, 145, 0, 0, 2, 10, 1, 2016, '2016-08-12 16:10:40'),
	(423, 145, 0, 0, 2, 5, 1, 2016, '2016-08-12 16:10:40'),
	(424, 145, 0, 0, 2, 11, 1, 2016, '2016-08-12 16:10:40'),
	(425, 145, 0, 0, 2, 12, 1, 2016, '2016-08-12 16:10:40'),
	(426, 145, 0, 0, 2, 4, 1, 2016, '2016-08-12 16:10:40'),
	(427, 145, 0.34, 0.34, 2, 6, 1, 2016, '2016-08-12 16:10:40'),
	(428, 1, 636.54, 636.54, 2, 0, 1, 2016, '2016-08-12 16:20:48'),
	(429, 3, 312.91, 312.91, 2, 0, 1, 2016, '2016-08-12 16:20:48'),
	(430, 4, 312.77, 312.77, 2, 0, 1, 2016, '2016-08-12 16:20:48'),
	(431, 5, 102.39, 102.39, 2, 0, 1, 2016, '2016-08-12 16:20:48'),
	(432, 6, 0.14, 0.14, 2, 0, 1, 2016, '2016-08-12 16:20:48'),
	(433, 7, 637, 637, 2, 0, 1, 2016, '2016-08-12 16:20:48'),
	(434, 8, 0, 0, 2, 0, 1, 2016, '2016-08-12 16:20:48'),
	(435, 9, 0, 0, 2, 0, 1, 2016, '2016-08-12 16:20:48'),
	(436, 10, 0, 0, 2, 0, 1, 2016, '2016-08-12 16:20:48'),
	(437, 11, 0, 0, 2, 0, 1, 2016, '2016-08-12 16:20:48'),
	(438, 12, 0, 0, 2, 0, 1, 2016, '2016-08-12 16:20:49'),
	(439, 1, 0, 0, 2, 1, 1, 2016, '2016-08-12 16:20:49'),
	(440, 1, 0, 0, 2, 2, 1, 2016, '2016-08-12 16:20:49'),
	(441, 1, 0, 0, 2, 9, 1, 2016, '2016-08-12 16:20:49'),
	(442, 1, 314.8, 314.8, 2, 3, 1, 2016, '2016-08-12 16:20:49'),
	(443, 1, 0, 0, 2, 10, 1, 2016, '2016-08-12 16:20:49'),
	(444, 1, 27.9, 27.9, 2, 5, 1, 2016, '2016-08-12 16:20:49'),
	(445, 1, 12.24, 12.24, 2, 11, 1, 2016, '2016-08-12 16:20:49'),
	(446, 1, 0, 0, 2, 12, 1, 2016, '2016-08-12 16:20:49'),
	(447, 1, 293.9, 293.9, 2, 4, 1, 2016, '2016-08-12 16:20:49'),
	(448, 1, 0, 0, 2, 6, 1, 2016, '2016-08-12 16:20:49'),
	(449, 1, 0, 0, 1, 0, 1, 2016, '2016-08-12 16:20:57'),
	(450, 3, 0, 0, 1, 0, 1, 2016, '2016-08-12 16:20:57'),
	(451, 4, 0, 0, 1, 0, 1, 2016, '2016-08-12 16:20:57'),
	(452, 5, 0, 0, 1, 0, 1, 2016, '2016-08-12 16:20:57'),
	(453, 6, 0, 0, 1, 0, 1, 2016, '2016-08-12 16:20:57'),
	(454, 7, 0, 0, 1, 0, 1, 2016, '2016-08-12 16:20:57'),
	(455, 8, 0, 0, 1, 0, 1, 2016, '2016-08-12 16:20:57'),
	(456, 9, 0, 0, 1, 0, 1, 2016, '2016-08-12 16:20:57'),
	(457, 10, 0, 0, 1, 0, 1, 2016, '2016-08-12 16:20:57'),
	(458, 11, 0, 0, 1, 0, 1, 2016, '2016-08-12 16:20:57'),
	(459, 12, 0, 0, 1, 0, 1, 2016, '2016-08-12 16:20:57'),
	(460, 1, 0, 0, 1, 1, 1, 2016, '2016-08-12 16:20:57'),
	(461, 1, 0, 0, 1, 2, 1, 2016, '2016-08-12 16:20:57'),
	(462, 1, 0, 0, 1, 9, 1, 2016, '2016-08-12 16:20:57'),
	(463, 1, 0, 0, 1, 3, 1, 2016, '2016-08-12 16:20:57'),
	(464, 1, 0, 0, 1, 10, 1, 2016, '2016-08-12 16:20:57'),
	(465, 1, 0, 0, 1, 5, 1, 2016, '2016-08-12 16:20:57'),
	(466, 1, 0, 0, 1, 11, 1, 2016, '2016-08-12 16:20:57'),
	(467, 1, 0, 0, 1, 12, 1, 2016, '2016-08-12 16:20:57'),
	(468, 1, 0, 0, 1, 4, 1, 2016, '2016-08-12 16:20:57'),
	(469, 1, 0, 0, 1, 6, 1, 2016, '2016-08-12 16:20:57'),
	(470, 105, 27, 27, 1, 0, 3, 2016, '2016-08-12 16:21:38'),
	(471, 106, 2272, 2272, 1, 0, 1, 2016, '2016-08-12 16:21:38'),
	(472, 107, 628, 628, 1, 0, 1, 2016, '2016-08-12 16:21:38'),
	(473, 108, 4, 4, 1, 0, 1, 2016, '2016-08-12 16:21:38'),
	(474, 109, 1935, 1935, 1, 0, 1, 2016, '2016-08-12 16:21:38'),
	(475, 110, 8, 8, 1, 0, 1, 2016, '2016-08-12 16:21:38'),
	(476, 111, 325, 325, 1, 0, 1, 2016, '2016-08-12 16:21:38'),
	(477, 105, 6, 6, 1, 1, 3, 2016, '2016-08-12 16:21:38'),
	(478, 106, 249, 249, 1, 1, 1, 2016, '2016-08-12 16:21:38'),
	(479, 105, 6, 6, 1, 2, 3, 2016, '2016-08-12 16:21:38'),
	(480, 106, 249, 249, 1, 2, 1, 2016, '2016-08-12 16:21:38'),
	(481, 105, 0, 0, 1, 9, 3, 2016, '2016-08-12 16:21:38'),
	(482, 106, 0, 0, 1, 9, 1, 2016, '2016-08-12 16:21:38'),
	(483, 105, 4, 4, 1, 3, 3, 2016, '2016-08-12 16:21:38'),
	(484, 106, 486, 486, 1, 3, 1, 2016, '2016-08-12 16:21:38'),
	(485, 105, 0, 0, 1, 10, 3, 2016, '2016-08-12 16:21:38'),
	(486, 106, 0, 0, 1, 10, 1, 2016, '2016-08-12 16:21:38'),
	(487, 105, 6, 6, 1, 5, 3, 2016, '2016-08-12 16:21:38'),
	(488, 106, 1372, 1372, 1, 5, 1, 2016, '2016-08-12 16:21:38'),
	(489, 105, 3, 3, 1, 11, 3, 2016, '2016-08-12 16:21:38'),
	(490, 106, 8, 8, 1, 11, 1, 2016, '2016-08-12 16:21:38'),
	(491, 105, 0, 0, 1, 12, 3, 2016, '2016-08-12 16:21:38'),
	(492, 106, 0, 0, 1, 12, 1, 2016, '2016-08-12 16:21:38'),
	(493, 105, 11, 11, 1, 4, 3, 2016, '2016-08-12 16:21:38'),
	(494, 106, 162, 162, 1, 4, 1, 2016, '2016-08-12 16:21:38'),
	(495, 105, 0, 0, 1, 6, 3, 2016, '2016-08-12 16:21:38'),
	(496, 106, 0.2, 0.2, 1, 6, 1, 2016, '2016-08-12 16:21:38'),
	(497, 105, 30, 30, 2, 0, 3, 2016, '2016-08-12 16:21:43'),
	(498, 106, 1194, 1194, 2, 0, 1, 2016, '2016-08-12 16:21:43'),
	(499, 107, 142, 142, 2, 0, 1, 2016, '2016-08-12 16:21:43'),
	(500, 108, 69, 69, 2, 0, 1, 2016, '2016-08-12 16:21:43'),
	(501, 109, 431, 431, 2, 0, 1, 2016, '2016-08-12 16:21:43'),
	(502, 110, 0, 0, 2, 0, 1, 2016, '2016-08-12 16:21:43'),
	(503, 111, 694, 694, 2, 0, 1, 2016, '2016-08-12 16:21:43'),
	(504, 105, 12, 12, 2, 1, 3, 2016, '2016-08-12 16:21:43'),
	(505, 106, 707, 707, 2, 1, 1, 2016, '2016-08-12 16:21:43'),
	(506, 105, 11, 11, 2, 2, 3, 2016, '2016-08-12 16:21:43'),
	(507, 106, 642, 642, 2, 2, 1, 2016, '2016-08-12 16:21:43'),
	(508, 105, 0, 0, 2, 9, 3, 2016, '2016-08-12 16:21:43'),
	(509, 106, 0, 0, 2, 9, 1, 2016, '2016-08-12 16:21:43'),
	(510, 105, 5, 5, 2, 3, 3, 2016, '2016-08-12 16:21:43'),
	(511, 106, 147, 147, 2, 3, 1, 2016, '2016-08-12 16:21:43'),
	(512, 105, 1, 1, 2, 10, 3, 2016, '2016-08-12 16:21:43'),
	(513, 106, 10, 10, 2, 10, 1, 2016, '2016-08-12 16:21:43'),
	(514, 105, 5, 5, 2, 5, 3, 2016, '2016-08-12 16:21:43'),
	(515, 106, 242, 242, 2, 5, 1, 2016, '2016-08-12 16:21:43'),
	(516, 105, 0, 0, 2, 11, 3, 2016, '2016-08-12 16:21:43'),
	(517, 106, 2, 2, 2, 11, 1, 2016, '2016-08-12 16:21:43'),
	(518, 105, 0, 0, 2, 12, 3, 2016, '2016-08-12 16:21:43'),
	(519, 106, 0, 0, 2, 12, 1, 2016, '2016-08-12 16:21:43'),
	(520, 105, 5, 5, 2, 4, 3, 2016, '2016-08-12 16:21:43'),
	(521, 106, 84, 84, 2, 4, 1, 2016, '2016-08-12 16:21:43'),
	(522, 105, 3, 3, 2, 6, 3, 2016, '2016-08-12 16:21:43'),
	(523, 106, 15.8, 15.8, 2, 6, 1, 2016, '2016-08-12 16:21:43'),
	(524, 13, 1114.44, 1114.44, 1, 0, 1, 2016, '2016-08-12 16:23:42'),
	(525, 14, 629.22, 629.22, 1, 0, 1, 2016, '2016-08-12 16:23:42'),
	(526, 15, 83.11, 83.11, 1, 0, 1, 2016, '2016-08-12 16:23:42'),
	(527, 17, 80.81, 80.81, 1, 0, 1, 2016, '2016-08-12 16:23:42'),
	(528, 184, 2.3, 2.3, 1, 0, 1, 2016, '2016-08-12 16:23:42'),
	(529, 16, 374.11, 374.11, 1, 0, 1, 2016, '2016-08-12 16:23:42'),
	(530, 87, 539.16, 539.16, 1, 0, 1, 2016, '2016-08-12 16:23:42'),
	(531, 88, 629.92, 629.92, 1, 0, 1, 2016, '2016-08-12 16:23:42'),
	(532, 89, 484.53, 484.53, 1, 0, 1, 2016, '2016-08-12 16:23:42'),
	(533, 90, 483.58, 483.58, 1, 0, 1, 2016, '2016-08-12 16:23:42'),
	(534, 91, 27145.97, 27145.97, 1, 0, 5, 2016, '2016-08-12 16:23:42'),
	(535, 13, 649.48, 649.48, 1, 1, 1, 2016, '2016-08-12 16:23:42'),
	(536, 91, 7000.01, 7000.01, 1, 1, 5, 2016, '2016-08-12 16:23:42'),
	(537, 13, 0, 0, 1, 2, 1, 2016, '2016-08-12 16:23:42'),
	(538, 91, 0, 0, 1, 2, 5, 2016, '2016-08-12 16:23:42'),
	(539, 13, 649.48, 649.48, 1, 9, 1, 2016, '2016-08-12 16:23:42'),
	(540, 91, 7000.01, 7000.01, 1, 9, 5, 2016, '2016-08-12 16:23:42'),
	(541, 13, 158.99, 158.99, 1, 3, 1, 2016, '2016-08-12 16:23:42'),
	(542, 91, 8422.52, 8422.52, 1, 3, 5, 2016, '2016-08-12 16:23:42'),
	(543, 13, 9.58, 9.58, 1, 10, 1, 2016, '2016-08-12 16:23:42'),
	(544, 91, 415.23, 415.23, 1, 10, 5, 2016, '2016-08-12 16:23:42'),
	(545, 13, 150.68, 150.68, 1, 5, 1, 2016, '2016-08-12 16:23:42'),
	(546, 91, 6035.04, 6035.04, 1, 5, 5, 2016, '2016-08-12 16:23:42'),
	(547, 13, 9.17, 9.17, 1, 11, 1, 2016, '2016-08-12 16:23:42'),
	(548, 91, 242.69, 242.69, 1, 11, 5, 2016, '2016-08-12 16:23:42'),
	(549, 13, 98.98, 98.98, 1, 12, 1, 2016, '2016-08-12 16:23:42'),
	(550, 91, 0, 0, 1, 12, 5, 2016, '2016-08-12 16:23:42'),
	(551, 13, 155.29, 155.29, 1, 4, 1, 2016, '2016-08-12 16:23:42'),
	(552, 91, 5688.41, 5688.41, 1, 4, 5, 2016, '2016-08-12 16:23:42'),
	(553, 13, 0, 0, 1, 6, 1, 2016, '2016-08-12 16:23:42'),
	(554, 91, 0, 0, 1, 6, 5, 2016, '2016-08-12 16:23:42'),
	(555, 13, 2042.22, 2042.22, 2, 0, 1, 2016, '2016-08-12 16:23:49'),
	(556, 14, 1061.14, 1061.14, 2, 0, 1, 2016, '2016-08-12 16:23:49'),
	(557, 15, 145.33, 145.33, 2, 0, 1, 2016, '2016-08-12 16:23:49'),
	(558, 17, 12.33, 12.33, 2, 0, 1, 2016, '2016-08-12 16:23:49'),
	(559, 184, 133, 133, 2, 0, 1, 2016, '2016-08-12 16:23:49'),
	(560, 16, 1609.96, 1609.96, 2, 0, 1, 2016, '2016-08-12 16:23:49'),
	(561, 87, 273.56, 273.56, 2, 0, 1, 2016, '2016-08-12 16:23:49'),
	(562, 88, 276.44, 276.44, 2, 0, 1, 2016, '2016-08-12 16:23:49'),
	(563, 89, 1765.77, 1765.77, 2, 0, 1, 2016, '2016-08-12 16:23:49'),
	(564, 90, 1763.18, 1763.18, 2, 0, 1, 2016, '2016-08-12 16:23:49'),
	(565, 91, 100414.21, 100414.21, 2, 0, 5, 2016, '2016-08-12 16:23:49'),
	(566, 13, 132.91, 132.91, 2, 1, 1, 2016, '2016-08-12 16:23:49'),
	(567, 91, 57578.73, 57578.73, 2, 1, 5, 2016, '2016-08-12 16:23:49'),
	(568, 13, 132.91, 132.91, 2, 2, 1, 2016, '2016-08-12 16:23:49'),
	(569, 91, 57578.73, 57578.73, 2, 2, 5, 2016, '2016-08-12 16:23:49'),
	(570, 13, 0, 0, 2, 9, 1, 2016, '2016-08-12 16:23:49'),
	(571, 91, 0, 0, 2, 9, 5, 2016, '2016-08-12 16:23:49'),
	(572, 13, 374.1, 374.1, 2, 3, 1, 2016, '2016-08-12 16:23:49'),
	(573, 91, 9906, 9906, 2, 3, 5, 2016, '2016-08-12 16:23:49'),
	(574, 13, 4.94, 4.94, 2, 10, 1, 2016, '2016-08-12 16:23:49'),
	(575, 91, 0, 0, 2, 10, 5, 2016, '2016-08-12 16:23:49'),
	(576, 13, 730.58, 730.58, 2, 5, 1, 2016, '2016-08-12 16:23:49'),
	(577, 91, 26264.43, 26264.43, 2, 5, 5, 2016, '2016-08-12 16:23:49'),
	(578, 13, 279.53, 279.53, 2, 11, 1, 2016, '2016-08-12 16:23:49'),
	(579, 91, 17828.92, 17828.92, 2, 11, 5, 2016, '2016-08-12 16:23:49'),
	(580, 13, 122.01, 122.01, 2, 12, 1, 2016, '2016-08-12 16:23:49'),
	(581, 91, 0, 0, 2, 12, 5, 2016, '2016-08-12 16:23:49'),
	(582, 13, 775.54, 775.54, 2, 4, 1, 2016, '2016-08-12 16:23:49'),
	(583, 91, 6390.53, 6390.53, 2, 4, 5, 2016, '2016-08-12 16:23:49'),
	(584, 13, 29.1, 29.1, 2, 6, 1, 2016, '2016-08-12 16:23:49'),
	(585, 91, 274.51, 274.51, 2, 6, 5, 2016, '2016-08-12 16:23:49'),
	(586, 37, -2245.8, -2245.8, 4, 0, 1, 2014, '2016-08-12 16:40:33'),
	(587, 68, -79.7199999999993, -79.7199999999993, 4, 0, 1, 2014, '2016-08-12 16:40:33'),
	(588, 147, 580.76, 580.76, 4, 0, 1, 2014, '2016-08-12 16:40:33'),
	(589, 38, 22580.01, 22580.01, 4, 0, 4, 2014, '2016-08-12 16:40:33'),
	(590, 43, 2245, 2245, 4, 0, 6, 2014, '2016-08-12 16:40:33'),
	(591, 37, 1211.48, 1211.48, 4, 1, 1, 2014, '2016-08-12 16:40:33'),
	(592, 37, 1211.46, 1211.46, 4, 2, 1, 2014, '2016-08-12 16:40:33'),
	(593, 37, 0.02, 0.02, 4, 9, 1, 2014, '2016-08-12 16:40:33'),
	(594, 37, 1804.13, 1804.13, 4, 3, 1, 2014, '2016-08-12 16:40:33'),
	(595, 37, 183.6, 183.6, 4, 10, 1, 2014, '2016-08-12 16:40:33'),
	(596, 37, 174.99, 174.99, 4, 5, 1, 2014, '2016-08-12 16:40:33'),
	(597, 37, 34.77, 34.77, 4, 11, 1, 2014, '2016-08-12 16:40:33'),
	(598, 37, 0, 0, 4, 12, 1, 2014, '2016-08-12 16:40:33'),
	(599, 37, -0.0599999999999454, -0.0599999999999454, 4, 4, 1, 2014, '2016-08-12 16:40:33'),
	(600, 37, -56.72, -56.72, 4, 6, 1, 2014, '2016-08-12 16:40:33'),
	(601, 37, 669.940000000001, 669.940000000001, 4, 0, 1, 2015, '2016-08-12 16:40:49'),
	(602, 68, 1233.81, 1233.81, 4, 0, 1, 2015, '2016-08-12 16:40:49'),
	(603, 147, 788.53, 788.53, 4, 0, 1, 2015, '2016-08-12 16:40:49'),
	(604, 38, 8630.39, 8630.39, 4, 0, 4, 2015, '2016-08-12 16:40:49'),
	(605, 43, 1260, 1260, 4, 0, 6, 2015, '2016-08-12 16:40:49'),
	(606, 37, 29.0500000000001, 29.0500000000001, 4, 1, 1, 2015, '2016-08-12 16:40:49'),
	(607, 37, 0, 0, 4, 2, 1, 2015, '2016-08-12 16:40:49'),
	(608, 37, 29.05, 29.05, 4, 9, 1, 2015, '2016-08-12 16:40:49'),
	(609, 37, 1109.96, 1109.96, 4, 3, 1, 2015, '2016-08-12 16:40:49'),
	(610, 37, 199.43, 199.43, 4, 10, 1, 2015, '2016-08-12 16:40:50'),
	(611, 37, 35.52, 35.52, 4, 5, 1, 2015, '2016-08-12 16:40:50'),
	(612, 37, 32.68, 32.68, 4, 11, 1, 2015, '2016-08-12 16:40:50'),
	(613, 37, 0, 0, 4, 12, 1, 2015, '2016-08-12 16:40:50'),
	(614, 37, 404.76, 404.76, 4, 4, 1, 2015, '2016-08-12 16:40:50'),
	(615, 37, 13.39, 13.39, 4, 6, 1, 2015, '2016-08-12 16:40:50'),
	(616, 37, 988.429999999999, 988.429999999999, 3, 0, 1, 2015, '2016-08-12 16:40:58'),
	(617, 68, 879.42, 879.42, 3, 0, 1, 2015, '2016-08-12 16:40:58'),
	(618, 147, 647.52, 647.52, 3, 0, 1, 2015, '2016-08-12 16:40:58'),
	(619, 38, 10723.39, 10723.39, 3, 0, 4, 2015, '2016-08-12 16:40:58'),
	(620, 43, 1272, 1272, 3, 0, 6, 2015, '2016-08-12 16:40:58'),
	(621, 37, 16.9399999999999, 16.9399999999999, 3, 1, 1, 2015, '2016-08-12 16:40:58'),
	(622, 37, 16.9399999999999, 16.9399999999999, 3, 2, 1, 2015, '2016-08-12 16:40:58'),
	(623, 37, 0, 0, 3, 9, 1, 2015, '2016-08-12 16:40:58'),
	(624, 37, 16.4499999999999, 16.4499999999999, 3, 3, 1, 2015, '2016-08-12 16:40:58'),
	(625, 37, 0.800000000000011, 0.800000000000011, 3, 10, 1, 2015, '2016-08-12 16:40:58'),
	(626, 37, 32.3, 32.3, 3, 5, 1, 2015, '2016-08-12 16:40:58'),
	(627, 37, 0.92999999999995, 0.92999999999995, 3, 11, 1, 2015, '2016-08-12 16:40:58'),
	(628, 37, 0, 0, 3, 12, 1, 2015, '2016-08-12 16:40:58'),
	(629, 37, 0, 0, 3, 4, 1, 2015, '2016-08-12 16:40:58'),
	(630, 37, 0, 0, 3, 6, 1, 2015, '2016-08-12 16:40:58'),
	(631, 37, 3305.94, 3305.94, 2, 0, 1, 2015, '2016-08-12 16:41:04'),
	(632, 68, 1864.76, 1864.76, 2, 0, 1, 2015, '2016-08-12 16:41:04'),
	(633, 147, 1340.01, 1340.01, 2, 0, 1, 2015, '2016-08-12 16:41:04'),
	(634, 38, 8113.16, 8113.16, 2, 0, 4, 2015, '2016-08-12 16:41:04'),
	(635, 43, 1013, 1013, 2, 0, 6, 2015, '2016-08-12 16:41:04'),
	(636, 37, 833.12, 833.12, 2, 1, 1, 2015, '2016-08-12 16:41:04'),
	(637, 37, 833.12, 833.12, 2, 2, 1, 2015, '2016-08-12 16:41:04'),
	(638, 37, 0, 0, 2, 9, 1, 2015, '2016-08-12 16:41:04'),
	(639, 37, 648.35, 648.35, 2, 3, 1, 2015, '2016-08-12 16:41:04'),
	(640, 37, 212.8, 212.8, 2, 10, 1, 2015, '2016-08-12 16:41:04'),
	(641, 37, 1174.42, 1174.42, 2, 5, 1, 2015, '2016-08-12 16:41:04'),
	(642, 37, 308.6, 308.6, 2, 11, 1, 2015, '2016-08-12 16:41:04'),
	(643, 37, 0, 0, 2, 12, 1, 2015, '2016-08-12 16:41:04'),
	(644, 37, 649.61, 649.61, 2, 4, 1, 2015, '2016-08-12 16:41:04'),
	(645, 37, 0, 0, 2, 6, 1, 2015, '2016-08-12 16:41:04'),
	(646, 37, 125.61, 125.61, 1, 0, 1, 2015, '2016-08-12 16:41:11'),
	(647, 68, 72.04, 72.04, 1, 0, 1, 2015, '2016-08-12 16:41:11'),
	(648, 147, 42.24, 42.24, 1, 0, 1, 2015, '2016-08-12 16:41:11'),
	(649, 38, 10950.76, 10950.76, 1, 0, 4, 2015, '2016-08-12 16:41:11'),
	(650, 43, 1619, 1619, 1, 0, 6, 2015, '2016-08-12 16:41:11'),
	(651, 37, 42.73, 42.73, 1, 1, 1, 2015, '2016-08-12 16:41:11'),
	(652, 37, 42.73, 42.73, 1, 2, 1, 2015, '2016-08-12 16:41:11'),
	(653, 37, 0, 0, 1, 9, 1, 2015, '2016-08-12 16:41:11'),
	(654, 37, 32.5, 32.5, 1, 3, 1, 2015, '2016-08-12 16:41:11'),
	(655, 37, 15.2, 15.2, 1, 10, 1, 2015, '2016-08-12 16:41:11'),
	(656, 37, 30.98, 30.98, 1, 5, 1, 2015, '2016-08-12 16:41:11'),
	(657, 37, 4.75, 4.75, 1, 11, 1, 2015, '2016-08-12 16:41:11'),
	(658, 37, 0, 0, 1, 12, 1, 2015, '2016-08-12 16:41:11'),
	(659, 37, 19.84, 19.84, 1, 4, 1, 2015, '2016-08-12 16:41:11'),
	(660, 37, 0, 0, 1, 6, 1, 2015, '2016-08-12 16:41:11'),
	(661, 37, 162.3, 5061.75, 1, 0, 1, 2016, '2016-08-12 16:41:21'),
	(662, 68, 90.45, 4567.05, 1, 0, 1, 2016, '2016-08-12 16:41:21'),
	(663, 147, 51.9, 2393.25, 1, 0, 1, 2016, '2016-08-12 16:41:21'),
	(664, 38, 831.56, 3183.89, 1, 0, 4, 2016, '2016-08-12 16:41:21'),
	(665, 43, 51, 80, 1, 0, 6, 2016, '2016-08-12 16:41:21'),
	(666, 37, 36.9, 0.0200000000000031, 1, 1, 1, 2016, '2016-08-12 16:41:21'),
	(667, 37, 36.9, 0.0200000000000031, 1, 2, 1, 2016, '2016-08-12 16:41:21'),
	(668, 37, 0, 0, 1, 9, 1, 2016, '2016-08-12 16:41:21'),
	(669, 37, 314.7, 314.7, 1, 3, 1, 2016, '2016-08-12 16:41:21'),
	(670, 37, 0, 0, 1, 10, 1, 2016, '2016-08-12 16:41:21'),
	(671, 37, 125.3, 15.76, 1, 5, 1, 2016, '2016-08-12 16:41:21'),
	(672, 37, 13.15, 13.15, 1, 11, 1, 2016, '2016-08-12 16:41:21'),
	(673, 37, 0, 0, 1, 12, 1, 2016, '2016-08-12 16:41:21'),
	(674, 37, 4731.45, 4731.45, 1, 4, 1, 2016, '2016-08-12 16:41:21'),
	(675, 37, 0, 0, 1, 6, 1, 2016, '2016-08-12 16:41:21'),
	(676, 37, 5061.75, 5061.75, 2, 0, 1, 2016, '2016-08-12 16:42:17'),
	(677, 68, 4567.05, 4567.05, 2, 0, 1, 2016, '2016-08-12 16:42:17'),
	(678, 147, 2393.25, 2393.25, 2, 0, 1, 2016, '2016-08-12 16:42:17'),
	(679, 38, 3183.89, 3183.89, 2, 0, 4, 2016, '2016-08-12 16:42:17'),
	(680, 43, 80, 80, 2, 0, 6, 2016, '2016-08-12 16:42:17'),
	(681, 37, 0.0200000000000031, 0.0200000000000031, 2, 1, 1, 2016, '2016-08-12 16:42:17'),
	(682, 37, 0.0200000000000031, 0.0200000000000031, 2, 2, 1, 2016, '2016-08-12 16:42:17'),
	(683, 37, 0, 0, 2, 9, 1, 2016, '2016-08-12 16:42:17'),
	(684, 37, 314.7, 314.7, 2, 3, 1, 2016, '2016-08-12 16:42:17'),
	(685, 37, 0, 0, 2, 10, 1, 2016, '2016-08-12 16:42:17'),
	(686, 37, 15.76, 15.76, 2, 5, 1, 2016, '2016-08-12 16:42:17'),
	(687, 37, 13.15, 13.15, 2, 11, 1, 2016, '2016-08-12 16:42:17'),
	(688, 37, 0, 0, 2, 12, 1, 2016, '2016-08-12 16:42:17'),
	(689, 37, 4731.45, 4731.45, 2, 4, 1, 2016, '2016-08-12 16:42:17'),
	(690, 37, 0, 0, 2, 6, 1, 2016, '2016-08-12 16:42:17'),
	(720, 58, 4954, 4954, 4, 0, 3, 2014, '2016-08-12 17:03:00'),
	(721, 59, 0, 0, 4, 0, 3, 2014, '2016-08-12 17:03:00'),
	(722, 103, 16, 16, 4, 0, 3, 2014, '2016-08-12 17:03:00'),
	(723, 104, 1480, 1480, 4, 0, 3, 2014, '2016-08-12 17:03:00'),
	(753, 58, 4800, 4800, 1, 0, 3, 2015, '2016-08-12 17:04:49'),
	(754, 59, 0, 0, 1, 0, 3, 2015, '2016-08-12 17:04:49'),
	(755, 103, 0, 0, 1, 0, 3, 2015, '2016-08-12 17:04:49'),
	(756, 104, 1097, 1097, 1, 0, 3, 2015, '2016-08-12 17:04:49'),
	(786, 58, 539, 539, 2, 0, 3, 2015, '2016-08-12 17:05:56'),
	(787, 59, 0, 0, 2, 0, 3, 2015, '2016-08-12 17:05:57'),
	(788, 103, 24, 24, 2, 0, 3, 2015, '2016-08-12 17:05:57'),
	(789, 104, 281, 281, 2, 0, 3, 2015, '2016-08-12 17:05:57'),
	(819, 58, 6303, 6303, 3, 0, 3, 2015, '2016-08-12 17:06:05'),
	(820, 59, 0, 0, 3, 0, 3, 2015, '2016-08-12 17:06:05'),
	(821, 103, 5, 5, 3, 0, 3, 2015, '2016-08-12 17:06:05'),
	(822, 104, 2513, 2513, 3, 0, 3, 2015, '2016-08-12 17:06:05'),
	(852, 58, 14171, 14171, 4, 0, 3, 2015, '2016-08-12 17:06:13'),
	(853, 59, 0, 0, 4, 0, 3, 2015, '2016-08-12 17:06:13'),
	(854, 103, 9, 9, 4, 0, 3, 2015, '2016-08-12 17:06:13'),
	(855, 104, 786, 786, 4, 0, 3, 2015, '2016-08-12 17:06:13'),
	(885, 58, 7695, 4954, 1, 0, 3, 2016, '2016-08-12 17:09:19'),
	(886, 59, 0, 0, 1, 0, 3, 2016, '2016-08-12 17:09:19'),
	(887, 103, 1, 16, 1, 0, 3, 2016, '2016-08-12 17:09:19'),
	(888, 104, 1061, 1480, 1, 0, 3, 2016, '2016-08-12 17:09:19'),
	(918, 58, 7695, 7695, 2, 0, 3, 2016, '2016-08-12 17:09:31'),
	(919, 59, 0, 0, 2, 0, 3, 2016, '2016-08-12 17:09:31'),
	(920, 103, 1, 1, 2, 0, 3, 2016, '2016-08-12 17:09:31'),
	(921, 104, 1061, 1061, 2, 0, 3, 2016, '2016-08-12 17:09:31'),
	(964, 48, 19, 19, 4, 0, 4, 2014, '2016-08-12 19:24:15'),
	(965, 48, -8244.83, -8244.83, 4, 0, 1, 2014, '2016-08-12 19:24:15'),
	(966, 48, -1616200, -1616200, 4, 0, 5, 2014, '2016-08-12 19:24:15'),
	(967, 49, 114, 114, 4, 0, 4, 2014, '2016-08-12 19:24:15'),
	(968, 49, 4862.37, 4862.37, 4, 0, 1, 2014, '2016-08-12 19:24:15'),
	(969, 49, 1263300, 1263300, 4, 0, 5, 2014, '2016-08-12 19:24:15'),
	(970, 50, 95, 95, 4, 0, 4, 2014, '2016-08-12 19:24:15'),
	(971, 50, 5560.68, 5560.68, 4, 0, 1, 2014, '2016-08-12 19:24:15'),
	(972, 50, 584600, 584600, 4, 0, 5, 2014, '2016-08-12 19:24:15'),
	(973, 48, 18.9700000000003, 18.9700000000003, 4, 1, 1, 2014, '2016-08-12 19:24:15'),
	(974, 48, 79200, 79200, 4, 1, 5, 2014, '2016-08-12 19:24:15'),
	(975, 48, 18.9700000000003, 18.9700000000003, 4, 6, 1, 2014, '2016-08-12 19:24:15'),
	(976, 48, 79200, 79200, 4, 6, 5, 2014, '2016-08-12 19:24:15'),
	(977, 48, 0, 0, 4, 7, 1, 2014, '2016-08-12 19:24:15'),
	(978, 48, 0, 0, 4, 7, 5, 2014, '2016-08-12 19:24:15'),
	(979, 48, 1133.85, 1133.85, 4, 2, 1, 2014, '2016-08-12 19:24:15'),
	(980, 48, 102200, 102200, 4, 2, 5, 2014, '2016-08-12 19:24:15'),
	(981, 48, -18, -18, 4, 8, 1, 2014, '2016-08-12 19:24:15'),
	(982, 48, 1700.00000000002, 1700.00000000002, 4, 8, 5, 2014, '2016-08-12 19:24:15'),
	(983, 48, 2039.88, 2039.88, 4, 3, 1, 2014, '2016-08-12 19:24:15'),
	(984, 48, -1690900, -1690900, 4, 3, 5, 2014, '2016-08-12 19:24:15'),
	(985, 48, 0, 0, 4, 9, 1, 2014, '2016-08-12 19:24:15'),
	(986, 48, 0, 0, 4, 9, 5, 2014, '2016-08-12 19:24:15'),
	(987, 48, 0, 0, 4, 10, 1, 2014, '2016-08-12 19:24:15'),
	(988, 48, 0, 0, 4, 10, 5, 2014, '2016-08-12 19:24:15'),
	(989, 48, -454.8, -454.8, 4, 4, 1, 2014, '2016-08-12 19:24:15'),
	(990, 48, -104800, -104800, 4, 4, 5, 2014, '2016-08-12 19:24:15'),
	(991, 48, 118.8, 118.8, 4, 5, 1, 2014, '2016-08-12 19:24:15'),
	(992, 48, -1900.00000000001, -1900.00000000001, 4, 5, 5, 2014, '2016-08-12 19:24:15'),
	(993, 48, 699, 699, 1, 0, 4, 2015, '2016-08-12 19:25:05'),
	(994, 48, 58280.55, 58280.55, 1, 0, 1, 2015, '2016-08-12 19:25:05'),
	(995, 48, 7207400, 7207400, 1, 0, 5, 2015, '2016-08-12 19:25:05'),
	(996, 49, 77, 77, 1, 0, 4, 2015, '2016-08-12 19:25:05'),
	(997, 49, 4683.9, 4683.9, 1, 0, 1, 2015, '2016-08-12 19:25:05'),
	(998, 49, 2106427300, 2106427300, 1, 0, 5, 2015, '2016-08-12 19:25:05'),
	(999, 50, 68, 68, 1, 0, 4, 2015, '2016-08-12 19:25:05'),
	(1000, 50, 1968.75, 1968.75, 1, 0, 1, 2015, '2016-08-12 19:25:05'),
	(1001, 50, 977536000, 977536000, 1, 0, 5, 2015, '2016-08-12 19:25:05'),
	(1002, 48, 5335.98, 5335.98, 1, 1, 1, 2015, '2016-08-12 19:25:05'),
	(1003, 48, 14292955700, 14292955700, 1, 1, 5, 2015, '2016-08-12 19:25:05'),
	(1004, 48, 5275.02, 5275.02, 1, 6, 1, 2015, '2016-08-12 19:25:05'),
	(1005, 48, 14292955200, 14292955200, 1, 6, 5, 2015, '2016-08-12 19:25:05'),
	(1006, 48, 60.96, 60.96, 1, 7, 1, 2015, '2016-08-12 19:25:05'),
	(1007, 48, 500, 500, 1, 7, 5, 2015, '2016-08-12 19:25:05'),
	(1008, 48, 18437.34, 18437.34, 1, 2, 1, 2015, '2016-08-12 19:25:05'),
	(1009, 48, 24467433100, 24467433100, 1, 2, 5, 2015, '2016-08-12 19:25:05'),
	(1010, 48, 4376.7, 4376.7, 1, 8, 1, 2015, '2016-08-12 19:25:05'),
	(1011, 48, 3080020800, 3080020800, 1, 8, 5, 2015, '2016-08-12 19:25:05'),
	(1012, 48, 24915, 24915, 1, 3, 1, 2015, '2016-08-12 19:25:05'),
	(1013, 48, 28595235000, 28595235000, 1, 3, 5, 2015, '2016-08-12 19:25:05'),
	(1014, 48, 181.5, 181.5, 1, 9, 1, 2015, '2016-08-12 19:25:05'),
	(1015, 48, 84670000, 84670000, 1, 9, 5, 2015, '2016-08-12 19:25:05'),
	(1016, 48, 0, 0, 1, 10, 1, 2015, '2016-08-12 19:25:05'),
	(1017, 48, 0, 0, 1, 10, 5, 2015, '2016-08-12 19:25:05'),
	(1018, 48, 7682.4, 7682.4, 1, 4, 1, 2015, '2016-08-12 19:25:05'),
	(1019, 48, 3436669800, 3436669800, 1, 4, 5, 2015, '2016-08-12 19:25:05'),
	(1020, 48, 1909.8, 1909.8, 1, 5, 1, 2015, '2016-08-12 19:25:05'),
	(1021, 48, 1282204600, 1282204600, 1, 5, 5, 2015, '2016-08-12 19:25:05'),
	(1022, 48, -55, -55, 3, 0, 4, 2015, '2016-08-12 19:25:12'),
	(1023, 48, -2426.7, -2426.7, 3, 0, 1, 2015, '2016-08-12 19:25:12'),
	(1024, 48, -206700, -206700, 3, 0, 5, 2015, '2016-08-12 19:25:12'),
	(1025, 49, 41, 41, 3, 0, 4, 2015, '2016-08-12 19:25:12'),
	(1026, 49, 2637.15, 2637.15, 3, 0, 1, 2015, '2016-08-12 19:25:12'),
	(1027, 49, 270000, 270000, 3, 0, 5, 2015, '2016-08-12 19:25:12'),
	(1028, 50, 96, 96, 3, 0, 4, 2015, '2016-08-12 19:25:12'),
	(1029, 50, 5211.15, 5211.15, 3, 0, 1, 2015, '2016-08-12 19:25:12'),
	(1030, 50, 488700, 488700, 3, 0, 5, 2015, '2016-08-12 19:25:12'),
	(1031, 48, 96.9700000000003, 96.9700000000003, 3, 1, 1, 2015, '2016-08-12 19:25:12'),
	(1032, 48, -50300, -50300, 3, 1, 5, 2015, '2016-08-12 19:25:12'),
	(1033, 48, 124.79, 124.79, 3, 6, 1, 2015, '2016-08-12 19:25:12'),
	(1034, 48, 0, 0, 3, 6, 5, 2015, '2016-08-12 19:25:12'),
	(1035, 48, -27.82, -27.82, 3, 7, 1, 2015, '2016-08-12 19:25:12'),
	(1036, 48, -50300, -50300, 3, 7, 5, 2015, '2016-08-12 19:25:12'),
	(1037, 48, -2438.93, -2438.93, 3, 2, 1, 2015, '2016-08-12 19:25:12'),
	(1038, 48, 50300, 50300, 3, 2, 5, 2015, '2016-08-12 19:25:12'),
	(1039, 48, -1059.15, -1059.15, 3, 8, 1, 2015, '2016-08-12 19:25:12'),
	(1040, 48, 0, 0, 3, 8, 5, 2015, '2016-08-12 19:25:12'),
	(1041, 48, -405.739999999998, -405.739999999998, 3, 3, 1, 2015, '2016-08-12 19:25:12'),
	(1042, 48, 0, 0, 3, 3, 5, 2015, '2016-08-12 19:25:12'),
	(1043, 48, 648.2, 648.2, 3, 9, 1, 2015, '2016-08-12 19:25:12'),
	(1044, 48, 0, 0, 3, 9, 5, 2015, '2016-08-12 19:25:12'),
	(1045, 48, 0, 0, 3, 10, 1, 2015, '2016-08-12 19:25:12'),
	(1046, 48, 0, 0, 3, 10, 5, 2015, '2016-08-12 19:25:12'),
	(1047, 48, -184.95, -184.95, 3, 4, 1, 2015, '2016-08-12 19:25:12'),
	(1048, 48, 0, 0, 3, 4, 5, 2015, '2016-08-12 19:25:12'),
	(1049, 48, 505.95, 505.95, 3, 5, 1, 2015, '2016-08-12 19:25:12'),
	(1050, 48, 0, 0, 3, 5, 5, 2015, '2016-08-12 19:25:12'),
	(1051, 48, 187, 187, 2, 0, 4, 2015, '2016-08-12 19:25:18'),
	(1052, 48, 9173.55, 9173.55, 2, 0, 1, 2015, '2016-08-12 19:25:18'),
	(1053, 48, 617900, 617900, 2, 0, 5, 2015, '2016-08-12 19:25:18'),
	(1054, 49, 241, 241, 2, 0, 4, 2015, '2016-08-12 19:25:18'),
	(1055, 49, 13553.1, 13553.1, 2, 0, 1, 2015, '2016-08-12 19:25:18'),
	(1056, 49, -2102572200, -2102572200, 2, 0, 5, 2015, '2016-08-12 19:25:18'),
	(1057, 50, 49, 49, 2, 0, 4, 2015, '2016-08-12 19:25:18'),
	(1058, 50, 4379.55, 4379.55, 2, 0, 1, 2015, '2016-08-12 19:25:18'),
	(1059, 50, -976710300, -976710300, 2, 0, 5, 2015, '2016-08-12 19:25:18'),
	(1060, 48, -148.73, -148.73, 2, 1, 1, 2015, '2016-08-12 19:25:18'),
	(1061, 48, -14291598200, -14291598200, 2, 1, 5, 2015, '2016-08-12 19:25:18'),
	(1062, 48, -206.570000000001, -206.570000000001, 2, 6, 1, 2015, '2016-08-12 19:25:18'),
	(1063, 48, -14291651100, -14291651100, 2, 6, 5, 2015, '2016-08-12 19:25:18'),
	(1064, 48, 57.84, 57.84, 2, 7, 1, 2015, '2016-08-12 19:25:18'),
	(1065, 48, 52900, 52900, 2, 7, 5, 2015, '2016-08-12 19:25:18'),
	(1066, 48, -1956.39, -1956.39, 2, 2, 1, 2015, '2016-08-12 19:25:18'),
	(1067, 48, -24465256100, -24465256100, 2, 2, 5, 2015, '2016-08-12 19:25:18'),
	(1068, 48, 64.8000000000002, 64.8000000000002, 2, 8, 1, 2015, '2016-08-12 19:25:18'),
	(1069, 48, -3079716800, -3079716800, 2, 8, 5, 2015, '2016-08-12 19:25:18'),
	(1070, 48, 11489.18, 11489.18, 2, 3, 1, 2015, '2016-08-12 19:25:18'),
	(1071, 48, -28592983200, -28592983200, 2, 3, 5, 2015, '2016-08-12 19:25:18'),
	(1072, 48, 645.3, 645.3, 2, 9, 1, 2015, '2016-08-12 19:25:18'),
	(1073, 48, -84670000, -84670000, 2, 9, 5, 2015, '2016-08-12 19:25:18'),
	(1074, 48, 0, 0, 2, 10, 1, 2015, '2016-08-12 19:25:18'),
	(1075, 48, 0, 0, 2, 10, 5, 2015, '2016-08-12 19:25:18'),
	(1076, 48, -331.2, -331.2, 2, 4, 1, 2015, '2016-08-12 19:25:18'),
	(1077, 48, -3436185100, -3436185100, 2, 4, 5, 2015, '2016-08-12 19:25:18'),
	(1078, 48, 120.75, 120.75, 2, 5, 1, 2015, '2016-08-12 19:25:18'),
	(1079, 48, -1282089100, -1282089100, 2, 5, 5, 2015, '2016-08-12 19:25:18'),
	(1080, 48, -27, -27, 4, 0, 4, 2015, '2016-08-12 19:25:25'),
	(1081, 48, -1880.2, -1880.2, 4, 0, 1, 2015, '2016-08-12 19:25:25'),
	(1082, 48, 73500.0000000002, 73500.0000000002, 4, 0, 5, 2015, '2016-08-12 19:25:25'),
	(1083, 49, 114, 114, 4, 0, 4, 2015, '2016-08-12 19:25:25'),
	(1084, 49, 10829.55, 10829.55, 4, 0, 1, 2015, '2016-08-12 19:25:25'),
	(1085, 49, 1012400, 1012400, 4, 0, 5, 2015, '2016-08-12 19:25:25'),
	(1086, 50, 141, 141, 4, 0, 4, 2015, '2016-08-12 19:25:25'),
	(1087, 50, 12560.57, 12560.57, 4, 0, 1, 2015, '2016-08-12 19:25:25'),
	(1088, 50, 927000, 927000, 4, 0, 5, 2015, '2016-08-12 19:25:25'),
	(1089, 48, 94.29, 94.29, 4, 1, 1, 2015, '2016-08-12 19:25:25'),
	(1090, 48, 183900, 183900, 4, 1, 5, 2015, '2016-08-12 19:25:25'),
	(1091, 48, 185.27, 185.27, 4, 6, 1, 2015, '2016-08-12 19:25:25'),
	(1092, 48, 187000, 187000, 4, 6, 5, 2015, '2016-08-12 19:25:25'),
	(1093, 48, -90.98, -90.98, 4, 7, 1, 2015, '2016-08-12 19:25:25'),
	(1094, 48, -3100, -3100, 4, 7, 5, 2015, '2016-08-12 19:25:25'),
	(1095, 48, -570.67, -570.67, 4, 2, 1, 2015, '2016-08-12 19:25:25'),
	(1096, 48, -42200, -42200, 4, 2, 5, 2015, '2016-08-12 19:25:25'),
	(1097, 48, -517.35, -517.35, 4, 8, 1, 2015, '2016-08-12 19:25:25'),
	(1098, 48, -131000, -131000, 4, 8, 5, 2015, '2016-08-12 19:25:25'),
	(1099, 48, -4378.34, -4378.34, 4, 3, 1, 2015, '2016-08-12 19:25:25'),
	(1100, 48, 910900, 910900, 4, 3, 5, 2015, '2016-08-12 19:25:25'),
	(1101, 48, 13210.6, 13210.6, 4, 9, 1, 2015, '2016-08-12 19:25:25'),
	(1102, 48, 511400, 511400, 4, 9, 5, 2015, '2016-08-12 19:25:25'),
	(1103, 48, 0, 0, 4, 10, 1, 2015, '2016-08-12 19:25:25'),
	(1104, 48, 0, 0, 4, 10, 5, 2015, '2016-08-12 19:25:25'),
	(1105, 48, 2944.5, 2944.5, 4, 4, 1, 2015, '2016-08-12 19:25:25'),
	(1106, 48, 186500, 186500, 4, 4, 5, 2015, '2016-08-12 19:25:25'),
	(1107, 48, 30, 30, 4, 5, 1, 2015, '2016-08-12 19:25:25'),
	(1108, 48, 66400, 66400, 4, 5, 5, 2015, '2016-08-12 19:25:25'),
	(1109, 48, 19, 19, 1, 0, 4, 2016, '2016-08-12 19:25:36'),
	(1110, 48, -8244.83, -8244.83, 1, 0, 1, 2016, '2016-08-12 19:25:36'),
	(1111, 48, -1616200, -1616200, 1, 0, 5, 2016, '2016-08-12 19:25:36'),
	(1112, 49, 114, 114, 1, 0, 4, 2016, '2016-08-12 19:25:36'),
	(1113, 49, 4862.37, 4862.37, 1, 0, 1, 2016, '2016-08-12 19:25:36'),
	(1114, 49, 1263300, 1263300, 1, 0, 5, 2016, '2016-08-12 19:25:36'),
	(1115, 50, 95, 95, 1, 0, 4, 2016, '2016-08-12 19:25:36'),
	(1116, 50, 5560.68, 5560.68, 1, 0, 1, 2016, '2016-08-12 19:25:36'),
	(1117, 50, 584600, 584600, 1, 0, 5, 2016, '2016-08-12 19:25:36'),
	(1118, 48, 18.9700000000003, 18.9700000000003, 1, 1, 1, 2016, '2016-08-12 19:25:36'),
	(1119, 48, 79200, 79200, 1, 1, 5, 2016, '2016-08-12 19:25:36'),
	(1120, 48, 18.9700000000003, 18.9700000000003, 1, 6, 1, 2016, '2016-08-12 19:25:36'),
	(1121, 48, 79200, 79200, 1, 6, 5, 2016, '2016-08-12 19:25:36'),
	(1122, 48, 0, 0, 1, 7, 1, 2016, '2016-08-12 19:25:36'),
	(1123, 48, 0, 0, 1, 7, 5, 2016, '2016-08-12 19:25:36'),
	(1124, 48, 1133.85, 1133.85, 1, 2, 1, 2016, '2016-08-12 19:25:36'),
	(1125, 48, 102200, 102200, 1, 2, 5, 2016, '2016-08-12 19:25:36'),
	(1126, 48, -18, -18, 1, 8, 1, 2016, '2016-08-12 19:25:36'),
	(1127, 48, 1700.00000000002, 1700.00000000002, 1, 8, 5, 2016, '2016-08-12 19:25:36'),
	(1128, 48, 2039.88, 2039.88, 1, 3, 1, 2016, '2016-08-12 19:25:36'),
	(1129, 48, -1690900, -1690900, 1, 3, 5, 2016, '2016-08-12 19:25:36'),
	(1130, 48, 0, 0, 1, 9, 1, 2016, '2016-08-12 19:25:36'),
	(1131, 48, 0, 0, 1, 9, 5, 2016, '2016-08-12 19:25:36'),
	(1132, 48, 0, 0, 1, 10, 1, 2016, '2016-08-12 19:25:36'),
	(1133, 48, 0, 0, 1, 10, 5, 2016, '2016-08-12 19:25:36'),
	(1134, 48, -454.8, -454.8, 1, 4, 1, 2016, '2016-08-12 19:25:36'),
	(1135, 48, -104800, -104800, 1, 4, 5, 2016, '2016-08-12 19:25:36'),
	(1136, 48, 118.8, 118.8, 1, 5, 1, 2016, '2016-08-12 19:25:36'),
	(1137, 48, -1900.00000000001, -1900.00000000001, 1, 5, 5, 2016, '2016-08-12 19:25:36'),
	(1138, 48, -60, -60, 2, 0, 4, 2016, '2016-08-12 19:25:50'),
	(1139, 48, 363.149999999994, 363.149999999994, 2, 0, 1, 2016, '2016-08-12 19:25:50'),
	(1140, 48, -524000, -524000, 2, 0, 5, 2016, '2016-08-12 19:25:50'),
	(1141, 49, 74, 74, 2, 0, 4, 2016, '2016-08-12 19:25:50'),
	(1142, 49, 7100.25, 7100.25, 2, 0, 1, 2016, '2016-08-12 19:25:50'),
	(1143, 49, 436600, 436600, 2, 0, 5, 2016, '2016-08-12 19:25:50'),
	(1144, 50, 126, 126, 2, 0, 4, 2016, '2016-08-12 19:25:50'),
	(1145, 50, 6737.1, 6737.1, 2, 0, 1, 2016, '2016-08-12 19:25:50'),
	(1146, 50, 960600, 960600, 2, 0, 5, 2016, '2016-08-12 19:25:50'),
	(1147, 48, -354, -354, 2, 1, 1, 2016, '2016-08-12 19:25:50'),
	(1148, 48, -84500, -84500, 2, 1, 5, 2016, '2016-08-12 19:25:50'),
	(1149, 48, -397.47, -397.47, 2, 6, 1, 2016, '2016-08-12 19:25:50'),
	(1150, 48, -87000, -87000, 2, 6, 5, 2016, '2016-08-12 19:25:50'),
	(1151, 48, 43.47, 43.47, 2, 7, 1, 2016, '2016-08-12 19:25:50'),
	(1152, 48, 2500, 2500, 2, 7, 5, 2016, '2016-08-12 19:25:50'),
	(1153, 48, -595.02, -595.02, 2, 2, 1, 2016, '2016-08-12 19:25:50'),
	(1154, 48, -38100, -38100, 2, 2, 5, 2016, '2016-08-12 19:25:50'),
	(1155, 48, -220.2, -220.2, 2, 8, 1, 2016, '2016-08-12 19:25:50'),
	(1156, 48, -10400, -10400, 2, 8, 5, 2016, '2016-08-12 19:25:50'),
	(1157, 48, -2424.89, -2424.89, 2, 3, 1, 2016, '2016-08-12 19:25:50'),
	(1158, 48, -334900, -334900, 2, 3, 5, 2016, '2016-08-12 19:25:50'),
	(1159, 48, 190.58, 190.58, 2, 9, 1, 2016, '2016-08-12 19:25:50'),
	(1160, 48, 9899.99999999995, 9899.99999999995, 2, 9, 5, 2016, '2016-08-12 19:25:50'),
	(1161, 48, 0, 0, 2, 10, 1, 2016, '2016-08-12 19:25:50'),
	(1162, 48, 0, 0, 2, 10, 5, 2016, '2016-08-12 19:25:50'),
	(1163, 48, 3937.95, 3937.95, 2, 4, 1, 2016, '2016-08-12 19:25:50'),
	(1164, 48, 173700, 173700, 2, 4, 5, 2016, '2016-08-12 19:25:50'),
	(1165, 48, -161.1, -161.1, 2, 5, 1, 2016, '2016-08-12 19:25:50'),
	(1166, 48, -1999.99999999999, -1999.99999999999, 2, 5, 5, 2016, '2016-08-12 19:25:50'),
	(1167, 72, 1, 1, 4, 0, 6, 2014, '2016-08-12 19:44:07'),
	(1168, 73, 3, 3, 4, 0, 6, 2014, '2016-08-12 19:44:07'),
	(1169, 74, 0, 0, 4, 0, 6, 2014, '2016-08-12 19:44:07'),
	(1170, 75, 0, 0, 4, 0, 6, 2014, '2016-08-12 19:44:07'),
	(1171, 76, 10, 10, 4, 0, 6, 2014, '2016-08-12 19:44:07'),
	(1172, 77, 38270.9, 38270.9, 4, 0, 5, 2014, '2016-08-12 19:44:07'),
	(1173, 131, 0, 0, 4, 0, 6, 2014, '2016-08-12 19:44:07'),
	(1174, 132, 0, 0, 4, 0, 6, 2014, '2016-08-12 19:44:07'),
	(1175, 133, 0, 0, 4, 0, 5, 2014, '2016-08-12 19:44:07'),
	(1206, 137, 550.55, 550.55, 4, 1, 5, 2014, '2016-08-12 19:44:07'),
	(1207, 138, 550.55, 550.55, 4, 1, 5, 2014, '2016-08-12 19:44:07'),
	(1208, 139, 88.01, 88.01, 4, 1, 5, 2014, '2016-08-12 19:44:07'),
	(1209, 140, 0, 0, 4, 1, 5, 2014, '2016-08-12 19:44:07'),
	(1210, 137, 0, 0, 4, 2, 5, 2014, '2016-08-12 19:44:07'),
	(1211, 138, 0, 0, 4, 2, 5, 2014, '2016-08-12 19:44:07'),
	(1212, 139, 0, 0, 4, 2, 5, 2014, '2016-08-12 19:44:07'),
	(1213, 140, 0, 0, 4, 2, 5, 2014, '2016-08-12 19:44:07'),
	(1214, 137, 0, 0, 4, 9, 5, 2014, '2016-08-12 19:44:07'),
	(1215, 138, 0, 0, 4, 9, 5, 2014, '2016-08-12 19:44:07'),
	(1216, 139, 0, 0, 4, 9, 5, 2014, '2016-08-12 19:44:07'),
	(1217, 140, 0, 0, 4, 9, 5, 2014, '2016-08-12 19:44:07'),
	(1218, 137, 63.2300000000032, 63.2300000000032, 4, 3, 5, 2014, '2016-08-12 19:44:07'),
	(1219, 138, 0.230000000003201, 0.230000000003201, 4, 3, 5, 2014, '2016-08-12 19:44:07'),
	(1220, 139, -0.00999999999976353, -0.00999999999976353, 4, 3, 5, 2014, '2016-08-12 19:44:07'),
	(1221, 140, 63, 63, 4, 3, 5, 2014, '2016-08-12 19:44:07'),
	(1222, 137, 0, 0, 4, 10, 5, 2014, '2016-08-12 19:44:07'),
	(1223, 138, 0, 0, 4, 10, 5, 2014, '2016-08-12 19:44:07'),
	(1224, 139, 0, 0, 4, 10, 5, 2014, '2016-08-12 19:44:07'),
	(1225, 140, 0, 0, 4, 10, 5, 2014, '2016-08-12 19:44:07'),
	(1226, 137, 18225.4, 18225.4, 4, 5, 5, 2014, '2016-08-12 19:44:07'),
	(1227, 138, 15884.84, 15884.84, 4, 5, 5, 2014, '2016-08-12 19:44:07'),
	(1228, 139, 2306.9, 2306.9, 4, 5, 5, 2014, '2016-08-12 19:44:07'),
	(1229, 140, 33.66, 33.66, 4, 5, 5, 2014, '2016-08-12 19:44:07'),
	(1230, 137, 0, 0, 4, 11, 5, 2014, '2016-08-12 19:44:07'),
	(1231, 138, 0, 0, 4, 11, 5, 2014, '2016-08-12 19:44:07'),
	(1232, 139, 0, 0, 4, 11, 5, 2014, '2016-08-12 19:44:07'),
	(1233, 140, 0, 0, 4, 11, 5, 2014, '2016-08-12 19:44:07'),
	(1234, 137, 0, 0, 4, 12, 5, 2014, '2016-08-12 19:44:07'),
	(1235, 138, 0, 0, 4, 12, 5, 2014, '2016-08-12 19:44:07'),
	(1236, 139, 0, 0, 4, 12, 5, 2014, '2016-08-12 19:44:07'),
	(1237, 140, 0, 0, 4, 12, 5, 2014, '2016-08-12 19:44:07'),
	(1238, 137, 21917.1, 21917.1, 4, 4, 5, 2014, '2016-08-12 19:44:07'),
	(1239, 138, 20358, 20358, 4, 4, 5, 2014, '2016-08-12 19:44:07'),
	(1240, 139, 1048.39, 1048.39, 4, 4, 5, 2014, '2016-08-12 19:44:07'),
	(1241, 140, 510.72, 510.72, 4, 4, 5, 2014, '2016-08-12 19:44:07'),
	(1242, 137, 2982.41, 2982.41, 4, 6, 5, 2014, '2016-08-12 19:44:07'),
	(1243, 138, 1477.25, 1477.25, 4, 6, 5, 2014, '2016-08-12 19:44:07'),
	(1244, 139, 1409.28, 1409.28, 4, 6, 5, 2014, '2016-08-12 19:44:07'),
	(1245, 140, 95.88, 95.88, 4, 6, 5, 2014, '2016-08-12 19:44:07'),
	(1246, 72, 0, 0, 4, 1, 6, 2014, '2016-08-12 19:50:04'),
	(1247, 73, 0, 0, 4, 1, 6, 2014, '2016-08-12 19:50:04'),
	(1248, 74, 2, 2, 4, 1, 6, 2014, '2016-08-12 19:50:04'),
	(1249, 72, 0, 0, 4, 2, 6, 2014, '2016-08-12 19:50:04'),
	(1250, 73, 0, 0, 4, 2, 6, 2014, '2016-08-12 19:50:04'),
	(1251, 74, 0, 0, 4, 2, 6, 2014, '2016-08-12 19:50:04'),
	(1252, 72, 0, 0, 4, 9, 6, 2014, '2016-08-12 19:50:04'),
	(1253, 73, 0, 0, 4, 9, 6, 2014, '2016-08-12 19:50:04'),
	(1254, 74, 0, 0, 4, 9, 6, 2014, '2016-08-12 19:50:04'),
	(1255, 72, 2, 2, 4, 3, 6, 2014, '2016-08-12 19:50:04'),
	(1256, 73, 2, 2, 4, 3, 6, 2014, '2016-08-12 19:50:04'),
	(1257, 74, 0, 0, 4, 3, 6, 2014, '2016-08-12 19:50:04'),
	(1258, 72, 0, 0, 4, 10, 6, 2014, '2016-08-12 19:50:04'),
	(1259, 73, 0, 0, 4, 10, 6, 2014, '2016-08-12 19:50:04'),
	(1260, 74, 0, 0, 4, 10, 6, 2014, '2016-08-12 19:50:04'),
	(1261, 72, -1, -1, 4, 5, 6, 2014, '2016-08-12 19:50:04'),
	(1262, 73, 0, 0, 4, 5, 6, 2014, '2016-08-12 19:50:04'),
	(1263, 74, 1, 1, 4, 5, 6, 2014, '2016-08-12 19:50:04'),
	(1264, 72, 0, 0, 4, 11, 6, 2014, '2016-08-12 19:50:04'),
	(1265, 73, 0, 0, 4, 11, 6, 2014, '2016-08-12 19:50:04'),
	(1266, 74, 0, 0, 4, 11, 6, 2014, '2016-08-12 19:50:04'),
	(1267, 72, 0, 0, 4, 12, 6, 2014, '2016-08-12 19:50:04'),
	(1268, 73, 0, 0, 4, 12, 6, 2014, '2016-08-12 19:50:04'),
	(1269, 74, 0, 0, 4, 12, 6, 2014, '2016-08-12 19:50:04'),
	(1270, 72, 0, 0, 4, 4, 6, 2014, '2016-08-12 19:50:04'),
	(1271, 73, 1, 1, 4, 4, 6, 2014, '2016-08-12 19:50:04'),
	(1272, 74, -1, -1, 4, 4, 6, 2014, '2016-08-12 19:50:04'),
	(1273, 72, 0, 0, 4, 6, 6, 2014, '2016-08-12 19:50:04'),
	(1274, 73, 0, 0, 4, 6, 6, 2014, '2016-08-12 19:50:04'),
	(1275, 74, 0, 0, 4, 6, 6, 2014, '2016-08-12 19:50:04'),
	(1276, 72, 67, 67, 1, 0, 6, 2015, '2016-08-12 19:53:53'),
	(1277, 73, 5, 5, 1, 0, 6, 2015, '2016-08-12 19:53:53'),
	(1278, 74, 3, 3, 1, 0, 6, 2015, '2016-08-12 19:53:53'),
	(1279, 75, 0, 0, 1, 0, 6, 2015, '2016-08-12 19:53:53'),
	(1280, 76, 5, 5, 1, 0, 6, 2015, '2016-08-12 19:53:53'),
	(1281, 77, 15270.64, 15270.64, 1, 0, 5, 2015, '2016-08-12 19:53:53'),
	(1282, 131, 0, 0, 1, 0, 6, 2015, '2016-08-12 19:53:53'),
	(1283, 132, 0, 0, 1, 0, 6, 2015, '2016-08-12 19:53:53'),
	(1284, 133, 0, 0, 1, 0, 5, 2015, '2016-08-12 19:53:53'),
	(1285, 72, 3, 3, 1, 1, 6, 2015, '2016-08-12 19:53:53'),
	(1286, 73, 0, 0, 1, 1, 6, 2015, '2016-08-12 19:53:53'),
	(1287, 74, 0, 0, 1, 1, 6, 2015, '2016-08-12 19:53:53'),
	(1288, 72, 0, 0, 1, 2, 6, 2015, '2016-08-12 19:53:53'),
	(1289, 73, 0, 0, 1, 2, 6, 2015, '2016-08-12 19:53:53'),
	(1290, 74, 0, 0, 1, 2, 6, 2015, '2016-08-12 19:53:53'),
	(1291, 72, 0, 0, 1, 9, 6, 2015, '2016-08-12 19:53:53'),
	(1292, 73, 0, 0, 1, 9, 6, 2015, '2016-08-12 19:53:53'),
	(1293, 74, 0, 0, 1, 9, 6, 2015, '2016-08-12 19:53:53'),
	(1294, 72, 23, 23, 1, 3, 6, 2015, '2016-08-12 19:53:53'),
	(1295, 73, 0, 0, 1, 3, 6, 2015, '2016-08-12 19:53:53'),
	(1296, 74, 1, 1, 1, 3, 6, 2015, '2016-08-12 19:53:53'),
	(1297, 72, 0, 0, 1, 10, 6, 2015, '2016-08-12 19:53:53'),
	(1298, 73, 0, 0, 1, 10, 6, 2015, '2016-08-12 19:53:53'),
	(1299, 74, 0, 0, 1, 10, 6, 2015, '2016-08-12 19:53:53'),
	(1300, 72, 17, 17, 1, 5, 6, 2015, '2016-08-12 19:53:53'),
	(1301, 73, 0, 0, 1, 5, 6, 2015, '2016-08-12 19:53:53'),
	(1302, 74, 2, 2, 1, 5, 6, 2015, '2016-08-12 19:53:53'),
	(1303, 72, 0, 0, 1, 11, 6, 2015, '2016-08-12 19:53:53'),
	(1304, 73, 0, 0, 1, 11, 6, 2015, '2016-08-12 19:53:53'),
	(1305, 74, 0, 0, 1, 11, 6, 2015, '2016-08-12 19:53:53'),
	(1306, 72, 0, 0, 1, 12, 6, 2015, '2016-08-12 19:53:53'),
	(1307, 73, 0, 0, 1, 12, 6, 2015, '2016-08-12 19:53:53'),
	(1308, 74, 0, 0, 1, 12, 6, 2015, '2016-08-12 19:53:53'),
	(1309, 72, 15, 15, 1, 4, 6, 2015, '2016-08-12 19:53:53'),
	(1310, 73, 4, 4, 1, 4, 6, 2015, '2016-08-12 19:53:53'),
	(1311, 74, 0, 0, 1, 4, 6, 2015, '2016-08-12 19:53:53'),
	(1312, 72, 9, 9, 1, 6, 6, 2015, '2016-08-12 19:53:53'),
	(1313, 73, 1, 1, 1, 6, 6, 2015, '2016-08-12 19:53:53'),
	(1314, 74, 0, 0, 1, 6, 6, 2015, '2016-08-12 19:53:53'),
	(1315, 137, 171.46, 171.46, 1, 1, 5, 2015, '2016-08-12 19:53:53'),
	(1316, 138, 0, 0, 1, 1, 5, 2015, '2016-08-12 19:53:53'),
	(1317, 139, 0, 0, 1, 1, 5, 2015, '2016-08-12 19:53:53'),
	(1318, 140, 171.46, 171.46, 1, 1, 5, 2015, '2016-08-12 19:53:53'),
	(1319, 137, 0, 0, 1, 2, 5, 2015, '2016-08-12 19:53:53'),
	(1320, 138, 0, 0, 1, 2, 5, 2015, '2016-08-12 19:53:53'),
	(1321, 139, 0, 0, 1, 2, 5, 2015, '2016-08-12 19:53:53'),
	(1322, 140, 0, 0, 1, 2, 5, 2015, '2016-08-12 19:53:53'),
	(1323, 137, 0, 0, 1, 9, 5, 2015, '2016-08-12 19:53:53'),
	(1324, 138, 0, 0, 1, 9, 5, 2015, '2016-08-12 19:53:53'),
	(1325, 139, 0, 0, 1, 9, 5, 2015, '2016-08-12 19:53:53'),
	(1326, 140, 0, 0, 1, 9, 5, 2015, '2016-08-12 19:53:53'),
	(1327, 137, 877.96, 877.96, 1, 3, 5, 2015, '2016-08-12 19:53:53'),
	(1328, 138, 0, 0, 1, 3, 5, 2015, '2016-08-12 19:53:53'),
	(1329, 139, 0, 0, 1, 3, 5, 2015, '2016-08-12 19:53:53'),
	(1330, 140, 877.96, 877.96, 1, 3, 5, 2015, '2016-08-12 19:53:53'),
	(1331, 137, 0, 0, 1, 10, 5, 2015, '2016-08-12 19:53:53'),
	(1332, 138, 0, 0, 1, 10, 5, 2015, '2016-08-12 19:53:53'),
	(1333, 139, 0, 0, 1, 10, 5, 2015, '2016-08-12 19:53:53'),
	(1334, 140, 0, 0, 1, 10, 5, 2015, '2016-08-12 19:53:53'),
	(1335, 137, 7858.8, 7858.8, 1, 5, 5, 2015, '2016-08-12 19:53:53'),
	(1336, 138, 7680, 7680, 1, 5, 5, 2015, '2016-08-12 19:53:53'),
	(1337, 139, 0, 0, 1, 5, 5, 2015, '2016-08-12 19:53:53'),
	(1338, 140, 178.8, 178.8, 1, 5, 5, 2015, '2016-08-12 19:53:53'),
	(1339, 137, 0, 0, 1, 11, 5, 2015, '2016-08-12 19:53:53'),
	(1340, 138, 0, 0, 1, 11, 5, 2015, '2016-08-12 19:53:53'),
	(1341, 139, 0, 0, 1, 11, 5, 2015, '2016-08-12 19:53:53'),
	(1342, 140, 0, 0, 1, 11, 5, 2015, '2016-08-12 19:53:53'),
	(1343, 137, 0, 0, 1, 12, 5, 2015, '2016-08-12 19:53:53'),
	(1344, 138, 0, 0, 1, 12, 5, 2015, '2016-08-12 19:53:53'),
	(1345, 139, 0, 0, 1, 12, 5, 2015, '2016-08-12 19:53:53'),
	(1346, 140, 0, 0, 1, 12, 5, 2015, '2016-08-12 19:53:53'),
	(1347, 137, 6650.43, 6650.43, 1, 4, 5, 2015, '2016-08-12 19:53:53'),
	(1348, 138, 5109.01, 5109.01, 1, 4, 5, 2015, '2016-08-12 19:53:54'),
	(1349, 139, 1468.98, 1468.98, 1, 4, 5, 2015, '2016-08-12 19:53:54'),
	(1350, 140, 72.44, 72.44, 1, 4, 5, 2015, '2016-08-12 19:53:54'),
	(1351, 137, 3161.52, 3161.52, 1, 6, 5, 2015, '2016-08-12 19:53:54'),
	(1352, 138, 2481.63, 2481.63, 1, 6, 5, 2015, '2016-08-12 19:53:54'),
	(1353, 139, 529.69, 529.69, 1, 6, 5, 2015, '2016-08-12 19:53:54'),
	(1354, 140, 150.2, 150.2, 1, 6, 5, 2015, '2016-08-12 19:53:54'),
	(1355, 72, 1, 1, 2, 0, 6, 2015, '2016-08-12 19:54:03'),
	(1356, 73, -1, -1, 2, 0, 6, 2015, '2016-08-12 19:54:03'),
	(1357, 74, 2, 2, 2, 0, 6, 2015, '2016-08-12 19:54:03'),
	(1358, 75, 0, 0, 2, 0, 6, 2015, '2016-08-12 19:54:03'),
	(1359, 76, -1, -1, 2, 0, 6, 2015, '2016-08-12 19:54:03'),
	(1360, 77, 113417.16, 113417.16, 2, 0, 5, 2015, '2016-08-12 19:54:03'),
	(1361, 131, 0, 0, 2, 0, 6, 2015, '2016-08-12 19:54:03'),
	(1362, 132, 0, 0, 2, 0, 6, 2015, '2016-08-12 19:54:03'),
	(1363, 133, 0, 0, 2, 0, 5, 2015, '2016-08-12 19:54:03'),
	(1364, 72, 0, 0, 2, 1, 6, 2015, '2016-08-12 19:54:03'),
	(1365, 73, 0, 0, 2, 1, 6, 2015, '2016-08-12 19:54:03'),
	(1366, 74, 0, 0, 2, 1, 6, 2015, '2016-08-12 19:54:03'),
	(1367, 72, 0, 0, 2, 2, 6, 2015, '2016-08-12 19:54:03'),
	(1368, 73, 0, 0, 2, 2, 6, 2015, '2016-08-12 19:54:03'),
	(1369, 74, 0, 0, 2, 2, 6, 2015, '2016-08-12 19:54:03'),
	(1370, 72, 0, 0, 2, 9, 6, 2015, '2016-08-12 19:54:03'),
	(1371, 73, 0, 0, 2, 9, 6, 2015, '2016-08-12 19:54:03'),
	(1372, 74, 0, 0, 2, 9, 6, 2015, '2016-08-12 19:54:03'),
	(1373, 72, -1, -1, 2, 3, 6, 2015, '2016-08-12 19:54:03'),
	(1374, 73, 0, 0, 2, 3, 6, 2015, '2016-08-12 19:54:03'),
	(1375, 74, 1, 1, 2, 3, 6, 2015, '2016-08-12 19:54:03'),
	(1376, 72, 0, 0, 2, 10, 6, 2015, '2016-08-12 19:54:03'),
	(1377, 73, 0, 0, 2, 10, 6, 2015, '2016-08-12 19:54:03'),
	(1378, 74, 0, 0, 2, 10, 6, 2015, '2016-08-12 19:54:03'),
	(1379, 72, 0, 0, 2, 5, 6, 2015, '2016-08-12 19:54:03'),
	(1380, 73, 0, 0, 2, 5, 6, 2015, '2016-08-12 19:54:03'),
	(1381, 74, 0, 0, 2, 5, 6, 2015, '2016-08-12 19:54:03'),
	(1382, 72, 0, 0, 2, 11, 6, 2015, '2016-08-12 19:54:03'),
	(1383, 73, 0, 0, 2, 11, 6, 2015, '2016-08-12 19:54:03'),
	(1384, 74, 0, 0, 2, 11, 6, 2015, '2016-08-12 19:54:03'),
	(1385, 72, 0, 0, 2, 12, 6, 2015, '2016-08-12 19:54:03'),
	(1386, 73, 0, 0, 2, 12, 6, 2015, '2016-08-12 19:54:03'),
	(1387, 74, 0, 0, 2, 12, 6, 2015, '2016-08-12 19:54:03'),
	(1388, 72, 1, 1, 2, 4, 6, 2015, '2016-08-12 19:54:03'),
	(1389, 73, -2, -2, 2, 4, 6, 2015, '2016-08-12 19:54:03'),
	(1390, 74, 1, 1, 2, 4, 6, 2015, '2016-08-12 19:54:03'),
	(1391, 72, 1, 1, 2, 6, 6, 2015, '2016-08-12 19:54:03'),
	(1392, 73, 1, 1, 2, 6, 6, 2015, '2016-08-12 19:54:03'),
	(1393, 74, 0, 0, 2, 6, 6, 2015, '2016-08-12 19:54:03'),
	(1394, 137, 0, 0, 2, 1, 5, 2015, '2016-08-12 19:54:03'),
	(1395, 138, 0, 0, 2, 1, 5, 2015, '2016-08-12 19:54:03'),
	(1396, 139, 0, 0, 2, 1, 5, 2015, '2016-08-12 19:54:03'),
	(1397, 140, 0, 0, 2, 1, 5, 2015, '2016-08-12 19:54:03'),
	(1398, 137, 0, 0, 2, 2, 5, 2015, '2016-08-12 19:54:03'),
	(1399, 138, 0, 0, 2, 2, 5, 2015, '2016-08-12 19:54:03'),
	(1400, 139, 0, 0, 2, 2, 5, 2015, '2016-08-12 19:54:03'),
	(1401, 140, 0, 0, 2, 2, 5, 2015, '2016-08-12 19:54:03'),
	(1402, 137, 0, 0, 2, 9, 5, 2015, '2016-08-12 19:54:03'),
	(1403, 138, 0, 0, 2, 9, 5, 2015, '2016-08-12 19:54:03'),
	(1404, 139, 0, 0, 2, 9, 5, 2015, '2016-08-12 19:54:03'),
	(1405, 140, 0, 0, 2, 9, 5, 2015, '2016-08-12 19:54:03'),
	(1406, 137, 282.31, 282.31, 2, 3, 5, 2015, '2016-08-12 19:54:03'),
	(1407, 138, 0, 0, 2, 3, 5, 2015, '2016-08-12 19:54:03'),
	(1408, 139, 282.31, 282.31, 2, 3, 5, 2015, '2016-08-12 19:54:03'),
	(1409, 140, 0, 0, 2, 3, 5, 2015, '2016-08-12 19:54:03'),
	(1410, 137, 0, 0, 2, 10, 5, 2015, '2016-08-12 19:54:03'),
	(1411, 138, 0, 0, 2, 10, 5, 2015, '2016-08-12 19:54:03'),
	(1412, 139, 0, 0, 2, 10, 5, 2015, '2016-08-12 19:54:03'),
	(1413, 140, 0, 0, 2, 10, 5, 2015, '2016-08-12 19:54:03'),
	(1414, 137, 0, 0, 2, 5, 5, 2015, '2016-08-12 19:54:03'),
	(1415, 138, 0, 0, 2, 5, 5, 2015, '2016-08-12 19:54:03'),
	(1416, 139, 0, 0, 2, 5, 5, 2015, '2016-08-12 19:54:03'),
	(1417, 140, 0, 0, 2, 5, 5, 2015, '2016-08-12 19:54:03'),
	(1418, 137, 0, 0, 2, 11, 5, 2015, '2016-08-12 19:54:03'),
	(1419, 138, 0, 0, 2, 11, 5, 2015, '2016-08-12 19:54:03'),
	(1420, 139, 0, 0, 2, 11, 5, 2015, '2016-08-12 19:54:03'),
	(1421, 140, 0, 0, 2, 11, 5, 2015, '2016-08-12 19:54:03'),
	(1422, 137, 0, 0, 2, 12, 5, 2015, '2016-08-12 19:54:03'),
	(1423, 138, 0, 0, 2, 12, 5, 2015, '2016-08-12 19:54:03'),
	(1424, 139, 0, 0, 2, 12, 5, 2015, '2016-08-12 19:54:03'),
	(1425, 140, 0, 0, 2, 12, 5, 2015, '2016-08-12 19:54:03'),
	(1426, 137, 117066.57, 117066.57, 2, 4, 5, 2015, '2016-08-12 19:54:03'),
	(1427, 138, 113417.16, 113417.16, 2, 4, 5, 2015, '2016-08-12 19:54:03'),
	(1428, 139, 2985.48, 2985.48, 2, 4, 5, 2015, '2016-08-12 19:54:03'),
	(1429, 140, 663.93, 663.93, 2, 4, 5, 2015, '2016-08-12 19:54:03'),
	(1430, 137, 0, 0, 2, 6, 5, 2015, '2016-08-12 19:54:03'),
	(1431, 138, 0, 0, 2, 6, 5, 2015, '2016-08-12 19:54:03'),
	(1432, 139, 0, 0, 2, 6, 5, 2015, '2016-08-12 19:54:03'),
	(1433, 140, 0, 0, 2, 6, 5, 2015, '2016-08-12 19:54:03'),
	(1434, 72, 1, 1, 3, 0, 6, 2015, '2016-08-12 19:54:10'),
	(1435, 73, 1, 1, 3, 0, 6, 2015, '2016-08-12 19:54:10'),
	(1436, 74, 0, 0, 3, 0, 6, 2015, '2016-08-12 19:54:11'),
	(1437, 75, 0, 0, 3, 0, 6, 2015, '2016-08-12 19:54:11'),
	(1438, 76, 1, 1, 3, 0, 6, 2015, '2016-08-12 19:54:11'),
	(1439, 77, 1634.03999999999, 1634.03999999999, 3, 0, 5, 2015, '2016-08-12 19:54:11'),
	(1440, 131, 0, 0, 3, 0, 6, 2015, '2016-08-12 19:54:11'),
	(1441, 132, 0, 0, 3, 0, 6, 2015, '2016-08-12 19:54:11'),
	(1442, 133, 0, 0, 3, 0, 5, 2015, '2016-08-12 19:54:11'),
	(1443, 72, 1, 1, 3, 1, 6, 2015, '2016-08-12 19:54:11'),
	(1444, 73, 1, 1, 3, 1, 6, 2015, '2016-08-12 19:54:11'),
	(1445, 74, 0, 0, 3, 1, 6, 2015, '2016-08-12 19:54:11'),
	(1446, 72, 0, 0, 3, 2, 6, 2015, '2016-08-12 19:54:11'),
	(1447, 73, 0, 0, 3, 2, 6, 2015, '2016-08-12 19:54:11'),
	(1448, 74, 0, 0, 3, 2, 6, 2015, '2016-08-12 19:54:11'),
	(1449, 72, 0, 0, 3, 9, 6, 2015, '2016-08-12 19:54:11'),
	(1450, 73, 0, 0, 3, 9, 6, 2015, '2016-08-12 19:54:11'),
	(1451, 74, 0, 0, 3, 9, 6, 2015, '2016-08-12 19:54:11'),
	(1452, 72, 0, 0, 3, 3, 6, 2015, '2016-08-12 19:54:11'),
	(1453, 73, 0, 0, 3, 3, 6, 2015, '2016-08-12 19:54:11'),
	(1454, 74, 0, 0, 3, 3, 6, 2015, '2016-08-12 19:54:11'),
	(1455, 72, 0, 0, 3, 10, 6, 2015, '2016-08-12 19:54:11'),
	(1456, 73, 0, 0, 3, 10, 6, 2015, '2016-08-12 19:54:11'),
	(1457, 74, 0, 0, 3, 10, 6, 2015, '2016-08-12 19:54:11'),
	(1458, 72, 0, 0, 3, 5, 6, 2015, '2016-08-12 19:54:11'),
	(1459, 73, 0, 0, 3, 5, 6, 2015, '2016-08-12 19:54:11'),
	(1460, 74, 0, 0, 3, 5, 6, 2015, '2016-08-12 19:54:11'),
	(1461, 72, 0, 0, 3, 11, 6, 2015, '2016-08-12 19:54:11'),
	(1462, 73, 0, 0, 3, 11, 6, 2015, '2016-08-12 19:54:11'),
	(1463, 74, 0, 0, 3, 11, 6, 2015, '2016-08-12 19:54:11'),
	(1464, 72, 0, 0, 3, 12, 6, 2015, '2016-08-12 19:54:11'),
	(1465, 73, 0, 0, 3, 12, 6, 2015, '2016-08-12 19:54:11'),
	(1466, 74, 0, 0, 3, 12, 6, 2015, '2016-08-12 19:54:11'),
	(1467, 72, 0, 0, 3, 4, 6, 2015, '2016-08-12 19:54:11'),
	(1468, 73, 0, 0, 3, 4, 6, 2015, '2016-08-12 19:54:11'),
	(1469, 74, 0, 0, 3, 4, 6, 2015, '2016-08-12 19:54:11'),
	(1470, 72, 0, 0, 3, 6, 6, 2015, '2016-08-12 19:54:11'),
	(1471, 73, 0, 0, 3, 6, 6, 2015, '2016-08-12 19:54:11'),
	(1472, 74, 0, 0, 3, 6, 6, 2015, '2016-08-12 19:54:11'),
	(1473, 137, 850.1, 850.1, 3, 1, 5, 2015, '2016-08-12 19:54:11'),
	(1474, 138, 740, 740, 3, 1, 5, 2015, '2016-08-12 19:54:11'),
	(1475, 139, 110.1, 110.1, 3, 1, 5, 2015, '2016-08-12 19:54:11'),
	(1476, 140, 0, 0, 3, 1, 5, 2015, '2016-08-12 19:54:11'),
	(1477, 137, 0, 0, 3, 2, 5, 2015, '2016-08-12 19:54:11'),
	(1478, 138, 0, 0, 3, 2, 5, 2015, '2016-08-12 19:54:11'),
	(1479, 139, 0, 0, 3, 2, 5, 2015, '2016-08-12 19:54:11'),
	(1480, 140, 0, 0, 3, 2, 5, 2015, '2016-08-12 19:54:11'),
	(1481, 137, 0, 0, 3, 9, 5, 2015, '2016-08-12 19:54:11'),
	(1482, 138, 0, 0, 3, 9, 5, 2015, '2016-08-12 19:54:11'),
	(1483, 139, 0, 0, 3, 9, 5, 2015, '2016-08-12 19:54:11'),
	(1484, 140, 0, 0, 3, 9, 5, 2015, '2016-08-12 19:54:11'),
	(1485, 137, 286.54, 286.54, 3, 3, 5, 2015, '2016-08-12 19:54:11'),
	(1486, 138, 0, 0, 3, 3, 5, 2015, '2016-08-12 19:54:11'),
	(1487, 139, 0, 0, 3, 3, 5, 2015, '2016-08-12 19:54:11'),
	(1488, 140, 286.54, 286.54, 3, 3, 5, 2015, '2016-08-12 19:54:11'),
	(1489, 137, 0, 0, 3, 10, 5, 2015, '2016-08-12 19:54:11'),
	(1490, 138, 0, 0, 3, 10, 5, 2015, '2016-08-12 19:54:11'),
	(1491, 139, 0, 0, 3, 10, 5, 2015, '2016-08-12 19:54:11'),
	(1492, 140, 0, 0, 3, 10, 5, 2015, '2016-08-12 19:54:11'),
	(1493, 137, 839.73, 839.73, 3, 5, 5, 2015, '2016-08-12 19:54:11'),
	(1494, 138, 175.37, 175.37, 3, 5, 5, 2015, '2016-08-12 19:54:11'),
	(1495, 139, 379.95, 379.95, 3, 5, 5, 2015, '2016-08-12 19:54:11'),
	(1496, 140, 284.42, 284.42, 3, 5, 5, 2015, '2016-08-12 19:54:11'),
	(1497, 137, 0, 0, 3, 11, 5, 2015, '2016-08-12 19:54:11'),
	(1498, 138, 0, 0, 3, 11, 5, 2015, '2016-08-12 19:54:11'),
	(1499, 139, 0, 0, 3, 11, 5, 2015, '2016-08-12 19:54:11'),
	(1500, 140, 0, 0, 3, 11, 5, 2015, '2016-08-12 19:54:11'),
	(1501, 137, 0, 0, 3, 12, 5, 2015, '2016-08-12 19:54:11'),
	(1502, 138, 0, 0, 3, 12, 5, 2015, '2016-08-12 19:54:11'),
	(1503, 139, 0, 0, 3, 12, 5, 2015, '2016-08-12 19:54:11'),
	(1504, 140, 0, 0, 3, 12, 5, 2015, '2016-08-12 19:54:11'),
	(1505, 137, 731, 731, 3, 4, 5, 2015, '2016-08-12 19:54:11'),
	(1506, 138, 718.680000000008, 718.680000000008, 3, 4, 5, 2015, '2016-08-12 19:54:11'),
	(1507, 139, 0, 0, 3, 4, 5, 2015, '2016-08-12 19:54:11'),
	(1508, 140, 12.32, 12.32, 3, 4, 5, 2015, '2016-08-12 19:54:11'),
	(1509, 137, 1141.27, 1141.27, 3, 6, 5, 2015, '2016-08-12 19:54:11'),
	(1510, 138, 0, 0, 3, 6, 5, 2015, '2016-08-12 19:54:11'),
	(1511, 139, 0, 0, 3, 6, 5, 2015, '2016-08-12 19:54:11'),
	(1512, 140, 1141.27, 1141.27, 3, 6, 5, 2015, '2016-08-12 19:54:11'),
	(1513, 72, -4, -4, 4, 0, 6, 2015, '2016-08-12 19:54:20'),
	(1514, 73, 8, 8, 4, 0, 6, 2015, '2016-08-12 19:54:20'),
	(1515, 74, 0, 0, 4, 0, 6, 2015, '2016-08-12 19:54:20'),
	(1516, 75, 0, 0, 4, 0, 6, 2015, '2016-08-12 19:54:20'),
	(1517, 76, 8, 8, 4, 0, 6, 2015, '2016-08-12 19:54:20'),
	(1518, 77, 5854, 5854, 4, 0, 5, 2015, '2016-08-12 19:54:20'),
	(1519, 131, 0, 0, 4, 0, 6, 2015, '2016-08-12 19:54:20'),
	(1520, 132, 0, 0, 4, 0, 6, 2015, '2016-08-12 19:54:20'),
	(1521, 133, 0, 0, 4, 0, 5, 2015, '2016-08-12 19:54:20'),
	(1522, 72, -1, -1, 4, 1, 6, 2015, '2016-08-12 19:54:20'),
	(1523, 73, 0, 0, 4, 1, 6, 2015, '2016-08-12 19:54:20'),
	(1524, 74, 0, 0, 4, 1, 6, 2015, '2016-08-12 19:54:20'),
	(1525, 72, 0, 0, 4, 2, 6, 2015, '2016-08-12 19:54:20'),
	(1526, 73, 0, 0, 4, 2, 6, 2015, '2016-08-12 19:54:20'),
	(1527, 74, 0, 0, 4, 2, 6, 2015, '2016-08-12 19:54:20'),
	(1528, 72, 0, 0, 4, 9, 6, 2015, '2016-08-12 19:54:20'),
	(1529, 73, 0, 0, 4, 9, 6, 2015, '2016-08-12 19:54:20'),
	(1530, 74, 0, 0, 4, 9, 6, 2015, '2016-08-12 19:54:20'),
	(1531, 72, 2, 2, 4, 3, 6, 2015, '2016-08-12 19:54:20'),
	(1532, 73, 0, 0, 4, 3, 6, 2015, '2016-08-12 19:54:20'),
	(1533, 74, 0, 0, 4, 3, 6, 2015, '2016-08-12 19:54:20'),
	(1534, 72, 0, 0, 4, 10, 6, 2015, '2016-08-12 19:54:20'),
	(1535, 73, 0, 0, 4, 10, 6, 2015, '2016-08-12 19:54:20'),
	(1536, 74, 0, 0, 4, 10, 6, 2015, '2016-08-12 19:54:20'),
	(1537, 72, 2, 2, 4, 5, 6, 2015, '2016-08-12 19:54:20'),
	(1538, 73, 2, 2, 4, 5, 6, 2015, '2016-08-12 19:54:20'),
	(1539, 74, 0, 0, 4, 5, 6, 2015, '2016-08-12 19:54:20'),
	(1540, 72, 0, 0, 4, 11, 6, 2015, '2016-08-12 19:54:20'),
	(1541, 73, 0, 0, 4, 11, 6, 2015, '2016-08-12 19:54:20'),
	(1542, 74, 0, 0, 4, 11, 6, 2015, '2016-08-12 19:54:20'),
	(1543, 72, 0, 0, 4, 12, 6, 2015, '2016-08-12 19:54:20'),
	(1544, 73, 0, 0, 4, 12, 6, 2015, '2016-08-12 19:54:20'),
	(1545, 74, 0, 0, 4, 12, 6, 2015, '2016-08-12 19:54:20'),
	(1546, 72, -5, -5, 4, 4, 6, 2015, '2016-08-12 19:54:20'),
	(1547, 73, 6, 6, 4, 4, 6, 2015, '2016-08-12 19:54:20'),
	(1548, 74, 0, 0, 4, 4, 6, 2015, '2016-08-12 19:54:20'),
	(1549, 72, -2, -2, 4, 6, 6, 2015, '2016-08-12 19:54:20'),
	(1550, 73, 0, 0, 4, 6, 6, 2015, '2016-08-12 19:54:20'),
	(1551, 74, 0, 0, 4, 6, 6, 2015, '2016-08-12 19:54:20'),
	(1552, 137, 0, 0, 4, 1, 5, 2015, '2016-08-12 19:54:20'),
	(1553, 138, 0, 0, 4, 1, 5, 2015, '2016-08-12 19:54:20'),
	(1554, 139, 0, 0, 4, 1, 5, 2015, '2016-08-12 19:54:20'),
	(1555, 140, 0, 0, 4, 1, 5, 2015, '2016-08-12 19:54:20'),
	(1556, 137, 0, 0, 4, 2, 5, 2015, '2016-08-12 19:54:20'),
	(1557, 138, 0, 0, 4, 2, 5, 2015, '2016-08-12 19:54:20'),
	(1558, 139, 0, 0, 4, 2, 5, 2015, '2016-08-12 19:54:20'),
	(1559, 140, 0, 0, 4, 2, 5, 2015, '2016-08-12 19:54:20'),
	(1560, 137, 0, 0, 4, 9, 5, 2015, '2016-08-12 19:54:20'),
	(1561, 138, 0, 0, 4, 9, 5, 2015, '2016-08-12 19:54:20'),
	(1562, 139, 0, 0, 4, 9, 5, 2015, '2016-08-12 19:54:20'),
	(1563, 140, 0, 0, 4, 9, 5, 2015, '2016-08-12 19:54:20'),
	(1564, 137, 510.29, 510.29, 4, 3, 5, 2015, '2016-08-12 19:54:20'),
	(1565, 138, 258.75, 258.75, 4, 3, 5, 2015, '2016-08-12 19:54:20'),
	(1566, 139, 0, 0, 4, 3, 5, 2015, '2016-08-12 19:54:20'),
	(1567, 140, 251.53, 251.53, 4, 3, 5, 2015, '2016-08-12 19:54:20'),
	(1568, 137, 0, 0, 4, 10, 5, 2015, '2016-08-12 19:54:20'),
	(1569, 138, 0, 0, 4, 10, 5, 2015, '2016-08-12 19:54:20'),
	(1570, 139, 0, 0, 4, 10, 5, 2015, '2016-08-12 19:54:20'),
	(1571, 140, 0, 0, 4, 10, 5, 2015, '2016-08-12 19:54:20'),
	(1572, 137, 9610.27, 9610.27, 4, 5, 5, 2015, '2016-08-12 19:54:20'),
	(1573, 138, 4801.31, 4801.31, 4, 5, 5, 2015, '2016-08-12 19:54:20'),
	(1574, 139, 4767.02, 4767.02, 4, 5, 5, 2015, '2016-08-12 19:54:20'),
	(1575, 140, 41.94, 41.94, 4, 5, 5, 2015, '2016-08-12 19:54:20'),
	(1576, 137, 0, 0, 4, 11, 5, 2015, '2016-08-12 19:54:20'),
	(1577, 138, 0, 0, 4, 11, 5, 2015, '2016-08-12 19:54:20'),
	(1578, 139, 0, 0, 4, 11, 5, 2015, '2016-08-12 19:54:20'),
	(1579, 140, 0, 0, 4, 11, 5, 2015, '2016-08-12 19:54:20'),
	(1580, 137, 0, 0, 4, 12, 5, 2015, '2016-08-12 19:54:20'),
	(1581, 138, 0, 0, 4, 12, 5, 2015, '2016-08-12 19:54:20'),
	(1582, 139, 0, 0, 4, 12, 5, 2015, '2016-08-12 19:54:20'),
	(1583, 140, 0, 0, 4, 12, 5, 2015, '2016-08-12 19:54:20'),
	(1584, 137, 672.580000000002, 672.580000000002, 4, 4, 5, 2015, '2016-08-12 19:54:20'),
	(1585, 138, 130.659999999989, 130.659999999989, 4, 4, 5, 2015, '2016-08-12 19:54:20'),
	(1586, 139, 0, 0, 4, 4, 5, 2015, '2016-08-12 19:54:20'),
	(1587, 140, 541.92, 541.92, 4, 4, 5, 2015, '2016-08-12 19:54:20'),
	(1588, 137, 1279.84, 1279.84, 4, 6, 5, 2015, '2016-08-12 19:54:20'),
	(1589, 138, 663.27, 663.27, 4, 6, 5, 2015, '2016-08-12 19:54:20'),
	(1590, 139, 616.57, 616.57, 4, 6, 5, 2015, '2016-08-12 19:54:20'),
	(1591, 140, 0.00999999999999091, 0.00999999999999091, 4, 6, 5, 2015, '2016-08-12 19:54:20'),
	(1592, 72, 73, 0, 1, 0, 6, 2016, '2016-08-12 19:54:58'),
	(1593, 73, 1, 0, 1, 0, 6, 2016, '2016-08-12 19:54:58'),
	(1594, 74, 1, 0, 1, 0, 6, 2016, '2016-08-12 19:54:58'),
	(1595, 75, 0, 0, 1, 0, 6, 2016, '2016-08-12 19:54:58'),
	(1596, 76, 1, 1, 1, 0, 6, 2016, '2016-08-12 19:54:58'),
	(1597, 77, 14313.76, 0, 1, 0, 5, 2016, '2016-08-12 19:54:58'),
	(1598, 131, 0, 0, 1, 0, 6, 2016, '2016-08-12 19:54:58'),
	(1599, 132, 0, 0, 1, 0, 6, 2016, '2016-08-12 19:54:58'),
	(1600, 133, 0, 0, 1, 0, 5, 2016, '2016-08-12 19:54:58'),
	(1601, 72, 4, 0, 1, 1, 6, 2016, '2016-08-12 19:54:58'),
	(1602, 73, 0, 0, 1, 1, 6, 2016, '2016-08-12 19:54:58'),
	(1603, 74, 0, 0, 1, 1, 6, 2016, '2016-08-12 19:54:58'),
	(1604, 72, 0, 0, 1, 2, 6, 2016, '2016-08-12 19:54:58'),
	(1605, 73, 0, 0, 1, 2, 6, 2016, '2016-08-12 19:54:58'),
	(1606, 74, 0, 0, 1, 2, 6, 2016, '2016-08-12 19:54:58'),
	(1607, 72, 0, 0, 1, 9, 6, 2016, '2016-08-12 19:54:58'),
	(1608, 73, 0, 0, 1, 9, 6, 2016, '2016-08-12 19:54:58'),
	(1609, 74, 0, 0, 1, 9, 6, 2016, '2016-08-12 19:54:58'),
	(1610, 72, 22, 0, 1, 3, 6, 2016, '2016-08-12 19:54:58'),
	(1611, 73, 0, 0, 1, 3, 6, 2016, '2016-08-12 19:54:58'),
	(1612, 74, 0, 0, 1, 3, 6, 2016, '2016-08-12 19:54:58'),
	(1613, 72, 0, 0, 1, 10, 6, 2016, '2016-08-12 19:54:58'),
	(1614, 73, 0, 0, 1, 10, 6, 2016, '2016-08-12 19:54:58'),
	(1615, 74, 0, 0, 1, 10, 6, 2016, '2016-08-12 19:54:58'),
	(1616, 72, 19, 0, 1, 5, 6, 2016, '2016-08-12 19:54:58'),
	(1617, 73, 1, 0, 1, 5, 6, 2016, '2016-08-12 19:54:58'),
	(1618, 74, 1, 0, 1, 5, 6, 2016, '2016-08-12 19:54:58'),
	(1619, 72, 0, 0, 1, 11, 6, 2016, '2016-08-12 19:54:58'),
	(1620, 73, 0, 0, 1, 11, 6, 2016, '2016-08-12 19:54:58'),
	(1621, 74, 0, 0, 1, 11, 6, 2016, '2016-08-12 19:54:58'),
	(1622, 72, 0, 0, 1, 12, 6, 2016, '2016-08-12 19:54:58'),
	(1623, 73, 0, 0, 1, 12, 6, 2016, '2016-08-12 19:54:58'),
	(1624, 74, 0, 0, 1, 12, 6, 2016, '2016-08-12 19:54:58'),
	(1625, 72, 18, 0, 1, 4, 6, 2016, '2016-08-12 19:54:58'),
	(1626, 73, 0, 0, 1, 4, 6, 2016, '2016-08-12 19:54:58'),
	(1627, 74, 0, 0, 1, 4, 6, 2016, '2016-08-12 19:54:58'),
	(1628, 72, 10, 0, 1, 6, 6, 2016, '2016-08-12 19:54:58'),
	(1629, 73, 0, 0, 1, 6, 6, 2016, '2016-08-12 19:54:58'),
	(1630, 74, 0, 0, 1, 6, 6, 2016, '2016-08-12 19:54:58'),
	(1631, 137, 277.14, 0, 1, 1, 5, 2016, '2016-08-12 19:54:58'),
	(1632, 138, 0, 0, 1, 1, 5, 2016, '2016-08-12 19:54:58'),
	(1633, 139, 0, 0, 1, 1, 5, 2016, '2016-08-12 19:54:58'),
	(1634, 140, 277.14, 0, 1, 1, 5, 2016, '2016-08-12 19:54:58'),
	(1635, 137, 0, 0, 1, 2, 5, 2016, '2016-08-12 19:54:58'),
	(1636, 138, 0, 0, 1, 2, 5, 2016, '2016-08-12 19:54:58'),
	(1637, 139, 0, 0, 1, 2, 5, 2016, '2016-08-12 19:54:58'),
	(1638, 140, 0, 0, 1, 2, 5, 2016, '2016-08-12 19:54:58'),
	(1639, 137, 0, 0, 1, 9, 5, 2016, '2016-08-12 19:54:58'),
	(1640, 138, 0, 0, 1, 9, 5, 2016, '2016-08-12 19:54:58'),
	(1641, 139, 0, 0, 1, 9, 5, 2016, '2016-08-12 19:54:58'),
	(1642, 140, 0, 0, 1, 9, 5, 2016, '2016-08-12 19:54:58'),
	(1643, 137, 593.44, 0, 1, 3, 5, 2016, '2016-08-12 19:54:58'),
	(1644, 138, 3.15, 0, 1, 3, 5, 2016, '2016-08-12 19:54:58'),
	(1645, 139, 0, 0, 1, 3, 5, 2016, '2016-08-12 19:54:58'),
	(1646, 140, 590.29, 0, 1, 3, 5, 2016, '2016-08-12 19:54:58'),
	(1647, 137, 0, 0, 1, 10, 5, 2016, '2016-08-12 19:54:58'),
	(1648, 138, 0, 0, 1, 10, 5, 2016, '2016-08-12 19:54:58'),
	(1649, 139, 0, 0, 1, 10, 5, 2016, '2016-08-12 19:54:58'),
	(1650, 140, 0, 0, 1, 10, 5, 2016, '2016-08-12 19:54:58'),
	(1651, 137, 14460.95, 0, 1, 5, 5, 2016, '2016-08-12 19:54:58'),
	(1652, 138, 14309.69, 0, 1, 5, 5, 2016, '2016-08-12 19:54:58'),
	(1653, 139, 0, 0, 1, 5, 5, 2016, '2016-08-12 19:54:58'),
	(1654, 140, 151.26, 0, 1, 5, 5, 2016, '2016-08-12 19:54:58'),
	(1655, 137, 0, 0, 1, 11, 5, 2016, '2016-08-12 19:54:58'),
	(1656, 138, 0, 0, 1, 11, 5, 2016, '2016-08-12 19:54:58'),
	(1657, 139, 0, 0, 1, 11, 5, 2016, '2016-08-12 19:54:58'),
	(1658, 140, 0, 0, 1, 11, 5, 2016, '2016-08-12 19:54:58'),
	(1659, 137, 0, 0, 1, 12, 5, 2016, '2016-08-12 19:54:58'),
	(1660, 138, 0, 0, 1, 12, 5, 2016, '2016-08-12 19:54:58'),
	(1661, 139, 0, 0, 1, 12, 5, 2016, '2016-08-12 19:54:58'),
	(1662, 140, 0, 0, 1, 12, 5, 2016, '2016-08-12 19:54:58'),
	(1663, 137, 118.92, 0, 1, 4, 5, 2016, '2016-08-12 19:54:58'),
	(1664, 138, 0.92, 0, 1, 4, 5, 2016, '2016-08-12 19:54:58'),
	(1665, 139, 0, 0, 1, 4, 5, 2016, '2016-08-12 19:54:58'),
	(1666, 140, 118, 0, 1, 4, 5, 2016, '2016-08-12 19:54:58'),
	(1667, 137, 342.02, 0, 1, 6, 5, 2016, '2016-08-12 19:54:58'),
	(1668, 138, 0, 0, 1, 6, 5, 2016, '2016-08-12 19:54:58'),
	(1669, 139, 0, 0, 1, 6, 5, 2016, '2016-08-12 19:54:58'),
	(1670, 140, 342.02, 0, 1, 6, 5, 2016, '2016-08-12 19:54:58'),
	(1671, 72, 2, 2, 2, 0, 6, 2016, '2016-08-12 19:55:08'),
	(1672, 73, 3, 3, 2, 0, 6, 2016, '2016-08-12 19:55:08'),
	(1673, 74, 1, 1, 2, 0, 6, 2016, '2016-08-12 19:55:08'),
	(1674, 75, 0, 0, 2, 0, 6, 2016, '2016-08-12 19:55:08'),
	(1675, 76, 3, 3, 2, 0, 6, 2016, '2016-08-12 19:55:08'),
	(1676, 77, 524.360000000001, 524.360000000001, 2, 0, 5, 2016, '2016-08-12 19:55:08'),
	(1677, 131, 0, 0, 2, 0, 6, 2016, '2016-08-12 19:55:08'),
	(1678, 132, 0, 0, 2, 0, 6, 2016, '2016-08-12 19:55:08'),
	(1679, 133, 0, 0, 2, 0, 5, 2016, '2016-08-12 19:55:08'),
	(1680, 72, 0, 0, 2, 1, 6, 2016, '2016-08-12 19:55:08'),
	(1681, 73, 0, 0, 2, 1, 6, 2016, '2016-08-12 19:55:08'),
	(1682, 74, 0, 0, 2, 1, 6, 2016, '2016-08-12 19:55:08'),
	(1683, 72, 0, 0, 2, 2, 6, 2016, '2016-08-12 19:55:08'),
	(1684, 73, 0, 0, 2, 2, 6, 2016, '2016-08-12 19:55:08'),
	(1685, 74, 0, 0, 2, 2, 6, 2016, '2016-08-12 19:55:08'),
	(1686, 72, 0, 0, 2, 9, 6, 2016, '2016-08-12 19:55:08'),
	(1687, 73, 0, 0, 2, 9, 6, 2016, '2016-08-12 19:55:08'),
	(1688, 74, 0, 0, 2, 9, 6, 2016, '2016-08-12 19:55:08'),
	(1689, 72, 0, 0, 2, 3, 6, 2016, '2016-08-12 19:55:08'),
	(1690, 73, 0, 0, 2, 3, 6, 2016, '2016-08-12 19:55:08'),
	(1691, 74, 0, 0, 2, 3, 6, 2016, '2016-08-12 19:55:08'),
	(1692, 72, 0, 0, 2, 10, 6, 2016, '2016-08-12 19:55:08'),
	(1693, 73, 0, 0, 2, 10, 6, 2016, '2016-08-12 19:55:08'),
	(1694, 74, 0, 0, 2, 10, 6, 2016, '2016-08-12 19:55:08'),
	(1695, 72, 0, 0, 2, 5, 6, 2016, '2016-08-12 19:55:08'),
	(1696, 73, 0, 0, 2, 5, 6, 2016, '2016-08-12 19:55:08'),
	(1697, 74, 0, 0, 2, 5, 6, 2016, '2016-08-12 19:55:08'),
	(1698, 72, 0, 0, 2, 11, 6, 2016, '2016-08-12 19:55:08'),
	(1699, 73, 0, 0, 2, 11, 6, 2016, '2016-08-12 19:55:08'),
	(1700, 74, 0, 0, 2, 11, 6, 2016, '2016-08-12 19:55:08'),
	(1701, 72, 0, 0, 2, 12, 6, 2016, '2016-08-12 19:55:08'),
	(1702, 73, 0, 0, 2, 12, 6, 2016, '2016-08-12 19:55:08'),
	(1703, 74, 0, 0, 2, 12, 6, 2016, '2016-08-12 19:55:08'),
	(1704, 72, 2, 2, 2, 4, 6, 2016, '2016-08-12 19:55:08'),
	(1705, 73, 3, 3, 2, 4, 6, 2016, '2016-08-12 19:55:08'),
	(1706, 74, 1, 1, 2, 4, 6, 2016, '2016-08-12 19:55:08'),
	(1707, 72, 0, 0, 2, 6, 6, 2016, '2016-08-12 19:55:08'),
	(1708, 73, 0, 0, 2, 6, 6, 2016, '2016-08-12 19:55:08'),
	(1709, 74, 0, 0, 2, 6, 6, 2016, '2016-08-12 19:55:08'),
	(1710, 137, 0, 0, 2, 1, 5, 2016, '2016-08-12 19:55:08'),
	(1711, 138, 0, 0, 2, 1, 5, 2016, '2016-08-12 19:55:08'),
	(1712, 139, 0, 0, 2, 1, 5, 2016, '2016-08-12 19:55:08'),
	(1713, 140, 0, 0, 2, 1, 5, 2016, '2016-08-12 19:55:08'),
	(1714, 137, 0, 0, 2, 2, 5, 2016, '2016-08-12 19:55:08'),
	(1715, 138, 0, 0, 2, 2, 5, 2016, '2016-08-12 19:55:08'),
	(1716, 139, 0, 0, 2, 2, 5, 2016, '2016-08-12 19:55:08'),
	(1717, 140, 0, 0, 2, 2, 5, 2016, '2016-08-12 19:55:08'),
	(1718, 137, 0, 0, 2, 9, 5, 2016, '2016-08-12 19:55:08'),
	(1719, 138, 0, 0, 2, 9, 5, 2016, '2016-08-12 19:55:08'),
	(1720, 139, 0, 0, 2, 9, 5, 2016, '2016-08-12 19:55:08'),
	(1721, 140, 0, 0, 2, 9, 5, 2016, '2016-08-12 19:55:08'),
	(1722, 137, 215.61, 215.61, 2, 3, 5, 2016, '2016-08-12 19:55:08'),
	(1723, 138, 14.79, 14.79, 2, 3, 5, 2016, '2016-08-12 19:55:09'),
	(1724, 139, 0, 0, 2, 3, 5, 2016, '2016-08-12 19:55:09'),
	(1725, 140, 200.82, 200.82, 2, 3, 5, 2016, '2016-08-12 19:55:09'),
	(1726, 137, 0, 0, 2, 10, 5, 2016, '2016-08-12 19:55:09'),
	(1727, 138, 0, 0, 2, 10, 5, 2016, '2016-08-12 19:55:09'),
	(1728, 139, 0, 0, 2, 10, 5, 2016, '2016-08-12 19:55:09'),
	(1729, 140, 0, 0, 2, 10, 5, 2016, '2016-08-12 19:55:09'),
	(1730, 137, 233, 233, 2, 5, 5, 2016, '2016-08-12 19:55:09'),
	(1731, 138, 224, 224, 2, 5, 5, 2016, '2016-08-12 19:55:09'),
	(1732, 139, 0, 0, 2, 5, 5, 2016, '2016-08-12 19:55:09'),
	(1733, 140, 9, 9, 2, 5, 5, 2016, '2016-08-12 19:55:09'),
	(1734, 137, 0, 0, 2, 11, 5, 2016, '2016-08-12 19:55:09'),
	(1735, 138, 0, 0, 2, 11, 5, 2016, '2016-08-12 19:55:09'),
	(1736, 139, 0, 0, 2, 11, 5, 2016, '2016-08-12 19:55:09'),
	(1737, 140, 0, 0, 2, 11, 5, 2016, '2016-08-12 19:55:09'),
	(1738, 137, 0, 0, 2, 12, 5, 2016, '2016-08-12 19:55:09'),
	(1739, 138, 0, 0, 2, 12, 5, 2016, '2016-08-12 19:55:09'),
	(1740, 139, 0, 0, 2, 12, 5, 2016, '2016-08-12 19:55:09'),
	(1741, 140, 0, 0, 2, 12, 5, 2016, '2016-08-12 19:55:09'),
	(1742, 137, 932.54, 932.54, 2, 4, 5, 2016, '2016-08-12 19:55:09'),
	(1743, 138, 285.57, 285.57, 2, 4, 5, 2016, '2016-08-12 19:55:09'),
	(1744, 139, 143.83, 143.83, 2, 4, 5, 2016, '2016-08-12 19:55:09'),
	(1745, 140, 503.13, 503.13, 2, 4, 5, 2016, '2016-08-12 19:55:09'),
	(1746, 137, 0, 0, 2, 6, 5, 2016, '2016-08-12 19:55:09'),
	(1747, 138, 0, 0, 2, 6, 5, 2016, '2016-08-12 19:55:09'),
	(1748, 139, 0, 0, 2, 6, 5, 2016, '2016-08-12 19:55:09'),
	(1749, 140, 0, 0, 2, 6, 5, 2016, '2016-08-12 19:55:09'),
	(1750, 141, 11, 11, 4, 0, 3, 2014, '2016-08-12 20:02:59'),
	(1751, 142, 7, 7, 4, 0, 9, 2014, '2016-08-12 20:02:59'),
	(1752, 142, 5, 5, 4, 0, 7, 2014, '2016-08-12 20:02:59'),
	(1753, 141, 3, 3, 4, 1, 3, 2014, '2016-08-12 20:02:59'),
	(1754, 142, 0, 0, 4, 1, 9, 2014, '2016-08-12 20:02:59'),
	(1755, 142, 0, 0, 4, 1, 7, 2014, '2016-08-12 20:02:59'),
	(1756, 141, 1, 1, 4, 2, 3, 2014, '2016-08-12 20:02:59'),
	(1757, 142, 0, 0, 4, 2, 9, 2014, '2016-08-12 20:02:59'),
	(1758, 142, 0, 0, 4, 2, 7, 2014, '2016-08-12 20:02:59'),
	(1759, 141, 0, 0, 4, 9, 3, 2014, '2016-08-12 20:02:59'),
	(1760, 142, 0, 0, 4, 9, 9, 2014, '2016-08-12 20:02:59'),
	(1761, 142, 0, 0, 4, 9, 7, 2014, '2016-08-12 20:02:59'),
	(1762, 141, 3, 3, 4, 3, 3, 2014, '2016-08-12 20:02:59'),
	(1763, 142, 1, 1, 4, 3, 9, 2014, '2016-08-12 20:02:59'),
	(1764, 142, 1, 1, 4, 3, 7, 2014, '2016-08-12 20:02:59'),
	(1765, 141, 2, 2, 4, 10, 3, 2014, '2016-08-12 20:02:59'),
	(1766, 142, 0, 0, 4, 10, 9, 2014, '2016-08-12 20:02:59'),
	(1767, 142, 0, 0, 4, 10, 7, 2014, '2016-08-12 20:02:59'),
	(1768, 141, 0, 0, 4, 5, 3, 2014, '2016-08-12 20:02:59'),
	(1769, 142, 0, 0, 4, 5, 9, 2014, '2016-08-12 20:02:59'),
	(1770, 142, 0, 0, 4, 5, 7, 2014, '2016-08-12 20:02:59'),
	(1771, 141, 0, 0, 4, 11, 3, 2014, '2016-08-12 20:02:59'),
	(1772, 142, 0, 0, 4, 11, 9, 2014, '2016-08-12 20:02:59'),
	(1773, 142, 0, 0, 4, 11, 7, 2014, '2016-08-12 20:02:59'),
	(1774, 141, 0, 0, 4, 12, 3, 2014, '2016-08-12 20:02:59'),
	(1775, 142, 0, 0, 4, 12, 9, 2014, '2016-08-12 20:02:59'),
	(1776, 142, 0, 0, 4, 12, 7, 2014, '2016-08-12 20:02:59'),
	(1777, 141, 1, 1, 4, 4, 3, 2014, '2016-08-12 20:02:59'),
	(1778, 142, 1, 1, 4, 4, 9, 2014, '2016-08-12 20:02:59'),
	(1779, 142, 1, 1, 4, 4, 7, 2014, '2016-08-12 20:02:59'),
	(1780, 141, 1, 1, 4, 6, 3, 2014, '2016-08-12 20:02:59'),
	(1781, 142, 5, 5, 4, 6, 9, 2014, '2016-08-12 20:02:59'),
	(1782, 142, 3, 3, 4, 6, 7, 2014, '2016-08-12 20:02:59'),
	(1783, 141, 25, 25, 1, 0, 3, 2016, '2016-08-12 20:25:49'),
	(1784, 142, 27, 27, 1, 0, 9, 2016, '2016-08-12 20:25:49'),
	(1785, 142, 225, 225, 1, 0, 7, 2016, '2016-08-12 20:25:49'),
	(1786, 141, 8, 8, 1, 1, 3, 2016, '2016-08-12 20:25:49'),
	(1787, 142, 10, 10, 1, 1, 9, 2016, '2016-08-12 20:25:49'),
	(1788, 142, 105, 105, 1, 1, 7, 2016, '2016-08-12 20:25:49'),
	(1789, 141, 1, 1, 1, 2, 3, 2016, '2016-08-12 20:25:49'),
	(1790, 142, 1, 1, 1, 2, 9, 2016, '2016-08-12 20:25:49'),
	(1791, 142, 2, 2, 1, 2, 7, 2016, '2016-08-12 20:25:49'),
	(1792, 141, 0, 0, 1, 9, 3, 2016, '2016-08-12 20:25:49'),
	(1793, 142, 0, 0, 1, 9, 9, 2016, '2016-08-12 20:25:49'),
	(1794, 142, 0, 0, 1, 9, 7, 2016, '2016-08-12 20:25:49'),
	(1795, 141, 6, 6, 1, 3, 3, 2016, '2016-08-12 20:25:49'),
	(1796, 142, 6, 6, 1, 3, 9, 2016, '2016-08-12 20:25:49'),
	(1797, 142, 94, 94, 1, 3, 7, 2016, '2016-08-12 20:25:49'),
	(1798, 141, 2, 2, 1, 10, 3, 2016, '2016-08-12 20:25:49'),
	(1799, 142, 3, 3, 1, 10, 9, 2016, '2016-08-12 20:25:49'),
	(1800, 142, 91, 91, 1, 10, 7, 2016, '2016-08-12 20:25:49'),
	(1801, 141, 7, 7, 1, 5, 3, 2016, '2016-08-12 20:25:49'),
	(1802, 142, 2, 2, 1, 5, 9, 2016, '2016-08-12 20:25:49'),
	(1803, 142, 6, 6, 1, 5, 7, 2016, '2016-08-12 20:25:50'),
	(1804, 141, 2, 2, 1, 11, 3, 2016, '2016-08-12 20:25:50'),
	(1805, 142, 0, 0, 1, 11, 9, 2016, '2016-08-12 20:25:50'),
	(1806, 142, 0, 0, 1, 11, 7, 2016, '2016-08-12 20:25:50'),
	(1807, 141, 0, 0, 1, 12, 3, 2016, '2016-08-12 20:25:50'),
	(1808, 142, 0, 0, 1, 12, 9, 2016, '2016-08-12 20:25:50'),
	(1809, 142, 0, 0, 1, 12, 7, 2016, '2016-08-12 20:25:50'),
	(1810, 141, 3, 3, 1, 4, 3, 2016, '2016-08-12 20:25:50'),
	(1811, 142, 2, 2, 1, 4, 9, 2016, '2016-08-12 20:25:50'),
	(1812, 142, 3, 3, 1, 4, 7, 2016, '2016-08-12 20:25:50'),
	(1813, 141, 1, 1, 1, 6, 3, 2016, '2016-08-12 20:25:50'),
	(1814, 142, 7, 7, 1, 6, 9, 2016, '2016-08-12 20:25:50'),
	(1815, 142, 17, 17, 1, 6, 7, 2016, '2016-08-12 20:25:50'),
	(1816, 141, 71, 71, 2, 0, 3, 2016, '2016-08-12 20:25:57'),
	(1817, 142, 27, 27, 2, 0, 9, 2016, '2016-08-12 20:25:57'),
	(1818, 142, 101, 101, 2, 0, 7, 2016, '2016-08-12 20:25:57'),
	(1819, 141, 10, 10, 2, 1, 3, 2016, '2016-08-12 20:25:57'),
	(1820, 142, 5, 5, 2, 1, 9, 2016, '2016-08-12 20:25:57'),
	(1821, 142, 50, 50, 2, 1, 7, 2016, '2016-08-12 20:25:57'),
	(1822, 141, 5, 5, 2, 2, 3, 2016, '2016-08-12 20:25:57'),
	(1823, 142, 0, 0, 2, 2, 9, 2016, '2016-08-12 20:25:57'),
	(1824, 142, 0, 0, 2, 2, 7, 2016, '2016-08-12 20:25:57'),
	(1825, 141, 0, 0, 2, 9, 3, 2016, '2016-08-12 20:25:57'),
	(1826, 142, 0, 0, 2, 9, 9, 2016, '2016-08-12 20:25:57'),
	(1827, 142, 0, 0, 2, 9, 7, 2016, '2016-08-12 20:25:57'),
	(1828, 141, 18, 18, 2, 3, 3, 2016, '2016-08-12 20:25:57'),
	(1829, 142, 7, 7, 2, 3, 9, 2016, '2016-08-12 20:25:57'),
	(1830, 142, 22, 22, 2, 3, 7, 2016, '2016-08-12 20:25:57'),
	(1831, 141, 5, 5, 2, 10, 3, 2016, '2016-08-12 20:25:57'),
	(1832, 142, 0, 0, 2, 10, 9, 2016, '2016-08-12 20:25:57'),
	(1833, 142, 0, 0, 2, 10, 7, 2016, '2016-08-12 20:25:57'),
	(1834, 141, 20, 20, 2, 5, 3, 2016, '2016-08-12 20:25:57'),
	(1835, 142, 5, 5, 2, 5, 9, 2016, '2016-08-12 20:25:57'),
	(1836, 142, 14, 14, 2, 5, 7, 2016, '2016-08-12 20:25:57'),
	(1837, 141, 4, 4, 2, 11, 3, 2016, '2016-08-12 20:25:57'),
	(1838, 142, 0, 0, 2, 11, 9, 2016, '2016-08-12 20:25:57'),
	(1839, 142, 0, 0, 2, 11, 7, 2016, '2016-08-12 20:25:57'),
	(1840, 141, 0, 0, 2, 12, 3, 2016, '2016-08-12 20:25:57'),
	(1841, 142, 0, 0, 2, 12, 9, 2016, '2016-08-12 20:25:57'),
	(1842, 142, 0, 0, 2, 12, 7, 2016, '2016-08-12 20:25:57'),
	(1843, 141, 21, 21, 2, 4, 3, 2016, '2016-08-12 20:25:57'),
	(1844, 142, 0, 0, 2, 4, 9, 2016, '2016-08-12 20:25:57'),
	(1845, 142, 0, 0, 2, 4, 7, 2016, '2016-08-12 20:25:57'),
	(1846, 141, 2, 2, 2, 6, 3, 2016, '2016-08-12 20:25:57'),
	(1847, 142, 9, 9, 2, 6, 9, 2016, '2016-08-12 20:25:57'),
	(1848, 142, 15, 15, 2, 6, 7, 2016, '2016-08-12 20:25:57'),
	(1882, 112, 28, 28, 4, 0, 3, 2014, '2016-08-12 20:41:01'),
	(1883, 113, 375.83, 375.83, 4, 0, 1, 2014, '2016-08-12 20:41:01'),
	(1884, 114, 50.1, 50.1, 4, 0, 1, 2014, '2016-08-12 20:41:01'),
	(1885, 115, 77, 77, 4, 0, 3, 2014, '2016-08-12 20:41:01'),
	(1886, 116, 375.9, 375.9, 4, 0, 1, 2014, '2016-08-12 20:41:01'),
	(1887, 117, 50.1, 50.1, 4, 0, 1, 2014, '2016-08-12 20:41:01'),
	(1888, 118, 1771, 1771, 4, 0, 8, 2014, '2016-08-12 20:41:01'),
	(1889, 119, 154470, 154470, 4, 0, 8, 2014, '2016-08-12 20:41:01'),
	(1890, 120, 407.67, 407.67, 4, 0, 5, 2014, '2016-08-12 20:41:01'),
	(1891, 121, 1, 1, 4, 0, 3, 2014, '2016-08-12 20:41:01'),
	(1892, 122, 1, 1, 4, 0, 3, 2014, '2016-08-12 20:41:01'),
	(1893, 123, 2, 2, 4, 0, 3, 2014, '2016-08-12 20:41:01'),
	(1894, 124, 0.05, 0.05, 4, 0, 5, 2014, '2016-08-12 20:41:01'),
	(1895, 112, 1, 1, 4, 1, 3, 2014, '2016-08-12 20:41:01'),
	(1896, 112, 3.71, 3.71, 4, 1, 1, 2014, '2016-08-12 20:41:01'),
	(1897, 112, 1, 1, 4, 2, 3, 2014, '2016-08-12 20:41:01'),
	(1898, 112, 3.71, 3.71, 4, 2, 1, 2014, '2016-08-12 20:41:01'),
	(1899, 112, 0, 0, 4, 9, 3, 2014, '2016-08-12 20:41:01'),
	(1900, 112, 0, 0, 4, 9, 1, 2014, '2016-08-12 20:41:01'),
	(1901, 112, 23, 23, 4, 3, 3, 2014, '2016-08-12 20:41:01'),
	(1902, 112, 142.07, 142.07, 4, 3, 1, 2014, '2016-08-12 20:41:01'),
	(1903, 112, 7, 7, 4, 10, 3, 2014, '2016-08-12 20:41:01'),
	(1904, 112, -2.46, -2.46, 4, 10, 1, 2014, '2016-08-12 20:41:01'),
	(1905, 112, 0, 0, 4, 5, 3, 2014, '2016-08-12 20:41:01'),
	(1906, 112, -66.78, -66.78, 4, 5, 1, 2014, '2016-08-12 20:41:01'),
	(1907, 112, 2, 2, 4, 11, 3, 2014, '2016-08-12 20:41:01'),
	(1908, 112, -21.9, -21.9, 4, 11, 1, 2014, '2016-08-12 20:41:01'),
	(1909, 112, 0, 0, 4, 12, 3, 2014, '2016-08-12 20:41:01'),
	(1910, 112, 0, 0, 4, 12, 1, 2014, '2016-08-12 20:41:01'),
	(1911, 112, 1, 1, 4, 4, 3, 2014, '2016-08-12 20:41:01'),
	(1912, 112, 0.13, 0.13, 4, 4, 1, 2014, '2016-08-12 20:41:01'),
	(1913, 112, 0, 0, 4, 6, 3, 2014, '2016-08-12 20:41:01'),
	(1914, 112, -0.12, -0.12, 4, 6, 1, 2014, '2016-08-12 20:41:01'),
	(1915, 112, 83, 83, 1, 0, 3, 2015, '2016-08-12 20:45:32'),
	(1916, 113, 236.08, 236.08, 1, 0, 1, 2015, '2016-08-12 20:45:33'),
	(1917, 114, 70.67, 70.67, 1, 0, 1, 2015, '2016-08-12 20:45:33'),
	(1918, 115, 3, 3, 1, 0, 3, 2015, '2016-08-12 20:45:33'),
	(1919, 116, 177.89, 177.89, 1, 0, 1, 2015, '2016-08-12 20:45:33'),
	(1920, 117, 62.4, 62.4, 1, 0, 1, 2015, '2016-08-12 20:45:33'),
	(1921, 118, 8466, 8466, 1, 0, 8, 2015, '2016-08-12 20:45:33'),
	(1922, 119, 11639, 11639, 1, 0, 8, 2015, '2016-08-12 20:45:33'),
	(1923, 120, 556.91, 556.91, 1, 0, 5, 2015, '2016-08-12 20:45:33'),
	(1924, 121, 0, 0, 1, 0, 3, 2015, '2016-08-12 20:45:33'),
	(1925, 122, 0, 0, 1, 0, 3, 2015, '2016-08-12 20:45:33'),
	(1926, 123, 0, 0, 1, 0, 3, 2015, '2016-08-12 20:45:33'),
	(1927, 124, 0, 0, 1, 0, 5, 2015, '2016-08-12 20:45:33'),
	(1928, 112, 16, 16, 1, 1, 3, 2015, '2016-08-12 20:45:33'),
	(1929, 112, 8.85, 8.85, 1, 1, 1, 2015, '2016-08-12 20:45:33'),
	(1930, 112, 16, 16, 1, 2, 3, 2015, '2016-08-12 20:45:33'),
	(1931, 112, 8.85, 8.85, 1, 2, 1, 2015, '2016-08-12 20:45:33'),
	(1932, 112, 0, 0, 1, 9, 3, 2015, '2016-08-12 20:45:33'),
	(1933, 112, 0, 0, 1, 9, 1, 2015, '2016-08-12 20:45:33'),
	(1934, 112, 51, 51, 1, 3, 3, 2015, '2016-08-12 20:45:33'),
	(1935, 112, 169.05, 169.05, 1, 3, 1, 2015, '2016-08-12 20:45:33'),
	(1936, 112, 9, 9, 1, 10, 3, 2015, '2016-08-12 20:45:33'),
	(1937, 112, 31.35, 31.35, 1, 10, 1, 2015, '2016-08-12 20:45:33'),
	(1938, 112, 3, 3, 1, 5, 3, 2015, '2016-08-12 20:45:33'),
	(1939, 112, 6.9, 6.9, 1, 5, 1, 2015, '2016-08-12 20:45:33'),
	(1940, 112, 3, 3, 1, 11, 3, 2015, '2016-08-12 20:45:33'),
	(1941, 112, 6.9, 6.9, 1, 11, 1, 2015, '2016-08-12 20:45:33'),
	(1942, 112, 0, 0, 1, 12, 3, 2015, '2016-08-12 20:45:33'),
	(1943, 112, 0, 0, 1, 12, 1, 2015, '2016-08-12 20:45:33'),
	(1944, 112, 5, 5, 1, 4, 3, 2015, '2016-08-12 20:45:33'),
	(1945, 112, 13.65, 13.65, 1, 4, 1, 2015, '2016-08-12 20:45:33'),
	(1946, 112, 8, 8, 1, 6, 3, 2015, '2016-08-12 20:45:33'),
	(1947, 112, 37.65, 37.65, 1, 6, 1, 2015, '2016-08-12 20:45:33'),
	(1948, 112, 49, 49, 2, 0, 3, 2015, '2016-08-12 20:45:43'),
	(1949, 113, 109.97, 109.97, 2, 0, 1, 2015, '2016-08-12 20:45:43'),
	(1950, 114, 34.93, 34.93, 2, 0, 1, 2015, '2016-08-12 20:45:43'),
	(1951, 115, 4, 4, 2, 0, 3, 2015, '2016-08-12 20:45:43'),
	(1952, 116, 102.01, 102.01, 2, 0, 1, 2015, '2016-08-12 20:45:43'),
	(1953, 117, 35.1, 35.1, 2, 0, 1, 2015, '2016-08-12 20:45:43'),
	(1954, 118, 10781, 10781, 2, 0, 8, 2015, '2016-08-12 20:45:43'),
	(1955, 119, -11395.76, -11395.76, 2, 0, 8, 2015, '2016-08-12 20:45:43'),
	(1956, 120, 385.22, 385.22, 2, 0, 5, 2015, '2016-08-12 20:45:43'),
	(1957, 121, 6, 6, 2, 0, 3, 2015, '2016-08-12 20:45:43'),
	(1958, 122, 6, 6, 2, 0, 3, 2015, '2016-08-12 20:45:43'),
	(1959, 123, 0, 0, 2, 0, 3, 2015, '2016-08-12 20:45:43'),
	(1960, 124, 12711.37, 12711.37, 2, 0, 5, 2015, '2016-08-12 20:45:43'),
	(1961, 112, 12, 12, 2, 1, 3, 2015, '2016-08-12 20:45:43'),
	(1962, 112, 23.92, 23.92, 2, 1, 1, 2015, '2016-08-12 20:45:43'),
	(1963, 112, 12, 12, 2, 2, 3, 2015, '2016-08-12 20:45:43'),
	(1964, 112, 23.92, 23.92, 2, 2, 1, 2015, '2016-08-12 20:45:43'),
	(1965, 112, 0, 0, 2, 9, 3, 2015, '2016-08-12 20:45:43'),
	(1966, 112, 0, 0, 2, 9, 1, 2015, '2016-08-12 20:45:43'),
	(1967, 112, 1, 1, 2, 3, 3, 2015, '2016-08-12 20:45:43'),
	(1968, 112, 9.23, 9.23, 2, 3, 1, 2015, '2016-08-12 20:45:43'),
	(1969, 112, 0, 0, 2, 10, 3, 2015, '2016-08-12 20:45:43'),
	(1970, 112, 0, 0, 2, 10, 1, 2015, '2016-08-12 20:45:43'),
	(1971, 112, 15, 15, 2, 5, 3, 2015, '2016-08-12 20:45:43'),
	(1972, 112, 23.4, 23.4, 2, 5, 1, 2015, '2016-08-12 20:45:43'),
	(1973, 112, 9, 9, 2, 11, 3, 2015, '2016-08-12 20:45:43'),
	(1974, 112, 16.16, 16.16, 2, 11, 1, 2015, '2016-08-12 20:45:43'),
	(1975, 112, 0, 0, 2, 12, 3, 2015, '2016-08-12 20:45:43'),
	(1976, 112, 0, 0, 2, 12, 1, 2015, '2016-08-12 20:45:43'),
	(1977, 112, 21, 21, 2, 4, 3, 2015, '2016-08-12 20:45:43'),
	(1978, 112, 53.44, 53.44, 2, 4, 1, 2015, '2016-08-12 20:45:43'),
	(1979, 112, 0, 0, 2, 6, 3, 2015, '2016-08-12 20:45:43'),
	(1980, 112, -35.14, -35.14, 2, 6, 1, 2015, '2016-08-12 20:45:43'),
	(1981, 112, 7, 7, 3, 0, 3, 2015, '2016-08-12 20:45:49'),
	(1982, 113, 14.76, 14.76, 3, 0, 1, 2015, '2016-08-12 20:45:49'),
	(1983, 114, 13.13, 13.13, 3, 0, 1, 2015, '2016-08-12 20:45:49'),
	(1984, 115, 0, 0, 3, 0, 3, 2015, '2016-08-12 20:45:49'),
	(1985, 116, 32.91, 32.91, 3, 0, 1, 2015, '2016-08-12 20:45:49'),
	(1986, 117, 13.14, 13.14, 3, 0, 1, 2015, '2016-08-12 20:45:49'),
	(1987, 118, -18922.01, -18922.01, 3, 0, 8, 2015, '2016-08-12 20:45:49'),
	(1988, 119, 4.04, 4.04, 3, 0, 8, 2015, '2016-08-12 20:45:49'),
	(1989, 120, 686.67, 686.67, 3, 0, 5, 2015, '2016-08-12 20:45:49'),
	(1990, 121, 2, 2, 3, 0, 3, 2015, '2016-08-12 20:45:49'),
	(1991, 122, 2, 2, 3, 0, 3, 2015, '2016-08-12 20:45:49'),
	(1992, 123, 4, 4, 3, 0, 3, 2015, '2016-08-12 20:45:49'),
	(1993, 124, 52.31, 52.31, 3, 0, 5, 2015, '2016-08-12 20:45:49'),
	(1994, 112, 0, 0, 3, 1, 3, 2015, '2016-08-12 20:45:49'),
	(1995, 112, 0, 0, 3, 1, 1, 2015, '2016-08-12 20:45:49'),
	(1996, 112, 0, 0, 3, 2, 3, 2015, '2016-08-12 20:45:49'),
	(1997, 112, 0, 0, 3, 2, 1, 2015, '2016-08-12 20:45:49'),
	(1998, 112, 0, 0, 3, 9, 3, 2015, '2016-08-12 20:45:49'),
	(1999, 112, 0, 0, 3, 9, 1, 2015, '2016-08-12 20:45:49'),
	(2000, 112, 1, 1, 3, 3, 3, 2015, '2016-08-12 20:45:49'),
	(2001, 112, 0.31, 0.31, 3, 3, 1, 2015, '2016-08-12 20:45:49'),
	(2002, 112, 0, 0, 3, 10, 3, 2015, '2016-08-12 20:45:49'),
	(2003, 112, 0, 0, 3, 10, 1, 2015, '2016-08-12 20:45:49'),
	(2004, 112, 1, 1, 3, 5, 3, 2015, '2016-08-12 20:45:49'),
	(2005, 112, 4.04, 4.04, 3, 5, 1, 2015, '2016-08-12 20:45:49'),
	(2006, 112, 1, 1, 3, 11, 3, 2015, '2016-08-12 20:45:49'),
	(2007, 112, 4.04, 4.04, 3, 11, 1, 2015, '2016-08-12 20:45:49'),
	(2008, 112, 0, 0, 3, 12, 3, 2015, '2016-08-12 20:45:49'),
	(2009, 112, 0, 0, 3, 12, 1, 2015, '2016-08-12 20:45:49'),
	(2010, 112, 0, 0, 3, 4, 3, 2015, '2016-08-12 20:45:49'),
	(2011, 112, 0, 0, 3, 4, 1, 2015, '2016-08-12 20:45:49'),
	(2012, 112, 5, 5, 3, 6, 3, 2015, '2016-08-12 20:45:49'),
	(2013, 112, 45.57, 45.57, 3, 6, 1, 2015, '2016-08-12 20:45:49'),
	(2014, 112, 11, 11, 4, 0, 3, 2015, '2016-08-12 20:45:57'),
	(2015, 113, -331.14, -331.14, 4, 0, 1, 2015, '2016-08-12 20:45:57'),
	(2016, 114, -110.17, -110.17, 4, 0, 1, 2015, '2016-08-12 20:45:57'),
	(2017, 115, 107, 107, 4, 0, 3, 2015, '2016-08-12 20:45:57'),
	(2018, 116, -286.65, -286.65, 4, 0, 1, 2015, '2016-08-12 20:45:57'),
	(2019, 117, -102.61, -102.61, 4, 0, 1, 2015, '2016-08-12 20:45:57'),
	(2020, 118, 78176.01, 78176.01, 4, 0, 8, 2015, '2016-08-12 20:45:57'),
	(2021, 119, 29613.72, 29613.72, 4, 0, 8, 2015, '2016-08-12 20:45:57'),
	(2022, 120, -419.61, -419.61, 4, 0, 5, 2015, '2016-08-12 20:45:57'),
	(2023, 121, 8, 8, 4, 0, 3, 2015, '2016-08-12 20:45:57'),
	(2024, 122, 8, 8, 4, 0, 3, 2015, '2016-08-12 20:45:57'),
	(2025, 123, 3, 3, 4, 0, 3, 2015, '2016-08-12 20:45:57'),
	(2026, 124, 11.27, 11.27, 4, 0, 5, 2015, '2016-08-12 20:45:57'),
	(2027, 112, 0, 0, 4, 1, 3, 2015, '2016-08-12 20:45:57'),
	(2028, 112, 0, 0, 4, 1, 1, 2015, '2016-08-12 20:45:57'),
	(2029, 112, 0, 0, 4, 2, 3, 2015, '2016-08-12 20:45:57'),
	(2030, 112, 0, 0, 4, 2, 1, 2015, '2016-08-12 20:45:57'),
	(2031, 112, 0, 0, 4, 9, 3, 2015, '2016-08-12 20:45:57'),
	(2032, 112, 0, 0, 4, 9, 1, 2015, '2016-08-12 20:45:57'),
	(2033, 112, -23, -23, 4, 3, 3, 2015, '2016-08-12 20:45:57'),
	(2034, 112, -29.25, -29.25, 4, 3, 1, 2015, '2016-08-12 20:45:57'),
	(2035, 112, 1, 1, 4, 10, 3, 2015, '2016-08-12 20:45:57'),
	(2036, 112, 0.84, 0.84, 4, 10, 1, 2015, '2016-08-12 20:45:57'),
	(2037, 112, 1, 1, 4, 5, 3, 2015, '2016-08-12 20:45:57'),
	(2038, 112, 24.38, 24.38, 4, 5, 1, 2015, '2016-08-12 20:45:57'),
	(2039, 112, 1, 1, 4, 11, 3, 2015, '2016-08-12 20:45:57'),
	(2040, 112, 24.33, 24.33, 4, 11, 1, 2015, '2016-08-12 20:45:57'),
	(2041, 112, 0, 0, 4, 12, 3, 2015, '2016-08-12 20:45:57'),
	(2042, 112, 0, 0, 4, 12, 1, 2015, '2016-08-12 20:45:57'),
	(2043, 112, 0, 0, 4, 4, 3, 2015, '2016-08-12 20:45:57'),
	(2044, 112, 0, 0, 4, 4, 1, 2015, '2016-08-12 20:45:57'),
	(2045, 112, 1, 1, 4, 6, 3, 2015, '2016-08-12 20:45:57'),
	(2046, 112, 1.24, 1.24, 4, 6, 1, 2015, '2016-08-12 20:45:57'),
	(2047, 112, 38, 38, 1, 0, 3, 2016, '2016-08-12 20:46:09'),
	(2048, 113, 94.05, 94.05, 1, 0, 1, 2016, '2016-08-12 20:46:09'),
	(2049, 114, 29.7, 29.7, 1, 0, 1, 2016, '2016-08-12 20:46:09'),
	(2050, 115, 27, 27, 1, 0, 3, 2016, '2016-08-12 20:46:09'),
	(2051, 116, 48.75, 48.75, 1, 0, 1, 2016, '2016-08-12 20:46:09'),
	(2052, 117, 28.35, 28.35, 1, 0, 1, 2016, '2016-08-12 20:46:09'),
	(2053, 118, 23628, 23628, 1, 0, 8, 2016, '2016-08-12 20:46:09'),
	(2054, 119, 1492, 1492, 1, 0, 8, 2016, '2016-08-12 20:46:09'),
	(2055, 120, 200.67, 200.67, 1, 0, 5, 2016, '2016-08-12 20:46:09'),
	(2056, 121, 3, 3, 1, 0, 3, 2016, '2016-08-12 20:46:09'),
	(2057, 122, 3, 3, 1, 0, 3, 2016, '2016-08-12 20:46:09'),
	(2058, 123, 1, 1, 1, 0, 3, 2016, '2016-08-12 20:46:09'),
	(2059, 124, 0, 0, 1, 0, 5, 2016, '2016-08-12 20:46:09'),
	(2060, 112, 7, 7, 1, 1, 3, 2016, '2016-08-12 20:46:09'),
	(2061, 112, 14.73, 14.73, 1, 1, 1, 2016, '2016-08-12 20:46:09'),
	(2062, 112, 7, 7, 1, 2, 3, 2016, '2016-08-12 20:46:09'),
	(2063, 112, 14.73, 14.73, 1, 2, 1, 2016, '2016-08-12 20:46:09'),
	(2064, 112, 0, 0, 1, 9, 3, 2016, '2016-08-12 20:46:09'),
	(2065, 112, 0, 0, 1, 9, 1, 2016, '2016-08-12 20:46:09'),
	(2066, 112, 21, 21, 1, 3, 3, 2016, '2016-08-12 20:46:09'),
	(2067, 112, 32.07, 32.07, 1, 3, 1, 2016, '2016-08-12 20:46:09'),
	(2068, 112, 4, 4, 1, 10, 3, 2016, '2016-08-12 20:46:09'),
	(2069, 112, 5.2, 5.2, 1, 10, 1, 2016, '2016-08-12 20:46:09'),
	(2070, 112, 1, 1, 1, 5, 3, 2016, '2016-08-12 20:46:10'),
	(2071, 112, 1.99, 1.99, 1, 5, 1, 2016, '2016-08-12 20:46:10'),
	(2072, 112, 0, 0, 1, 11, 3, 2016, '2016-08-12 20:46:10'),
	(2073, 112, 0, 0, 1, 11, 1, 2016, '2016-08-12 20:46:10'),
	(2074, 112, 0, 0, 1, 12, 3, 2016, '2016-08-12 20:46:10'),
	(2075, 112, 0, 0, 1, 12, 1, 2016, '2016-08-12 20:46:10'),
	(2076, 112, 8, 8, 1, 4, 3, 2016, '2016-08-12 20:46:10'),
	(2077, 112, 41.86, 41.86, 1, 4, 1, 2016, '2016-08-12 20:46:10'),
	(2078, 112, 1, 1, 1, 6, 3, 2016, '2016-08-12 20:46:10'),
	(2079, 112, 3.4, 3.4, 1, 6, 1, 2016, '2016-08-12 20:46:10'),
	(2080, 112, 22, 22, 2, 0, 3, 2016, '2016-08-12 20:46:15'),
	(2081, 113, 62.55, 62.55, 2, 0, 1, 2016, '2016-08-12 20:46:15'),
	(2082, 114, 45.45, 45.45, 2, 0, 1, 2016, '2016-08-12 20:46:15'),
	(2083, 115, 3, 3, 2, 0, 3, 2016, '2016-08-12 20:46:15'),
	(2084, 116, 80.4, 80.4, 2, 0, 1, 2016, '2016-08-12 20:46:15'),
	(2085, 117, 44.4, 44.4, 2, 0, 1, 2016, '2016-08-12 20:46:15'),
	(2086, 118, 2669, 2669, 2, 0, 8, 2016, '2016-08-12 20:46:15'),
	(2087, 119, 25425, 25425, 2, 0, 8, 2016, '2016-08-12 20:46:15'),
	(2088, 120, 108.53, 108.53, 2, 0, 5, 2016, '2016-08-12 20:46:15'),
	(2089, 121, 0, 0, 2, 0, 3, 2016, '2016-08-12 20:46:15'),
	(2090, 122, 0, 0, 2, 0, 3, 2016, '2016-08-12 20:46:15'),
	(2091, 123, 1, 1, 2, 0, 3, 2016, '2016-08-12 20:46:15'),
	(2092, 124, 156.5, 156.5, 2, 0, 5, 2016, '2016-08-12 20:46:15'),
	(2093, 112, 4, 4, 2, 1, 3, 2016, '2016-08-12 20:46:15'),
	(2094, 112, 21.8, 21.8, 2, 1, 1, 2016, '2016-08-12 20:46:15'),
	(2095, 112, 4, 4, 2, 2, 3, 2016, '2016-08-12 20:46:15'),
	(2096, 112, 21.8, 21.8, 2, 2, 1, 2016, '2016-08-12 20:46:15'),
	(2097, 112, 0, 0, 2, 9, 3, 2016, '2016-08-12 20:46:15'),
	(2098, 112, 0, 0, 2, 9, 1, 2016, '2016-08-12 20:46:15'),
	(2099, 112, 4, 4, 2, 3, 3, 2016, '2016-08-12 20:46:15'),
	(2100, 112, 11.39, 11.39, 2, 3, 1, 2016, '2016-08-12 20:46:15'),
	(2101, 112, 0, 0, 2, 10, 3, 2016, '2016-08-12 20:46:15'),
	(2102, 112, 0, 0, 2, 10, 1, 2016, '2016-08-12 20:46:15'),
	(2103, 112, 13, 13, 2, 5, 3, 2016, '2016-08-12 20:46:15'),
	(2104, 112, 26.22, 26.22, 2, 5, 1, 2016, '2016-08-12 20:46:15'),
	(2105, 112, 11, 11, 2, 11, 3, 2016, '2016-08-12 20:46:15'),
	(2106, 112, 24.25, 24.25, 2, 11, 1, 2016, '2016-08-12 20:46:15'),
	(2107, 112, 0, 0, 2, 12, 3, 2016, '2016-08-12 20:46:15'),
	(2108, 112, 0, 0, 2, 12, 1, 2016, '2016-08-12 20:46:15'),
	(2109, 112, 1, 1, 2, 4, 3, 2016, '2016-08-12 20:46:15'),
	(2110, 112, 4.2, 4.2, 2, 4, 1, 2016, '2016-08-12 20:46:15'),
	(2111, 112, 0, 0, 2, 6, 3, 2016, '2016-08-12 20:46:15'),
	(2112, 112, 0, 0, 2, 6, 1, 2016, '2016-08-12 20:46:15'),
	(2113, 1, 1224, 1224, 3, 0, 1, 2016, '2016-08-15 15:15:19'),
	(2114, 3, 1223122, 1223122, 3, 0, 1, 2016, '2016-08-15 15:14:26');
/*!40000 ALTER TABLE `node_value` ENABLE KEYS */;

-- 导出  表 zhoushanland.season 结构
CREATE TABLE IF NOT EXISTS `season` (
  `ID` int(11) NOT NULL AUTO_INCREMENT,
  `Quarter` int(11) NOT NULL DEFAULT '0',
  `StartTime` datetime NOT NULL,
  `Year` int(11) NOT NULL,
  `EndTime` datetime NOT NULL,
  `SetTime` datetime NOT NULL,
  `Delete` bit(3) NOT NULL DEFAULT b'0',
  PRIMARY KEY (`ID`)
) ENGINE=InnoDB AUTO_INCREMENT=5 DEFAULT CHARSET=utf8;

-- 正在导出表  zhoushanland.season 的数据：~4 rows (大约)
DELETE FROM `season`;
/*!40000 ALTER TABLE `season` DISABLE KEYS */;
INSERT INTO `season` (`ID`, `Quarter`, `StartTime`, `Year`, `EndTime`, `SetTime`, `Delete`) VALUES
	(1, 1, '2016-01-01 00:00:00', 0, '2016-03-01 00:00:00', '2016-07-30 21:14:23', b'001'),
	(2, 2, '2016-03-01 00:00:00', 2016, '2016-04-29 00:00:00', '2016-08-01 15:34:41', b'000'),
	(3, 3, '2016-06-01 00:00:00', 2016, '2016-08-30 00:00:00', '2016-08-01 15:34:47', b'000'),
	(4, 4, '2016-11-02 00:00:00', 2016, '2016-12-30 00:00:00', '2016-08-01 15:34:51', b'000');
/*!40000 ALTER TABLE `season` ENABLE KEYS */;

-- 导出  表 zhoushanland.user 结构
CREATE TABLE IF NOT EXISTS `user` (
  `ID` int(11) NOT NULL AUTO_INCREMENT,
  `Username` varchar(50) NOT NULL,
  `Password` varchar(50) NOT NULL,
  `Role` int(11) NOT NULL,
  `Name` varchar(50) DEFAULT NULL,
  `Deleted` bit(1) NOT NULL,
  `LastLoginTime` datetime DEFAULT NULL,
  `AreaIDs` varchar(50) DEFAULT NULL,
  `FormIds` varchar(50) DEFAULT NULL,
  PRIMARY KEY (`ID`),
  KEY `Username` (`Username`)
) ENGINE=InnoDB AUTO_INCREMENT=10 DEFAULT CHARSET=utf8;

-- 正在导出表  zhoushanland.user 的数据：~7 rows (大约)
DELETE FROM `user`;
/*!40000 ALTER TABLE `user` DISABLE KEYS */;
INSERT INTO `user` (`ID`, `Username`, `Password`, `Role`, `Name`, `Deleted`, `LastLoginTime`, `AreaIDs`, `FormIds`) VALUES
	(1, 'admin', '202cb962ac59075b964b07152d234b70', 4, 'admin', b'0', '2016-08-17 15:20:41', NULL, NULL),
	(3, 'loowootech', '202cb962ac59075b964b07152d234b70', 4, 'loowootech', b'0', NULL, NULL, NULL),
	(4, 'ty', '202cb962ac59075b964b07152d234b70', 3, '唐尧', b'0', NULL, NULL, NULL),
	(5, 'zq', '202cb962ac59075b964b07152d234b70', 2, '赵泉', b'0', NULL, '1', '2,4'),
	(6, 'zwj', '202cb962ac59075b964b07152d234b70', 1, '周威俊', b'0', NULL, '6', NULL),
	(7, 'xc', '202cb962ac59075b964b07152d234b70', 1, '新城', b'0', NULL, '2,3,6', NULL),
	(8, 'dhgh', '68053af2923e00204c3ca7c6a3150cf7', 1, 'dhhhhhhhhhhhhhhhhh', b'0', NULL, '3', '6,8'),
	(9, 'wjl', '202cb962ac59075b964b07152d234b70', 1, '汪建龙', b'0', '2016-08-17 15:16:00', '2', '1,2,3,4');
/*!40000 ALTER TABLE `user` ENABLE KEYS */;

-- 导出  表 zhoushanland.value_type 结构
CREATE TABLE IF NOT EXISTS `value_type` (
  `ID` int(11) NOT NULL AUTO_INCREMENT,
  `Name` varchar(50) NOT NULL DEFAULT '0',
  `Units` varchar(255) NOT NULL,
  `Ratio` int(11) NOT NULL,
  PRIMARY KEY (`ID`)
) ENGINE=InnoDB AUTO_INCREMENT=10 DEFAULT CHARSET=utf8;

-- 正在导出表  zhoushanland.value_type 的数据：~8 rows (大约)
DELETE FROM `value_type`;
/*!40000 ALTER TABLE `value_type` DISABLE KEYS */;
INSERT INTO `value_type` (`ID`, `Name`, `Units`, `Ratio`) VALUES
	(1, '面积', '亩,公顷', 1000),
	(3, '件数', '件', 0),
	(4, '宗数', '宗', 0),
	(5, '费用', '万元,亿元', 10000),
	(6, '个数', '个', 0),
	(7, '人数', '人', 0),
	(8, '面积', '平方米', 0),
	(9, '批次', '次', 0);
/*!40000 ALTER TABLE `value_type` ENABLE KEYS */;

/*!40101 SET SQL_MODE=IFNULL(@OLD_SQL_MODE, '') */;
/*!40014 SET FOREIGN_KEY_CHECKS=IF(@OLD_FOREIGN_KEY_CHECKS IS NULL, 1, @OLD_FOREIGN_KEY_CHECKS) */;
/*!40101 SET CHARACTER_SET_CLIENT=@OLD_CHARACTER_SET_CLIENT */;



-- 导出  表 zhoushanland.trend_template 结构
DROP TABLE IF EXISTS `trend_template`;
CREATE TABLE IF NOT EXISTS `trend_template` (
  `ID` int(11) NOT NULL AUTO_INCREMENT,
  `Name` varchar(50) NOT NULL,
  `FilePath` varchar(50) NOT NULL,
  PRIMARY KEY (`ID`)
) ENGINE=InnoDB AUTO_INCREMENT=4 DEFAULT CHARSET=utf8;

-- 正在导出表  zhoushanland.trend_template 的数据：~0 rows (大约)
/*!40000 ALTER TABLE `trend_template` DISABLE KEYS */;
INSERT INTO `trend_template` (`ID`, `Name`, `FilePath`) VALUES
	(1, '建设用地预审.xls', '建设用地预审.xls'),
	(2, '各土地应用变化.xls', '各土地应用变化.xls'),
	(3, '信访情况.xls', '信访情况.xls');
/*!40000 ALTER TABLE `trend_template` ENABLE KEYS */;

